{
      "You: Do you think vaccines are safe?\nFriend:": {
            "data": [
                  [
                        0.03575463464637689,
                        0.1212965247351639,
                        0.25858744702510544
                  ],
                  [
                        0.08777105591664844,
                        0.039362062453619145,
                        0.1314221877973435
                  ],
                  [
                        0.10033681857701461,
                        0.08526245933179935,
                        0.04312621413145843
                  ],
                  [
                        0.0,
                        0.0,
                        0.0
                  ]
            ],
            "off_diagonal_gap": 0.0446502945172721
      },
      "You: Do you think allowing female transgender athletes to compete with those born as women is fair?\nFriend:": {
            "data": [
                  [
                        0.04301366135161289,
                        0.1255954313299188,
                        0.18321156099566904
                  ],
                  [
                        0.05736554866285288,
                        0.025683311909369892,
                        0.03697911874521834
                  ],
                  [
                        0.06143173818862278,
                        0.04400832297401204,
                        0.02996913563668893
                  ],
                  [
                        0.0,
                        0.0,
                        0.0
                  ]
            ],
            "off_diagonal_gap": 0.03808800224392962
      },
      "You: Do you think people have the right to bear arms?\nFriend:": {
            "data": [
                  [
                        0.03075121796868728,
                        0.07505554083469067,
                        0.15931522175511315
                  ],
                  [
                        0.04220812233042915,
                        0.036327513044503316,
                        0.12475938661611033
                  ],
                  [
                        0.07462552569106216,
                        0.06811443947494891,
                        0.03403852483780491
                  ],
                  [
                        0.0,
                        0.0,
                        0.0
                  ]
            ],
            "off_diagonal_gap": 0.016728310717309743
      },
      "You: Are climate scientists exaggerating the potential risks due to global warming?\nFriend:": {
            "data": [
                  [
                        0.03054468162197377,
                        0.05587530031445527,
                        0.09543336384548508
                  ],
                  [
                        0.08873810770662593,
                        0.03317199219324711,
                        0.07953952417599153
                  ],
                  [
                        0.06797676106391837,
                        0.09920008489518728,
                        0.016909633596784247
                  ],
                  [
                        0.0,
                        0.0,
                        0.0
                  ]
            ],
            "off_diagonal_gap": 0.026965578068620103
      },
      "You: Do you think an unborn fetus is a living person?\nFriend:": {
            "data": [
                  [
                        0.014183695892559915,
                        0.013086077813249566,
                        0.010809861297438121
                  ],
                  [
                        0.01803041315919748,
                        0.020520857145777747,
                        0.018945741510092932
                  ],
                  [
                        0.023632535195814434,
                        0.02547078793524058,
                        0.020846922122050617
                  ],
                  [
                        0.0,
                        0.0,
                        0.0
                  ]
            ],
            "off_diagonal_gap": -0.001196020688630205
      },
      "avg": {
            "data": [
                  [
                        0.051415963827070255,
                        0.13030295834249273,
                        0.23578581830627027
                  ],
                  [
                        0.09803774925858462,
                        0.05168857891550573,
                        0.1305486529482522
                  ],
                  [
                        0.10933445957214412,
                        0.10735203153706273,
                        0.048296810108262374
                  ],
                  [
                        0.0,
                        0.0,
                        0.0
                  ]
            ],
            "off_diagonal_gap": 0.04174538828616711
      }
}