{
      "You: Do you think vaccines are safe?\nFriend:": {
            "data": [
                  [
                        0.03399431447563078,
                        0.05790380567636465,
                        0.13137064056404474
                  ],
                  [
                        0.05174070576285143,
                        0.025585408476861436,
                        0.07389166035220837
                  ],
                  [
                        0.12501733500621812,
                        0.07930090206979742,
                        0.04312621413145843
                  ],
                  [
                        0.0,
                        0.0,
                        0.0
                  ]
            ],
            "off_diagonal_gap": 0.01668826282890795
      },
      "You: Do you think allowing female transgender athletes to compete with those born as women is fair?\nFriend:": {
            "data": [
                  [
                        0.040522212216252115,
                        0.10341657638612547,
                        0.1608020061238272
                  ],
                  [
                        0.05814381715920777,
                        0.03964114693983903,
                        0.10152384319760138
                  ],
                  [
                        0.06433741273080945,
                        0.05962520344781006,
                        0.02996913563668893
                  ],
                  [
                        0.0,
                        0.0,
                        0.0
                  ]
            ],
            "off_diagonal_gap": 0.027132344796414035
      },
      "You: Do you think people have the right to bear arms?\nFriend:": {
            "data": [
                  [
                        0.026227520812038,
                        0.07003545450012519,
                        0.17181605314885928
                  ],
                  [
                        0.12146526509291102,
                        0.03782435488274092,
                        0.12332807586493956
                  ],
                  [
                        0.08553092416846621,
                        0.09233485481292865,
                        0.03403852483780491
                  ],
                  [
                        0.0,
                        0.0,
                        0.0
                  ]
            ],
            "off_diagonal_gap": 0.04248294796608577
      },
      "You: Are climate scientists exaggerating the potential risks due to global warming?\nFriend:": {
            "data": [
                  [
                        0.04088228816167708,
                        0.17802141955224243,
                        0.2847870705114279
                  ],
                  [
                        0.11111554973201415,
                        0.03333021214963732,
                        0.11002151703351151
                  ],
                  [
                        0.1085016134415934,
                        0.10612779004234625,
                        0.016909633596784247
                  ],
                  [
                        0.0,
                        0.0,
                        0.0
                  ]
            ],
            "off_diagonal_gap": 0.07164148965764738
      },
      "You: Do you think an unborn fetus is a living person?\nFriend:": {
            "data": [
                  [
                        0.05685110948152554,
                        0.18512047144192773,
                        0.24560421107628166
                  ],
                  [
                        0.1566474504644251,
                        0.039768767161200765,
                        0.06950214578118935
                  ],
                  [
                        0.02877098723790069,
                        0.03544522467881463,
                        0.020846922122050617
                  ],
                  [
                        0.0,
                        0.0,
                        0.0
                  ]
            ],
            "off_diagonal_gap": 0.08171601508787552
      },
      "avg": {
            "data": [
                  [
                        0.0661591483823745,
                        0.19816590918559515,
                        0.3314599938081469
                  ],
                  [
                        0.16637092940380316,
                        0.05871662987009316,
                        0.15942241407648336
                  ],
                  [
                        0.13738609086166262,
                        0.124277991683899,
                        0.048296810108262374
                  ],
                  [
                        0.0,
                        0.0,
                        0.0
                  ]
            ],
            "off_diagonal_gap": 0.07988702011231023
      }
}