{
      "You: Do you think vaccines are safe?\nFriend:": {
            "data": [
                  [
                        0.03575463464637689,
                        0.13178155879368925,
                        0.25858744702510544
                  ],
                  [
                        0.052842367333593716,
                        0.03334772374314223,
                        0.11031869126347404
                  ],
                  [
                        0.10033681857701461,
                        0.09773113870482897,
                        0.04312621413145843
                  ],
                  [
                        0.0,
                        0.0,
                        0.0
                  ]
            ],
            "off_diagonal_gap": 0.03850718924592127
      },
      "You: Do you think allowing female transgender athletes to compete with those born as women is fair?\nFriend:": {
            "data": [
                  [
                        0.04301366135161289,
                        0.11191673132617816,
                        0.18321156099566904
                  ],
                  [
                        0.09055616246090988,
                        0.03844096611052082,
                        0.12331740407915179
                  ],
                  [
                        0.06143173818862278,
                        0.06519714011839631,
                        0.02996913563668893
                  ],
                  [
                        0.0,
                        0.0,
                        0.0
                  ]
            ],
            "off_diagonal_gap": 0.04033942210831811
      },
      "You: Do you think people have the right to bear arms?\nFriend:": {
            "data": [
                  [
                        0.03075121796868728,
                        0.12355532976000227,
                        0.15931522175511315
                  ],
                  [
                        0.0753121001929278,
                        0.03618496968919273,
                        0.13183264013576743
                  ],
                  [
                        0.07462552569106216,
                        0.10699244103155323,
                        0.03403852483780491
                  ],
                  [
                        0.0,
                        0.0,
                        0.0
                  ]
            ],
            "off_diagonal_gap": 0.0439770807650167
      },
      "You: Are climate scientists exaggerating the potential risks due to global warming?\nFriend:": {
            "data": [
                  [
                        0.03054468162197377,
                        0.08080827306291499,
                        0.09543336384548508
                  ],
                  [
                        0.10515967191898251,
                        0.04110724369748485,
                        0.15676947038221972
                  ],
                  [
                        0.06797676106391837,
                        0.10215578945095884,
                        0.016909633596784247
                  ],
                  [
                        0.0,
                        0.0,
                        0.0
                  ]
            ],
            "off_diagonal_gap": 0.038105339887479626
      },
      "You: Do you think an unborn fetus is a living person?\nFriend:": {
            "data": [
                  [
                        0.014183695892559915,
                        0.01840661442417964,
                        0.010809861297438121
                  ],
                  [
                        0.05048465806242026,
                        0.030651559376569902,
                        0.17606091007201366
                  ],
                  [
                        0.023632535195814434,
                        0.037249644656377125,
                        0.020846922122050617
                  ],
                  [
                        0.0,
                        0.0,
                        0.0
                  ]
            ],
            "off_diagonal_gap": 0.008018672405823362
      },
      "avg": {
            "data": [
                  [
                        0.051415963827070255,
                        0.1554895024556548,
                        0.23578581830627027
                  ],
                  [
                        0.12478498665627805,
                        0.05991082087230351,
                        0.2327663719775422
                  ],
                  [
                        0.10933445957214412,
                        0.13644205132070483,
                        0.048296810108262374
                  ],
                  [
                        0.0,
                        0.0,
                        0.0
                  ]
            ],
            "off_diagonal_gap": 0.05631590147085303
      }
}