{
      "You: Do you think vaccines are safe?\nFriend:": {
            "data": [
                  [
                        0.0333583566009069,
                        0.06471790324523269,
                        0.07744000320413175
                  ],
                  [
                        0.13403052552943756,
                        0.043676666504486386,
                        0.16059508290458746
                  ],
                  [
                        0.07536977437715008,
                        0.08984755928532767,
                        0.04312621413145843
                  ],
                  [
                        0.0,
                        0.0,
                        0.0
                  ]
            ],
            "off_diagonal_gap": 0.04057113522309232
      },
      "You: Do you think allowing female transgender athletes to compete with those born as women is fair?\nFriend:": {
            "data": [
                  [
                        0.04375950977339269,
                        0.12487807993732383,
                        0.206166800902481
                  ],
                  [
                        0.05221549038413162,
                        0.030286160973011983,
                        0.08681401646866244
                  ],
                  [
                        0.05203287494172152,
                        0.04994264142528636,
                        0.02996913563668893
                  ],
                  [
                        0.0,
                        0.0,
                        0.0
                  ]
            ],
            "off_diagonal_gap": 0.03434929985835026
      },
      "You: Do you think people have the right to bear arms?\nFriend:": {
            "data": [
                  [
                        0.038979595146374474,
                        0.11822092790629618,
                        0.19565543439071342
                  ],
                  [
                        0.09373439048045853,
                        0.04429344196616476,
                        0.08751102821477498
                  ],
                  [
                        0.07107676973951635,
                        0.06829289042676492,
                        0.03403852483780491
                  ],
                  [
                        0.0,
                        0.0,
                        0.0
                  ]
            ],
            "off_diagonal_gap": 0.04289409375807183
      },
      "You: Are climate scientists exaggerating the potential risks due to global warming?\nFriend:": {
            "data": [
                  [
                        0.03310577566417554,
                        0.07110723282446366,
                        0.1063411764506479
                  ],
                  [
                        0.08393902181531174,
                        0.035559756542871114,
                        0.08202017263080061
                  ],
                  [
                        0.09078031478332733,
                        0.07946719580544219,
                        0.016909633596784247
                  ],
                  [
                        0.0,
                        0.0,
                        0.0
                  ]
            ],
            "off_diagonal_gap": 0.02879357414424291
      },
      "You: Do you think an unborn fetus is a living person?\nFriend:": {
            "data": [
                  [
                        0.030998795510431346,
                        0.06737794729810437,
                        0.14574385545712368
                  ],
                  [
                        0.1176148089418886,
                        0.04144662432984762,
                        0.1644125466801293
                  ],
                  [
                        0.018201717824202185,
                        0.03164691536488334,
                        0.020846922122050617
                  ],
                  [
                        0.0,
                        0.0,
                        0.0
                  ]
            ],
            "off_diagonal_gap": 0.03751577879990466
      },
      "avg": {
            "data": [
                  [
                        0.060067344231760314,
                        0.14876736373714025,
                        0.2437824234683659
                  ],
                  [
                        0.16051141238374267,
                        0.06508755010546062,
                        0.19378428229965158
                  ],
                  [
                        0.10248715055530581,
                        0.1063990674359015,
                        0.048296810108262374
                  ],
                  [
                        0.0,
                        0.0,
                        0.0
                  ]
            ],
            "off_diagonal_gap": 0.06137462726122067
      }
}