{
      "You: Do you think vaccines are safe?\nFriend:": {
            "data": [
                  [
                        0.0333583566009069,
                        0.05994524231309815,
                        0.07744000320413175
                  ],
                  [
                        0.03823029863195312,
                        0.025585408476861436,
                        0.07389166035220837
                  ],
                  [
                        0.07536977437715008,
                        0.07930090206979742,
                        0.04312621413145843
                  ],
                  [
                        0.0,
                        0.0,
                        0.0
                  ]
            ],
            "off_diagonal_gap": 0.013077258622427642
      },
      "You: Do you think allowing female transgender athletes to compete with those born as women is fair?\nFriend:": {
            "data": [
                  [
                        0.04375950977339269,
                        0.15159493539506635,
                        0.206166800902481
                  ],
                  [
                        0.05663387207882096,
                        0.03964114693983903,
                        0.10152384319760138
                  ],
                  [
                        0.05203287494172152,
                        0.05962520344781006,
                        0.02996913563668893
                  ],
                  [
                        0.0,
                        0.0,
                        0.0
                  ]
            ],
            "off_diagonal_gap": 0.04160938358688519
      },
      "You: Do you think people have the right to bear arms?\nFriend:": {
            "data": [
                  [
                        0.038979595146374474,
                        0.1531425456446125,
                        0.19565543439071342
                  ],
                  [
                        0.0760901068087036,
                        0.03782435488274092,
                        0.12332807586493956
                  ],
                  [
                        0.07107676973951635,
                        0.09233485481292865,
                        0.03403852483780491
                  ],
                  [
                        0.0,
                        0.0,
                        0.0
                  ]
            ],
            "off_diagonal_gap": 0.050809567474733565
      },
      "You: Are climate scientists exaggerating the potential risks due to global warming?\nFriend:": {
            "data": [
                  [
                        0.03310577566417554,
                        0.07762408052104289,
                        0.1063411764506479
                  ],
                  [
                        0.10837965281116549,
                        0.03333021214963732,
                        0.11002151703351151
                  ],
                  [
                        0.09078031478332733,
                        0.10612779004234625,
                        0.016909633596784247
                  ],
                  [
                        0.0,
                        0.0,
                        0.0
                  ]
            ],
            "off_diagonal_gap": 0.039855915172798496
      },
      "You: Do you think an unborn fetus is a living person?\nFriend:": {
            "data": [
                  [
                        0.030998795510431346,
                        0.08545800002403528,
                        0.14574385545712368
                  ],
                  [
                        0.15184933721787452,
                        0.039768767161200765,
                        0.06950214578118935
                  ],
                  [
                        0.018201717824202185,
                        0.03544522467881463,
                        0.020846922122050617
                  ],
                  [
                        0.0,
                        0.0,
                        0.0
                  ]
            ],
            "off_diagonal_gap": 0.05551325819009256
      },
      "avg": {
            "data": [
                  [
                        0.060067344231760314,
                        0.17592160129928508,
                        0.2437824234683659
                  ],
                  [
                        0.1437277558495059,
                        0.05871662987009316,
                        0.15942241407648336
                  ],
                  [
                        0.10248715055530581,
                        0.124277991683899,
                        0.048296810108262374
                  ],
                  [
                        0.0,
                        0.0,
                        0.0
                  ]
            ],
            "off_diagonal_gap": 0.06695512768231249
      }
}