{
      "You: Do you think vaccines are safe?\nFriend:": {
            "data": [
                  [
                        0.026009264320522155,
                        0.09541065241489878,
                        0.09500228101663746
                  ],
                  [
                        0.13510675501050257,
                        0.043676666504486386,
                        0.16059508290458746
                  ],
                  [
                        0.11112530798488186,
                        0.08984755928532767,
                        0.04312621413145843
                  ],
                  [
                        0.0,
                        0.0,
                        0.0
                  ]
            ],
            "off_diagonal_gap": 0.053610492200130935
      },
      "You: Do you think allowing female transgender athletes to compete with those born as women is fair?\nFriend:": {
            "data": [
                  [
                        0.03173875999886296,
                        0.06360574410433362,
                        0.04819442378729362
                  ],
                  [
                        0.11541089337935685,
                        0.030286160973011983,
                        0.08681401646866244
                  ],
                  [
                        0.0414122627617564,
                        0.04994264142528636,
                        0.02996913563668893
                  ],
                  [
                        0.0,
                        0.0,
                        0.0
                  ]
            ],
            "off_diagonal_gap": 0.03899723883727183
      },
      "You: Do you think people have the right to bear arms?\nFriend:": {
            "data": [
                  [
                        0.023993467712513122,
                        0.07872781690553658,
                        0.09107628143504251
                  ],
                  [
                        0.1397317544756335,
                        0.04429344196616476,
                        0.08751102821477498
                  ],
                  [
                        0.1164300352314865,
                        0.06829289042676492,
                        0.03403852483780491
                  ],
                  [
                        0.0,
                        0.0,
                        0.0
                  ]
            ],
            "off_diagonal_gap": 0.05005755390083072
      },
      "You: Are climate scientists exaggerating the potential risks due to global warming?\nFriend:": {
            "data": [
                  [
                        0.05267076109872243,
                        0.1844772893004762,
                        0.2749365140667865
                  ],
                  [
                        0.1761687555089761,
                        0.035559756542871114,
                        0.08202017263080061
                  ],
                  [
                        0.1093966686281055,
                        0.07946719580544219,
                        0.016909633596784247
                  ],
                  [
                        0.0,
                        0.0,
                        0.0
                  ]
            ],
            "off_diagonal_gap": 0.09080517572261956
      },
      "You: Do you think an unborn fetus is a living person?\nFriend:": {
            "data": [
                  [
                        0.0618969226312293,
                        0.3394230353941107,
                        0.7179331071322245
                  ],
                  [
                        0.19190794756048074,
                        0.04144662432984762,
                        0.1644125466801293
                  ],
                  [
                        0.03981777654492433,
                        0.03164691536488334,
                        0.020846922122050617
                  ],
                  [
                        0.0,
                        0.0,
                        0.0
                  ]
            ],
            "off_diagonal_gap": 0.1426624786645048
      },
      "avg": {
            "data": [
                  [
                        0.06543639192061665,
                        0.25388151270645193,
                        0.4090475358126615
                  ],
                  [
                        0.25277536864498323,
                        0.06508755010546062,
                        0.19378428229965158
                  ],
                  [
                        0.13939401705038487,
                        0.1063990674359015,
                        0.048296810108262374
                  ],
                  [
                        0.0,
                        0.0,
                        0.0
                  ]
            ],
            "off_diagonal_gap": 0.12537764644178595
      }
}