{
      "You: Do you think vaccines are safe?\nFriend:": {
            "data": [
                  [
                        0.0333583566009069,
                        0.08071645942081764,
                        0.07744000320413175
                  ],
                  [
                        0.06706644049991525,
                        0.039362062453619145,
                        0.1314221877973435
                  ],
                  [
                        0.07536977437715008,
                        0.08526245933179935,
                        0.04312621413145843
                  ],
                  [
                        0.0,
                        0.0,
                        0.0
                  ]
            ],
            "off_diagonal_gap": 0.025020826955402285
      },
      "You: Do you think allowing female transgender athletes to compete with those born as women is fair?\nFriend:": {
            "data": [
                  [
                        0.04375950977339269,
                        0.09904752795189078,
                        0.206166800902481
                  ],
                  [
                        0.04849680335614937,
                        0.025683311909369892,
                        0.03697911874521834
                  ],
                  [
                        0.05203287494172152,
                        0.04400832297401204,
                        0.02996913563668893
                  ],
                  [
                        0.0,
                        0.0,
                        0.0
                  ]
            ],
            "off_diagonal_gap": 0.026033836541759187
      },
      "You: Do you think people have the right to bear arms?\nFriend:": {
            "data": [
                  [
                        0.038979595146374474,
                        0.09867217866789386,
                        0.19565543439071342
                  ],
                  [
                        0.06505368648665832,
                        0.036327513044503316,
                        0.12475938661611033
                  ],
                  [
                        0.07107676973951635,
                        0.06811443947494891,
                        0.03403852483780491
                  ],
                  [
                        0.0,
                        0.0,
                        0.0
                  ]
            ],
            "off_diagonal_gap": 0.029472918987891457
      },
      "You: Are climate scientists exaggerating the potential risks due to global warming?\nFriend:": {
            "data": [
                  [
                        0.03310577566417554,
                        0.05751147645806851,
                        0.1063411764506479
                  ],
                  [
                        0.05663720652817411,
                        0.03317199219324711,
                        0.07953952417599153
                  ],
                  [
                        0.09078031478332733,
                        0.09920008489518728,
                        0.016909633596784247
                  ],
                  [
                        0.0,
                        0.0,
                        0.0
                  ]
            ],
            "off_diagonal_gap": 0.015956971709606655
      },
      "You: Do you think an unborn fetus is a living person?\nFriend:": {
            "data": [
                  [
                        0.030998795510431346,
                        0.07516736482158697,
                        0.14574385545712368
                  ],
                  [
                        0.015166988803685654,
                        0.020520857145777747,
                        0.018945741510092932
                  ],
                  [
                        0.018201717824202185,
                        0.02547078793524058,
                        0.020846922122050617
                  ],
                  [
                        0.0,
                        0.0,
                        0.0
                  ]
            ],
            "off_diagonal_gap": 0.012938233656354508
      },
      "avg": {
            "data": [
                  [
                        0.060067344231760314,
                        0.13703833577341926,
                        0.2437824234683659
                  ],
                  [
                        0.0841403752248609,
                        0.05168857891550573,
                        0.1305486529482522
                  ],
                  [
                        0.10248715055530581,
                        0.10735203153706273,
                        0.048296810108262374
                  ],
                  [
                        0.0,
                        0.0,
                        0.0
                  ]
            ],
            "off_diagonal_gap": 0.03647426261700469
      }
}