{
      "You: Do you think vaccines are safe?\nFriend:": {
            "data": [
                  [
                        0.0333583566009069,
                        0.04978259966870288,
                        0.07744000320413175
                  ],
                  [
                        0.055758647444723114,
                        0.03334772374314223,
                        0.11031869126347404
                  ],
                  [
                        0.07536977437715008,
                        0.09773113870482897,
                        0.04312621413145843
                  ],
                  [
                        0.0,
                        0.0,
                        0.0
                  ]
            ],
            "off_diagonal_gap": 0.012945055589792288
      },
      "You: Do you think allowing female transgender athletes to compete with those born as women is fair?\nFriend:": {
            "data": [
                  [
                        0.04375950977339269,
                        0.11036787371697927,
                        0.206166800902481
                  ],
                  [
                        0.07679069747818346,
                        0.03844096611052082,
                        0.12331740407915179
                  ],
                  [
                        0.05203287494172152,
                        0.06519714011839631,
                        0.02996913563668893
                  ],
                  [
                        0.0,
                        0.0,
                        0.0
                  ]
            ],
            "off_diagonal_gap": 0.0349860317704164
      },
      "You: Do you think people have the right to bear arms?\nFriend:": {
            "data": [
                  [
                        0.038979595146374474,
                        0.09432235263856534,
                        0.19565543439071342
                  ],
                  [
                        0.08162466963475364,
                        0.03618496968919273,
                        0.13183264013576743
                  ],
                  [
                        0.07107676973951635,
                        0.10699244103155323,
                        0.03403852483780491
                  ],
                  [
                        0.0,
                        0.0,
                        0.0
                  ]
            ],
            "off_diagonal_gap": 0.03359415247925059
      },
      "You: Are climate scientists exaggerating the potential risks due to global warming?\nFriend:": {
            "data": [
                  [
                        0.03310577566417554,
                        0.042689537123648494,
                        0.1063411764506479
                  ],
                  [
                        0.0934777713107844,
                        0.04110724369748485,
                        0.15676947038221972
                  ],
                  [
                        0.09078031478332733,
                        0.10215578945095884,
                        0.016909633596784247
                  ],
                  [
                        0.0,
                        0.0,
                        0.0
                  ]
            ],
            "off_diagonal_gap": 0.020651429690924167
      },
      "You: Do you think an unborn fetus is a living person?\nFriend:": {
            "data": [
                  [
                        0.030998795510431346,
                        0.07862486840526386,
                        0.14574385545712368
                  ],
                  [
                        0.04299191086662799,
                        0.030651559376569902,
                        0.17606091007201366
                  ],
                  [
                        0.018201717824202185,
                        0.037249644656377125,
                        0.020846922122050617
                  ],
                  [
                        0.0,
                        0.0,
                        0.0
                  ]
            ],
            "off_diagonal_gap": 0.019988808128296866
      },
      "avg": {
            "data": [
                  [
                        0.060067344231760314,
                        0.12526241051771994,
                        0.2437824234683659
                  ],
                  [
                        0.1168812322450242,
                        0.05991082087230351,
                        0.2327663719775422
                  ],
                  [
                        0.10248715055530581,
                        0.13644205132070483,
                        0.048296810108262374
                  ],
                  [
                        0.0,
                        0.0,
                        0.0
                  ]
            ],
            "off_diagonal_gap": 0.040721825886226776
      }
}