{
      "You: Do you think vaccines are safe?\nFriend:": {
            "data": [
                  [
                        0.026009264320522155,
                        0.12749860942406666,
                        0.09500228101663746
                  ],
                  [
                        0.12144951861874594,
                        0.03334772374314223,
                        0.11031869126347404
                  ],
                  [
                        0.11112530798488186,
                        0.09773113870482897,
                        0.04312621413145843
                  ],
                  [
                        0.0,
                        0.0,
                        0.0
                  ]
            ],
            "off_diagonal_gap": 0.06319704665971607
      },
      "You: Do you think allowing female transgender athletes to compete with those born as women is fair?\nFriend:": {
            "data": [
                  [
                        0.03173875999886296,
                        0.06084569687614767,
                        0.04819442378729362
                  ],
                  [
                        0.14218221365566291,
                        0.03844096611052082,
                        0.12331740407915179
                  ],
                  [
                        0.0414122627617564,
                        0.06519714011839631,
                        0.02996913563668893
                  ],
                  [
                        0.0,
                        0.0,
                        0.0
                  ]
            ],
            "off_diagonal_gap": 0.04428272814080893
      },
      "You: Do you think people have the right to bear arms?\nFriend:": {
            "data": [
                  [
                        0.023993467712513122,
                        0.08120147500218,
                        0.09107628143504251
                  ],
                  [
                        0.12072947318571571,
                        0.03618496968919273,
                        0.13183264013576743
                  ],
                  [
                        0.1164300352314865,
                        0.10699244103155323,
                        0.03403852483780491
                  ],
                  [
                        0.0,
                        0.0,
                        0.0
                  ]
            ],
            "off_diagonal_gap": 0.047250836928729945
      },
      "You: Are climate scientists exaggerating the potential risks due to global warming?\nFriend:": {
            "data": [
                  [
                        0.05267076109872243,
                        0.1908552273146984,
                        0.2749365140667865
                  ],
                  [
                        0.1874938200488625,
                        0.04110724369748485,
                        0.15676947038221972
                  ],
                  [
                        0.1093966686281055,
                        0.10215578945095884,
                        0.016909633596784247
                  ],
                  [
                        0.0,
                        0.0,
                        0.0
                  ]
            ],
            "off_diagonal_gap": 0.09485701418911786
      },
      "You: Do you think an unborn fetus is a living person?\nFriend:": {
            "data": [
                  [
                        0.0618969226312293,
                        0.5694864030788418,
                        0.7179331071322245
                  ],
                  [
                        0.13825788059900682,
                        0.030651559376569902,
                        0.17606091007201366
                  ],
                  [
                        0.03981777654492433,
                        0.037249644656377125,
                        0.020846922122050617
                  ],
                  [
                        0.0,
                        0.0,
                        0.0
                  ]
            ],
            "off_diagonal_gap": 0.20506526722334978
      },
      "avg": {
            "data": [
                  [
                        0.06543639192061665,
                        0.34329580389864484,
                        0.4090475358126615
                  ],
                  [
                        0.23670430203599793,
                        0.05991082087230351,
                        0.2327663719775422
                  ],
                  [
                        0.13939401705038487,
                        0.13644205132070483,
                        0.048296810108262374
                  ],
                  [
                        0.0,
                        0.0,
                        0.0
                  ]
            ],
            "off_diagonal_gap": 0.1515509643805742
      }
}