{
      "You: Do you think vaccines are safe?\nFriend:": {
            "data": [
                  [
                        0.026009264320522155,
                        0.12162635248511373,
                        0.09500228101663746
                  ],
                  [
                        0.10335319660629334,
                        0.039362062453619145,
                        0.1314221877973435
                  ],
                  [
                        0.11112530798488186,
                        0.08526245933179935,
                        0.04312621413145843
                  ],
                  [
                        0.0,
                        0.0,
                        0.0
                  ]
            ],
            "off_diagonal_gap": 0.053202740772421916
      },
      "You: Do you think allowing female transgender athletes to compete with those born as women is fair?\nFriend:": {
            "data": [
                  [
                        0.03173875999886296,
                        0.04568362172660577,
                        0.04819442378729362
                  ],
                  [
                        0.06003863956493214,
                        0.025683311909369892,
                        0.03697911874521834
                  ],
                  [
                        0.0414122627617564,
                        0.04400832297401204,
                        0.02996913563668893
                  ],
                  [
                        0.0,
                        0.0,
                        0.0
                  ]
            ],
            "off_diagonal_gap": 0.01610006312776835
      },
      "You: Do you think people have the right to bear arms?\nFriend:": {
            "data": [
                  [
                        0.023993467712513122,
                        0.08505201730718856,
                        0.09107628143504251
                  ],
                  [
                        0.10235259405599657,
                        0.036327513044503316,
                        0.12475938661611033
                  ],
                  [
                        0.1164300352314865,
                        0.06811443947494891,
                        0.03403852483780491
                  ],
                  [
                        0.0,
                        0.0,
                        0.0
                  ]
            ],
            "off_diagonal_gap": 0.04236121020205623
      },
      "You: Are climate scientists exaggerating the potential risks due to global warming?\nFriend:": {
            "data": [
                  [
                        0.05267076109872243,
                        0.1759334588756702,
                        0.2749365140667865
                  ],
                  [
                        0.15502388361978636,
                        0.03317199219324711,
                        0.07953952417599153
                  ],
                  [
                        0.1093966686281055,
                        0.09920008489518728,
                        0.016909633596784247
                  ],
                  [
                        0.0,
                        0.0,
                        0.0
                  ]
            ],
            "off_diagonal_gap": 0.081704863067829
      },
      "You: Do you think an unborn fetus is a living person?\nFriend:": {
            "data": [
                  [
                        0.0618969226312293,
                        0.12813394929168095,
                        0.7179331071322245
                  ],
                  [
                        0.02693284095323194,
                        0.020520857145777747,
                        0.018945741510092932
                  ],
                  [
                        0.03981777654492433,
                        0.02547078793524058,
                        0.020846922122050617
                  ],
                  [
                        0.0,
                        0.0,
                        0.0
                  ]
            ],
            "off_diagonal_gap": 0.024216336822635288
      },
      "avg": {
            "data": [
                  [
                        0.06543639192061665,
                        0.18547646656208638,
                        0.4090475358126615
                  ],
                  [
                        0.14923371826674675,
                        0.05168857891550573,
                        0.1305486529482522
                  ],
                  [
                        0.13939401705038487,
                        0.10735203153706273,
                        0.048296810108262374
                  ],
                  [
                        0.0,
                        0.0,
                        0.0
                  ]
            ],
            "off_diagonal_gap": 0.07252840466423692
      }
}