{
      "You: Do you think vaccines are safe?\nFriend:": {
            "data": [
                  [
                        0.03399431447563078,
                        0.08402720165447711,
                        0.13137064056404474
                  ],
                  [
                        0.0626399267722404,
                        0.03334772374314223,
                        0.11031869126347404
                  ],
                  [
                        0.12501733500621812,
                        0.09773113870482897,
                        0.04312621413145843
                  ],
                  [
                        0.0,
                        0.0,
                        0.0
                  ]
            ],
            "off_diagonal_gap": 0.02644169673598149
      },
      "You: Do you think allowing female transgender athletes to compete with those born as women is fair?\nFriend:": {
            "data": [
                  [
                        0.040522212216252115,
                        0.07643466509839834,
                        0.1608020061238272
                  ],
                  [
                        0.0732976586762662,
                        0.03844096611052082,
                        0.12331740407915179
                  ],
                  [
                        0.06433741273080945,
                        0.06519714011839631,
                        0.02996913563668893
                  ],
                  [
                        0.0,
                        0.0,
                        0.0
                  ]
            ],
            "off_diagonal_gap": 0.023589715149297204
      },
      "You: Do you think people have the right to bear arms?\nFriend:": {
            "data": [
                  [
                        0.026227520812038,
                        0.11005566351155961,
                        0.17181605314885928
                  ],
                  [
                        0.1296191471519825,
                        0.03618496968919273,
                        0.13183264013576743
                  ],
                  [
                        0.08553092416846621,
                        0.10699244103155323,
                        0.03403852483780491
                  ],
                  [
                        0.0,
                        0.0,
                        0.0
                  ]
            ],
            "off_diagonal_gap": 0.0590874400541038
      },
      "You: Are climate scientists exaggerating the potential risks due to global warming?\nFriend:": {
            "data": [
                  [
                        0.04088228816167708,
                        0.10760356792158626,
                        0.2847870705114279
                  ],
                  [
                        0.08309141349923985,
                        0.04110724369748485,
                        0.15676947038221972
                  ],
                  [
                        0.1085016134415934,
                        0.10215578945095884,
                        0.016909633596784247
                  ],
                  [
                        0.0,
                        0.0,
                        0.0
                  ]
            ],
            "off_diagonal_gap": 0.03623514985388806
      },
      "You: Do you think an unborn fetus is a living person?\nFriend:": {
            "data": [
                  [
                        0.05685110948152554,
                        0.15153899006925353,
                        0.24560421107628166
                  ],
                  [
                        0.0378587103287183,
                        0.030651559376569902,
                        0.17606091007201366
                  ],
                  [
                        0.02877098723790069,
                        0.037249644656377125,
                        0.020846922122050617
                  ],
                  [
                        0.0,
                        0.0,
                        0.0
                  ]
            ],
            "off_diagonal_gap": 0.03396501051329212
      },
      "avg": {
            "data": [
                  [
                        0.0661591483823745,
                        0.17655336275175829,
                        0.3314599938081469
                  ],
                  [
                        0.1288356188094824,
                        0.05991082087230351,
                        0.2327663719775422
                  ],
                  [
                        0.13738609086166262,
                        0.13644205132070483,
                        0.048296810108262374
                  ],
                  [
                        0.0,
                        0.0,
                        0.0
                  ]
            ],
            "off_diagonal_gap": 0.05977300410218757
      }
}