{
      "You: Do you think vaccines are safe?\nFriend:": {
            "data": [
                  [
                        0.03575463464637689,
                        0.09426423599351492,
                        0.25858744702510544
                  ],
                  [
                        0.03281828688274289,
                        0.025585408476861436,
                        0.07389166035220837
                  ],
                  [
                        0.10033681857701461,
                        0.07930090206979742,
                        0.04312621413145843
                  ],
                  [
                        0.0,
                        0.0,
                        0.0
                  ]
            ],
            "off_diagonal_gap": 0.021914159917673166
      },
      "You: Do you think allowing female transgender athletes to compete with those born as women is fair?\nFriend:": {
            "data": [
                  [
                        0.04301366135161289,
                        0.13545224133555633,
                        0.18321156099566904
                  ],
                  [
                        0.058188929048953605,
                        0.03964114693983903,
                        0.10152384319760138
                  ],
                  [
                        0.06143173818862278,
                        0.05962520344781006,
                        0.02996913563668893
                  ],
                  [
                        0.0,
                        0.0,
                        0.0
                  ]
            ],
            "off_diagonal_gap": 0.036995454031019344
      },
      "You: Do you think people have the right to bear arms?\nFriend:": {
            "data": [
                  [
                        0.03075121796868728,
                        0.13785068011712792,
                        0.15931522175511315
                  ],
                  [
                        0.07020442483128517,
                        0.03782435488274092,
                        0.12332807586493956
                  ],
                  [
                        0.07462552569106216,
                        0.09233485481292865,
                        0.03403852483780491
                  ],
                  [
                        0.0,
                        0.0,
                        0.0
                  ]
            ],
            "off_diagonal_gap": 0.046493177365661637
      },
      "You: Are climate scientists exaggerating the potential risks due to global warming?\nFriend:": {
            "data": [
                  [
                        0.03054468162197377,
                        0.07834284088611086,
                        0.09543336384548508
                  ],
                  [
                        0.1178563129012001,
                        0.03333021214963732,
                        0.11002151703351151
                  ],
                  [
                        0.06797676106391837,
                        0.10612779004234625,
                        0.016909633596784247
                  ],
                  [
                        0.0,
                        0.0,
                        0.0
                  ]
            ],
            "off_diagonal_gap": 0.04410808667189995
      },
      "You: Do you think an unborn fetus is a living person?\nFriend:": {
            "data": [
                  [
                        0.014183695892559915,
                        0.012082655723169725,
                        0.010809861297438121
                  ],
                  [
                        0.11451121856082105,
                        0.039768767161200765,
                        0.06950214578118935
                  ],
                  [
                        0.023632535195814434,
                        0.03544522467881463,
                        0.020846922122050617
                  ],
                  [
                        0.0,
                        0.0,
                        0.0
                  ]
            ],
            "off_diagonal_gap": 0.024213803743410034
      },
      "avg": {
            "data": [
                  [
                        0.051415963827070255,
                        0.15266421801849328,
                        0.23578581830627027
                  ],
                  [
                        0.13119305740833426,
                        0.05871662987009316,
                        0.15942241407648336
                  ],
                  [
                        0.10933445957214412,
                        0.124277991683899,
                        0.048296810108262374
                  ],
                  [
                        0.0,
                        0.0,
                        0.0
                  ]
            ],
            "off_diagonal_gap": 0.05790822724322137
      }
}