{
      "You: Do you think vaccines are safe?\nFriend:": {
            "data": [
                  [
                        0.03575463464637689,
                        0.0936668667801143,
                        0.25858744702510544
                  ],
                  [
                        0.11162149961992066,
                        0.043676666504486386,
                        0.16059508290458746
                  ],
                  [
                        0.10033681857701461,
                        0.08984755928532767,
                        0.04312621413145843
                  ],
                  [
                        0.0,
                        0.0,
                        0.0
                  ]
            ],
            "off_diagonal_gap": 0.041952355083057224
      },
      "You: Do you think allowing female transgender athletes to compete with those born as women is fair?\nFriend:": {
            "data": [
                  [
                        0.04301366135161289,
                        0.10576285251829637,
                        0.18321156099566904
                  ],
                  [
                        0.051823602068958786,
                        0.030286160973011983,
                        0.08681401646866244
                  ],
                  [
                        0.06143173818862278,
                        0.04994264142528636,
                        0.02996913563668893
                  ],
                  [
                        0.0,
                        0.0,
                        0.0
                  ]
            ],
            "off_diagonal_gap": 0.028095544087543424
      },
      "You: Do you think people have the right to bear arms?\nFriend:": {
            "data": [
                  [
                        0.03075121796868728,
                        0.11112716445670393,
                        0.15931522175511315
                  ],
                  [
                        0.1152333206305797,
                        0.04429344196616476,
                        0.08751102821477498
                  ],
                  [
                        0.07462552569106216,
                        0.06829289042676492,
                        0.03403852483780491
                  ],
                  [
                        0.0,
                        0.0,
                        0.0
                  ]
            ],
            "off_diagonal_gap": 0.05043860838414386
      },
      "You: Are climate scientists exaggerating the potential risks due to global warming?\nFriend:": {
            "data": [
                  [
                        0.03054468162197377,
                        0.062149112123628364,
                        0.09543336384548508
                  ],
                  [
                        0.0771500078084638,
                        0.035559756542871114,
                        0.08202017263080061
                  ],
                  [
                        0.06797676106391837,
                        0.07946719580544219,
                        0.016909633596784247
                  ],
                  [
                        0.0,
                        0.0,
                        0.0
                  ]
            ],
            "off_diagonal_gap": 0.02439822725574909
      },
      "You: Do you think an unborn fetus is a living person?\nFriend:": {
            "data": [
                  [
                        0.014183695892559915,
                        0.012398369918541208,
                        0.010809861297438121
                  ],
                  [
                        0.0959145375839563,
                        0.04144662432984762,
                        0.1644125466801293
                  ],
                  [
                        0.023632535195814434,
                        0.03164691536488334,
                        0.020846922122050617
                  ],
                  [
                        0.0,
                        0.0,
                        0.0
                  ]
            ],
            "off_diagonal_gap": 0.017560862426696654
      },
      "avg": {
            "data": [
                  [
                        0.051415963827070255,
                        0.12836812193242805,
                        0.23578581830627027
                  ],
                  [
                        0.15058098923729307,
                        0.06508755010546062,
                        0.19378428229965158
                  ],
                  [
                        0.10933445957214412,
                        0.1063990674359015,
                        0.048296810108262374
                  ],
                  [
                        0.0,
                        0.0,
                        0.0
                  ]
            ],
            "off_diagonal_gap": 0.054148532412396734
      }
}