{
      "You: Do you think vaccines are safe?\nFriend:": {
            "data": [
                  [
                        0.03399431447563078,
                        0.04360320278436315,
                        0.13137064056404474
                  ],
                  [
                        0.05621838201032537,
                        0.039362062453619145,
                        0.1314221877973435
                  ],
                  [
                        0.12501733500621812,
                        0.08526245933179935,
                        0.04312621413145843
                  ],
                  [
                        0.0,
                        0.0,
                        0.0
                  ]
            ],
            "off_diagonal_gap": 0.008821735955146199
      },
      "You: Do you think allowing female transgender athletes to compete with those born as women is fair?\nFriend:": {
            "data": [
                  [
                        0.040522212216252115,
                        0.0796718514496441,
                        0.1608020061238272
                  ],
                  [
                        0.05388486740672269,
                        0.025683311909369892,
                        0.03697911874521834
                  ],
                  [
                        0.06433741273080945,
                        0.04400832297401204,
                        0.02996913563668893
                  ],
                  [
                        0.0,
                        0.0,
                        0.0
                  ]
            ],
            "off_diagonal_gap": 0.0224503982435816
      },
      "You: Do you think people have the right to bear arms?\nFriend:": {
            "data": [
                  [
                        0.026227520812038,
                        0.07502214960418437,
                        0.17181605314885928
                  ],
                  [
                        0.07221237484667659,
                        0.036327513044503316,
                        0.12475938661611033
                  ],
                  [
                        0.08553092416846621,
                        0.06811443947494891,
                        0.03403852483780491
                  ],
                  [
                        0.0,
                        0.0,
                        0.0
                  ]
            ],
            "off_diagonal_gap": 0.028226496864773205
      },
      "You: Are climate scientists exaggerating the potential risks due to global warming?\nFriend:": {
            "data": [
                  [
                        0.04088228816167708,
                        0.11182239795454152,
                        0.2847870705114279
                  ],
                  [
                        0.06982291302975338,
                        0.03317199219324711,
                        0.07953952417599153
                  ],
                  [
                        0.1085016134415934,
                        0.09920008489518728,
                        0.016909633596784247
                  ],
                  [
                        0.0,
                        0.0,
                        0.0
                  ]
            ],
            "off_diagonal_gap": 0.035863676876456904
      },
      "You: Do you think an unborn fetus is a living person?\nFriend:": {
            "data": [
                  [
                        0.05685110948152554,
                        0.11789049846175904,
                        0.24560421107628166
                  ],
                  [
                        0.021982559496356927,
                        0.020520857145777747,
                        0.018945741510092932
                  ],
                  [
                        0.02877098723790069,
                        0.02547078793524058,
                        0.020846922122050617
                  ],
                  [
                        0.0,
                        0.0,
                        0.0
                  ]
            ],
            "off_diagonal_gap": 0.020833697110270895
      },
      "avg": {
            "data": [
                  [
                        0.0661591483823745,
                        0.14267003341816406,
                        0.3314599938081469
                  ],
                  [
                        0.09137369892994497,
                        0.05168857891550573,
                        0.1305486529482522
                  ],
                  [
                        0.13738609086166262,
                        0.10735203153706273,
                        0.048296810108262374
                  ],
                  [
                        0.0,
                        0.0,
                        0.0
                  ]
            ],
            "off_diagonal_gap": 0.0387320016834096
      }
}