{
      "You: Do you think vaccines are safe?\nFriend:": {
            "data": [
                  [
                        0.03399431447563078,
                        0.06844795544358272,
                        0.13137064056404474
                  ],
                  [
                        0.11604076753172483,
                        0.043676666504486386,
                        0.16059508290458746
                  ],
                  [
                        0.12501733500621812,
                        0.08984755928532767,
                        0.04312621413145843
                  ],
                  [
                        0.0,
                        0.0,
                        0.0
                  ]
            ],
            "off_diagonal_gap": 0.03560591399839679
      },
      "You: Do you think allowing female transgender athletes to compete with those born as women is fair?\nFriend:": {
            "data": [
                  [
                        0.040522212216252115,
                        0.09894412026540685,
                        0.1608020061238272
                  ],
                  [
                        0.06480967754443176,
                        0.030286160973011983,
                        0.08681401646866244
                  ],
                  [
                        0.06433741273080945,
                        0.04994264142528636,
                        0.02996913563668893
                  ],
                  [
                        0.0,
                        0.0,
                        0.0
                  ]
            ],
            "off_diagonal_gap": 0.030981808206858173
      },
      "You: Do you think people have the right to bear arms?\nFriend:": {
            "data": [
                  [
                        0.026227520812038,
                        0.07511566595327356,
                        0.17181605314885928
                  ],
                  [
                        0.1330972622670603,
                        0.04429344196616476,
                        0.08751102821477498
                  ],
                  [
                        0.08553092416846621,
                        0.06829289042676492,
                        0.03403852483780491
                  ],
                  [
                        0.0,
                        0.0,
                        0.0
                  ]
            ],
            "off_diagonal_gap": 0.04589732181404371
      },
      "You: Are climate scientists exaggerating the potential risks due to global warming?\nFriend:": {
            "data": [
                  [
                        0.04088228816167708,
                        0.16268222238596222,
                        0.2847870705114279
                  ],
                  [
                        0.11436269296903191,
                        0.035559756542871114,
                        0.08202017263080061
                  ],
                  [
                        0.1085016134415934,
                        0.07946719580544219,
                        0.016909633596784247
                  ],
                  [
                        0.0,
                        0.0,
                        0.0
                  ]
            ],
            "off_diagonal_gap": 0.06686762355014865
      },
      "You: Do you think an unborn fetus is a living person?\nFriend:": {
            "data": [
                  [
                        0.05685110948152554,
                        0.2557725825537067,
                        0.24560421107628166
                  ],
                  [
                        0.12803916104512936,
                        0.04144662432984762,
                        0.1644125466801293
                  ],
                  [
                        0.02877098723790069,
                        0.03164691536488334,
                        0.020846922122050617
                  ],
                  [
                        0.0,
                        0.0,
                        0.0
                  ]
            ],
            "off_diagonal_gap": 0.09517133659582096
      },
      "avg": {
            "data": [
                  [
                        0.0661591483823745,
                        0.22032084886731068,
                        0.3314599938081469
                  ],
                  [
                        0.1854498537857927,
                        0.06508755010546062,
                        0.19378428229965158
                  ],
                  [
                        0.13738609086166262,
                        0.1063990674359015,
                        0.048296810108262374
                  ],
                  [
                        0.0,
                        0.0,
                        0.0
                  ]
            ],
            "off_diagonal_gap": 0.09150800138842274
      }
}