{
      "You: Do you think vaccines are safe?\nFriend:": {
            "data": [
                  [
                        0.026009264320522155,
                        0.1035867416560939,
                        0.09500228101663746
                  ],
                  [
                        0.08139596693079384,
                        0.025585408476861436,
                        0.07389166035220837
                  ],
                  [
                        0.11112530798488186,
                        0.07930090206979742,
                        0.04312621413145843
                  ],
                  [
                        0.0,
                        0.0,
                        0.0
                  ]
            ],
            "off_diagonal_gap": 0.04446267859650139
      },
      "You: Do you think allowing female transgender athletes to compete with those born as women is fair?\nFriend:": {
            "data": [
                  [
                        0.03173875999886296,
                        0.0691582731149662,
                        0.04819442378729362
                  ],
                  [
                        0.12636685307793985,
                        0.03964114693983903,
                        0.10152384319760138
                  ],
                  [
                        0.0414122627617564,
                        0.05962520344781006,
                        0.02996913563668893
                  ],
                  [
                        0.0,
                        0.0,
                        0.0
                  ]
            ],
            "off_diagonal_gap": 0.041381739751401345
      },
      "You: Do you think people have the right to bear arms?\nFriend:": {
            "data": [
                  [
                        0.023993467712513122,
                        0.12802371325697487,
                        0.09107628143504251
                  ],
                  [
                        0.11247095060805293,
                        0.03782435488274092,
                        0.12332807586493956
                  ],
                  [
                        0.1164300352314865,
                        0.09233485481292865,
                        0.03403852483780491
                  ],
                  [
                        0.0,
                        0.0,
                        0.0
                  ]
            ],
            "off_diagonal_gap": 0.05955894708992458
      },
      "You: Are climate scientists exaggerating the potential risks due to global warming?\nFriend:": {
            "data": [
                  [
                        0.05267076109872243,
                        0.20646246595002582,
                        0.2749365140667865
                  ],
                  [
                        0.21959541750086578,
                        0.03333021214963732,
                        0.11002151703351151
                  ],
                  [
                        0.1093966686281055,
                        0.10612779004234625,
                        0.016909633596784247
                  ],
                  [
                        0.0,
                        0.0,
                        0.0
                  ]
            ],
            "off_diagonal_gap": 0.11335230340084393
      },
      "You: Do you think an unborn fetus is a living person?\nFriend:": {
            "data": [
                  [
                        0.0618969226312293,
                        0.2573098453364215,
                        0.7179331071322245
                  ],
                  [
                        0.268153670120293,
                        0.039768767161200765,
                        0.06950214578118935
                  ],
                  [
                        0.03981777654492433,
                        0.03544522467881463,
                        0.020846922122050617
                  ],
                  [
                        0.0,
                        0.0,
                        0.0
                  ]
            ],
            "off_diagonal_gap": 0.14126594188809477
      },
      "avg": {
            "data": [
                  [
                        0.06543639192061665,
                        0.25484701310482744,
                        0.4090475358126615
                  ],
                  [
                        0.26932761941264843,
                        0.05871662987009316,
                        0.15942241407648336
                  ],
                  [
                        0.13939401705038487,
                        0.124277991683899,
                        0.048296810108262374
                  ],
                  [
                        0.0,
                        0.0,
                        0.0
                  ]
            ],
            "off_diagonal_gap": 0.133340536908922
      }
}