{
      "noprompt": {
            "total_questions": 2628,
            "f1": 0.3931852935656759,
            "correct_and_dk": 7,
            "atleastone_correct": 647,
            "all_correct": 534,
            "total_correct": 1787,
            "exact_match_atleastone_correct": 293,
            "exact_match_all_correct": 108,
            "exact_match_total_correct": 588,
            "atleastone_DK": 25,
            "all_DK": 3,
            "total_DK": 66,
            "atleastone_correct_%": 0.7385844748858448,
            "atleastone_DK_%": 0.028538812785388126,
            "all_correct_%": 0.6095890410958904,
            "all_DK_%": 0.003424657534246575,
            "correct_and_dk_%": 0.007990867579908675,
            "total_correct_%": 0.6799847792998478,
            "total_DK_%": 0.02511415525114155,
            "exact_match_atleastone_correct_%": 0.3344748858447488,
            "exact_match_all_correct_%": 0.1232876712328767,
            "exact_match_total_correct_%": 0.2237442922374429
      },
      "SUM": {
            "total_questions": 876,
            "f1": 0.3613597530851389,
            "correct_and_dk": 4,
            "atleastone_correct": 593,
            "all_correct": 593,
            "total_correct": 593,
            "exact_match_atleastone_correct": 170,
            "exact_match_all_correct": 170,
            "exact_match_total_correct": 170,
            "atleastone_DK": 20,
            "all_DK": 20,
            "total_DK": 40,
            "atleastone_correct_%": 0.6769406392694064,
            "atleastone_DK_%": 0.0228310502283105,
            "all_correct_%": 0.6769406392694064,
            "all_DK_%": 0.0228310502283105,
            "correct_and_dk_%": 0.0045662100456621,
            "total_correct_%": 0.6769406392694064,
            "total_DK_%": 0.045662100456621,
            "exact_match_atleastone_correct_%": 0.19406392694063926,
            "exact_match_all_correct_%": 0.19406392694063926,
            "exact_match_total_correct_%": 0.19406392694063926
      },
      "dem": {
            "total_questions": 2628,
            "f1": 0.38700588834368377,
            "correct_and_dk": 11,
            "atleastone_correct": 638,
            "all_correct": 514,
            "total_correct": 1744,
            "exact_match_atleastone_correct": 293,
            "exact_match_all_correct": 107,
            "exact_match_total_correct": 592,
            "atleastone_DK": 37,
            "all_DK": 9,
            "total_DK": 116,
            "atleastone_correct_%": 0.728310502283105,
            "atleastone_DK_%": 0.04223744292237443,
            "all_correct_%": 0.5867579908675798,
            "all_DK_%": 0.010273972602739725,
            "correct_and_dk_%": 0.012557077625570776,
            "total_correct_%": 0.6636225266362252,
            "total_DK_%": 0.0441400304414003,
            "exact_match_atleastone_correct_%": 0.3344748858447488,
            "exact_match_all_correct_%": 0.12214611872146118,
            "exact_match_total_correct_%": 0.2252663622526636
      },
      "repub": {
            "total_questions": 2628,
            "f1": 0.3756618331828307,
            "correct_and_dk": 14,
            "atleastone_correct": 631,
            "all_correct": 505,
            "total_correct": 1720,
            "exact_match_atleastone_correct": 284,
            "exact_match_all_correct": 99,
            "exact_match_total_correct": 558,
            "atleastone_DK": 55,
            "all_DK": 13,
            "total_DK": 186,
            "atleastone_correct_%": 0.7203196347031964,
            "atleastone_DK_%": 0.06278538812785388,
            "all_correct_%": 0.5764840182648402,
            "all_DK_%": 0.014840182648401826,
            "correct_and_dk_%": 0.01598173515981735,
            "total_correct_%": 0.654490106544901,
            "total_DK_%": 0.07077625570776255,
            "exact_match_atleastone_correct_%": 0.3242009132420091,
            "exact_match_all_correct_%": 0.11301369863013698,
            "exact_match_total_correct_%": 0.21232876712328766
      }
}