{
      "noprompt": {
            "total_questions": 2628,
            "f1": 0.3931852935656759,
            "correct_and_dk": 7,
            "atleastone_correct": 647,
            "all_correct": 534,
            "total_correct": 1787,
            "exact_match_atleastone_correct": 293,
            "exact_match_all_correct": 108,
            "exact_match_total_correct": 588,
            "atleastone_DK": 25,
            "all_DK": 3,
            "total_DK": 66,
            "atleastone_correct_%": 0.7385844748858448,
            "atleastone_DK_%": 0.028538812785388126,
            "all_correct_%": 0.6095890410958904,
            "all_DK_%": 0.003424657534246575,
            "correct_and_dk_%": 0.007990867579908675,
            "total_correct_%": 0.6799847792998478,
            "total_DK_%": 0.02511415525114155,
            "exact_match_atleastone_correct_%": 0.3344748858447488,
            "exact_match_all_correct_%": 0.1232876712328767,
            "exact_match_total_correct_%": 0.2237442922374429
      },
      "SUM": {
            "total_questions": 876,
            "f1": 0.21955874121996263,
            "correct_and_dk": 24,
            "atleastone_correct": 584,
            "all_correct": 584,
            "total_correct": 584,
            "exact_match_atleastone_correct": 71,
            "exact_match_all_correct": 71,
            "exact_match_total_correct": 71,
            "atleastone_DK": 75,
            "all_DK": 75,
            "total_DK": 150,
            "atleastone_correct_%": 0.6666666666666666,
            "atleastone_DK_%": 0.08561643835616438,
            "all_correct_%": 0.6666666666666666,
            "all_DK_%": 0.08561643835616438,
            "correct_and_dk_%": 0.0273972602739726,
            "total_correct_%": 0.6666666666666666,
            "total_DK_%": 0.17123287671232876,
            "exact_match_atleastone_correct_%": 0.08105022831050228,
            "exact_match_all_correct_%": 0.08105022831050228,
            "exact_match_total_correct_%": 0.08105022831050228
      },
      "dem": {
            "total_questions": 2628,
            "f1": 0.3507898944278643,
            "correct_and_dk": 52,
            "atleastone_correct": 587,
            "all_correct": 430,
            "total_correct": 1539,
            "exact_match_atleastone_correct": 270,
            "exact_match_all_correct": 103,
            "exact_match_total_correct": 555,
            "atleastone_DK": 159,
            "all_DK": 30,
            "total_DK": 522,
            "atleastone_correct_%": 0.6700913242009132,
            "atleastone_DK_%": 0.1815068493150685,
            "all_correct_%": 0.4908675799086758,
            "all_DK_%": 0.03424657534246575,
            "correct_and_dk_%": 0.0593607305936073,
            "total_correct_%": 0.5856164383561644,
            "total_DK_%": 0.19863013698630136,
            "exact_match_atleastone_correct_%": 0.3082191780821918,
            "exact_match_all_correct_%": 0.11757990867579908,
            "exact_match_total_correct_%": 0.21118721461187215
      },
      "repub": {
            "total_questions": 2628,
            "f1": 0.32291042158122063,
            "correct_and_dk": 84,
            "atleastone_correct": 571,
            "all_correct": 393,
            "total_correct": 1453,
            "exact_match_atleastone_correct": 247,
            "exact_match_all_correct": 82,
            "exact_match_total_correct": 482,
            "atleastone_DK": 232,
            "all_DK": 52,
            "total_DK": 822,
            "atleastone_correct_%": 0.6518264840182648,
            "atleastone_DK_%": 0.2648401826484018,
            "all_correct_%": 0.4486301369863014,
            "all_DK_%": 0.0593607305936073,
            "correct_and_dk_%": 0.0958904109589041,
            "total_correct_%": 0.5528919330289194,
            "total_DK_%": 0.3127853881278539,
            "exact_match_atleastone_correct_%": 0.2819634703196347,
            "exact_match_all_correct_%": 0.09360730593607305,
            "exact_match_total_correct_%": 0.18340943683409436
      }
}