{
      "noprompt": {
            "total_questions": 2628,
            "f1": 0.3931852935656759,
            "correct_and_dk": 7,
            "atleastone_correct": 647,
            "all_correct": 534,
            "total_correct": 1787,
            "exact_match_atleastone_correct": 293,
            "exact_match_all_correct": 108,
            "exact_match_total_correct": 588,
            "atleastone_DK": 25,
            "all_DK": 3,
            "total_DK": 66,
            "atleastone_correct_%": 0.7385844748858448,
            "atleastone_DK_%": 0.028538812785388126,
            "all_correct_%": 0.6095890410958904,
            "all_DK_%": 0.003424657534246575,
            "correct_and_dk_%": 0.007990867579908675,
            "total_correct_%": 0.6799847792998478,
            "total_DK_%": 0.02511415525114155,
            "exact_match_atleastone_correct_%": 0.3344748858447488,
            "exact_match_all_correct_%": 0.1232876712328767,
            "exact_match_total_correct_%": 0.2237442922374429
      },
      "SUM": {
            "total_questions": 876,
            "f1": 0.36329310652608626,
            "correct_and_dk": 4,
            "atleastone_correct": 591,
            "all_correct": 591,
            "total_correct": 591,
            "exact_match_atleastone_correct": 172,
            "exact_match_all_correct": 172,
            "exact_match_total_correct": 172,
            "atleastone_DK": 21,
            "all_DK": 21,
            "total_DK": 42,
            "atleastone_correct_%": 0.6746575342465754,
            "atleastone_DK_%": 0.023972602739726026,
            "all_correct_%": 0.6746575342465754,
            "all_DK_%": 0.023972602739726026,
            "correct_and_dk_%": 0.0045662100456621,
            "total_correct_%": 0.6746575342465754,
            "total_DK_%": 0.04794520547945205,
            "exact_match_atleastone_correct_%": 0.1963470319634703,
            "exact_match_all_correct_%": 0.1963470319634703,
            "exact_match_total_correct_%": 0.1963470319634703
      },
      "dem": {
            "total_questions": 2628,
            "f1": 0.38708501182463384,
            "correct_and_dk": 11,
            "atleastone_correct": 639,
            "all_correct": 514,
            "total_correct": 1746,
            "exact_match_atleastone_correct": 293,
            "exact_match_all_correct": 106,
            "exact_match_total_correct": 591,
            "atleastone_DK": 36,
            "all_DK": 9,
            "total_DK": 114,
            "atleastone_correct_%": 0.7294520547945206,
            "atleastone_DK_%": 0.0410958904109589,
            "all_correct_%": 0.5867579908675798,
            "all_DK_%": 0.010273972602739725,
            "correct_and_dk_%": 0.012557077625570776,
            "total_correct_%": 0.6643835616438356,
            "total_DK_%": 0.04337899543378995,
            "exact_match_atleastone_correct_%": 0.3344748858447488,
            "exact_match_all_correct_%": 0.12100456621004566,
            "exact_match_total_correct_%": 0.22488584474885845
      },
      "repub": {
            "total_questions": 2628,
            "f1": 0.37662988783239226,
            "correct_and_dk": 14,
            "atleastone_correct": 632,
            "all_correct": 505,
            "total_correct": 1723,
            "exact_match_atleastone_correct": 284,
            "exact_match_all_correct": 99,
            "exact_match_total_correct": 560,
            "atleastone_DK": 53,
            "all_DK": 11,
            "total_DK": 174,
            "atleastone_correct_%": 0.7214611872146118,
            "atleastone_DK_%": 0.06050228310502283,
            "all_correct_%": 0.5764840182648402,
            "all_DK_%": 0.012557077625570776,
            "correct_and_dk_%": 0.01598173515981735,
            "total_correct_%": 0.6556316590563166,
            "total_DK_%": 0.06621004566210045,
            "exact_match_atleastone_correct_%": 0.3242009132420091,
            "exact_match_all_correct_%": 0.11301369863013698,
            "exact_match_total_correct_%": 0.213089802130898
      }
}