{
      "noprompt": {
            "total_questions": 2628,
            "f1": 0.3931852935656759,
            "correct_and_dk": 7,
            "atleastone_correct": 647,
            "all_correct": 534,
            "total_correct": 1787,
            "exact_match_atleastone_correct": 293,
            "exact_match_all_correct": 108,
            "exact_match_total_correct": 588,
            "atleastone_DK": 25,
            "all_DK": 3,
            "total_DK": 66,
            "atleastone_correct_%": 0.7385844748858448,
            "atleastone_DK_%": 0.028538812785388126,
            "all_correct_%": 0.6095890410958904,
            "all_DK_%": 0.003424657534246575,
            "correct_and_dk_%": 0.007990867579908675,
            "total_correct_%": 0.6799847792998478,
            "total_DK_%": 0.02511415525114155,
            "exact_match_atleastone_correct_%": 0.3344748858447488,
            "exact_match_all_correct_%": 0.1232876712328767,
            "exact_match_total_correct_%": 0.2237442922374429
      },
      "SUM": {
            "total_questions": 876,
            "f1": 0.2249113818473823,
            "correct_and_dk": 23,
            "atleastone_correct": 584,
            "all_correct": 584,
            "total_correct": 584,
            "exact_match_atleastone_correct": 75,
            "exact_match_all_correct": 75,
            "exact_match_total_correct": 75,
            "atleastone_DK": 73,
            "all_DK": 73,
            "total_DK": 146,
            "atleastone_correct_%": 0.6666666666666666,
            "atleastone_DK_%": 0.08333333333333333,
            "all_correct_%": 0.6666666666666666,
            "all_DK_%": 0.08333333333333333,
            "correct_and_dk_%": 0.026255707762557076,
            "total_correct_%": 0.6666666666666666,
            "total_DK_%": 0.16666666666666666,
            "exact_match_atleastone_correct_%": 0.08561643835616438,
            "exact_match_all_correct_%": 0.08561643835616438,
            "exact_match_total_correct_%": 0.08561643835616438
      },
      "dem": {
            "total_questions": 2628,
            "f1": 0.35384445879580684,
            "correct_and_dk": 48,
            "atleastone_correct": 588,
            "all_correct": 435,
            "total_correct": 1546,
            "exact_match_atleastone_correct": 274,
            "exact_match_all_correct": 105,
            "exact_match_total_correct": 561,
            "atleastone_DK": 151,
            "all_DK": 30,
            "total_DK": 502,
            "atleastone_correct_%": 0.6712328767123288,
            "atleastone_DK_%": 0.1723744292237443,
            "all_correct_%": 0.4965753424657534,
            "all_DK_%": 0.03424657534246575,
            "correct_and_dk_%": 0.0547945205479452,
            "total_correct_%": 0.5882800608828006,
            "total_DK_%": 0.19101978691019786,
            "exact_match_atleastone_correct_%": 0.31278538812785384,
            "exact_match_all_correct_%": 0.11986301369863013,
            "exact_match_total_correct_%": 0.2134703196347032
      },
      "repub": {
            "total_questions": 2628,
            "f1": 0.32591722216007213,
            "correct_and_dk": 81,
            "atleastone_correct": 572,
            "all_correct": 398,
            "total_correct": 1463,
            "exact_match_atleastone_correct": 251,
            "exact_match_all_correct": 84,
            "exact_match_total_correct": 489,
            "atleastone_DK": 225,
            "all_DK": 52,
            "total_DK": 806,
            "atleastone_correct_%": 0.6529680365296804,
            "atleastone_DK_%": 0.2568493150684931,
            "all_correct_%": 0.454337899543379,
            "all_DK_%": 0.0593607305936073,
            "correct_and_dk_%": 0.09246575342465753,
            "total_correct_%": 0.556697108066971,
            "total_DK_%": 0.3066971080669711,
            "exact_match_atleastone_correct_%": 0.2865296803652968,
            "exact_match_all_correct_%": 0.0958904109589041,
            "exact_match_total_correct_%": 0.1860730593607306
      }
}