{
      "noprompt": {
            "total_questions": 2628,
            "f1": 0.3931852935656759,
            "correct_and_dk": 7,
            "atleastone_correct": 647,
            "all_correct": 534,
            "total_correct": 1787,
            "exact_match_atleastone_correct": 293,
            "exact_match_all_correct": 108,
            "exact_match_total_correct": 588,
            "atleastone_DK": 25,
            "all_DK": 3,
            "total_DK": 66,
            "atleastone_correct_%": 0.7385844748858448,
            "atleastone_DK_%": 0.028538812785388126,
            "all_correct_%": 0.6095890410958904,
            "all_DK_%": 0.003424657534246575,
            "correct_and_dk_%": 0.007990867579908675,
            "total_correct_%": 0.6799847792998478,
            "total_DK_%": 0.02511415525114155,
            "exact_match_atleastone_correct_%": 0.3344748858447488,
            "exact_match_all_correct_%": 0.1232876712328767,
            "exact_match_total_correct_%": 0.2237442922374429
      },
      "SUM": {
            "total_questions": 876,
            "f1": 0.31470124103482466,
            "correct_and_dk": 13,
            "atleastone_correct": 590,
            "all_correct": 590,
            "total_correct": 590,
            "exact_match_atleastone_correct": 138,
            "exact_match_all_correct": 138,
            "exact_match_total_correct": 138,
            "atleastone_DK": 35,
            "all_DK": 35,
            "total_DK": 70,
            "atleastone_correct_%": 0.6735159817351598,
            "atleastone_DK_%": 0.03995433789954338,
            "all_correct_%": 0.6735159817351598,
            "all_DK_%": 0.03995433789954338,
            "correct_and_dk_%": 0.014840182648401826,
            "total_correct_%": 0.6735159817351598,
            "total_DK_%": 0.07990867579908675,
            "exact_match_atleastone_correct_%": 0.15753424657534246,
            "exact_match_all_correct_%": 0.15753424657534246,
            "exact_match_total_correct_%": 0.15753424657534246
      },
      "dem": {
            "total_questions": 2628,
            "f1": 0.3740408425790122,
            "correct_and_dk": 20,
            "atleastone_correct": 621,
            "all_correct": 488,
            "total_correct": 1678,
            "exact_match_atleastone_correct": 283,
            "exact_match_all_correct": 106,
            "exact_match_total_correct": 575,
            "atleastone_DK": 67,
            "all_DK": 15,
            "total_DK": 216,
            "atleastone_correct_%": 0.7089041095890412,
            "atleastone_DK_%": 0.07648401826484018,
            "all_correct_%": 0.5570776255707762,
            "all_DK_%": 0.017123287671232876,
            "correct_and_dk_%": 0.0228310502283105,
            "total_correct_%": 0.6385083713850838,
            "total_DK_%": 0.0821917808219178,
            "exact_match_atleastone_correct_%": 0.3230593607305936,
            "exact_match_all_correct_%": 0.12100456621004566,
            "exact_match_total_correct_%": 0.21879756468797565
      },
      "repub": {
            "total_questions": 2628,
            "f1": 0.3546282012138438,
            "correct_and_dk": 41,
            "atleastone_correct": 612,
            "all_correct": 461,
            "total_correct": 1620,
            "exact_match_atleastone_correct": 269,
            "exact_match_all_correct": 91,
            "exact_match_total_correct": 523,
            "atleastone_DK": 113,
            "all_DK": 22,
            "total_DK": 394,
            "atleastone_correct_%": 0.6986301369863013,
            "atleastone_DK_%": 0.12899543378995432,
            "all_correct_%": 0.5262557077625571,
            "all_DK_%": 0.02511415525114155,
            "correct_and_dk_%": 0.04680365296803653,
            "total_correct_%": 0.6164383561643836,
            "total_DK_%": 0.14992389649923896,
            "exact_match_atleastone_correct_%": 0.3070776255707762,
            "exact_match_all_correct_%": 0.10388127853881278,
            "exact_match_total_correct_%": 0.19901065449010655
      }
}