{
      "noprompt": {
            "total_questions": 2628,
            "f1": 0.3931852935656759,
            "correct_and_dk": 7,
            "atleastone_correct": 647,
            "all_correct": 534,
            "total_correct": 1787,
            "exact_match_atleastone_correct": 293,
            "exact_match_all_correct": 108,
            "exact_match_total_correct": 588,
            "atleastone_DK": 25,
            "all_DK": 3,
            "total_DK": 66,
            "atleastone_correct_%": 0.7385844748858448,
            "atleastone_DK_%": 0.028538812785388126,
            "all_correct_%": 0.6095890410958904,
            "all_DK_%": 0.003424657534246575,
            "correct_and_dk_%": 0.007990867579908675,
            "total_correct_%": 0.6799847792998478,
            "total_DK_%": 0.02511415525114155,
            "exact_match_atleastone_correct_%": 0.3344748858447488,
            "exact_match_all_correct_%": 0.1232876712328767,
            "exact_match_total_correct_%": 0.2237442922374429
      },
      "SUM": {
            "total_questions": 876,
            "f1": 0.34858792503503305,
            "correct_and_dk": 9,
            "atleastone_correct": 590,
            "all_correct": 590,
            "total_correct": 590,
            "exact_match_atleastone_correct": 162,
            "exact_match_all_correct": 162,
            "exact_match_total_correct": 162,
            "atleastone_DK": 26,
            "all_DK": 26,
            "total_DK": 52,
            "atleastone_correct_%": 0.6735159817351598,
            "atleastone_DK_%": 0.02968036529680365,
            "all_correct_%": 0.6735159817351598,
            "all_DK_%": 0.02968036529680365,
            "correct_and_dk_%": 0.010273972602739725,
            "total_correct_%": 0.6735159817351598,
            "total_DK_%": 0.0593607305936073,
            "exact_match_atleastone_correct_%": 0.18493150684931506,
            "exact_match_all_correct_%": 0.18493150684931506,
            "exact_match_total_correct_%": 0.18493150684931506
      },
      "dem": {
            "total_questions": 2628,
            "f1": 0.3828571614255041,
            "correct_and_dk": 13,
            "atleastone_correct": 630,
            "all_correct": 507,
            "total_correct": 1720,
            "exact_match_atleastone_correct": 291,
            "exact_match_all_correct": 105,
            "exact_match_total_correct": 588,
            "atleastone_DK": 45,
            "all_DK": 10,
            "total_DK": 142,
            "atleastone_correct_%": 0.7191780821917808,
            "atleastone_DK_%": 0.05136986301369863,
            "all_correct_%": 0.5787671232876712,
            "all_DK_%": 0.01141552511415525,
            "correct_and_dk_%": 0.014840182648401826,
            "total_correct_%": 0.654490106544901,
            "total_DK_%": 0.05403348554033485,
            "exact_match_atleastone_correct_%": 0.3321917808219178,
            "exact_match_all_correct_%": 0.11986301369863013,
            "exact_match_total_correct_%": 0.2237442922374429
      },
      "repub": {
            "total_questions": 2628,
            "f1": 0.3684139184427931,
            "correct_and_dk": 25,
            "atleastone_correct": 624,
            "all_correct": 492,
            "total_correct": 1687,
            "exact_match_atleastone_correct": 279,
            "exact_match_all_correct": 95,
            "exact_match_total_correct": 547,
            "atleastone_DK": 75,
            "all_DK": 14,
            "total_DK": 254,
            "atleastone_correct_%": 0.7123287671232876,
            "atleastone_DK_%": 0.08561643835616438,
            "all_correct_%": 0.5616438356164384,
            "all_DK_%": 0.01598173515981735,
            "correct_and_dk_%": 0.028538812785388126,
            "total_correct_%": 0.6419330289193302,
            "total_DK_%": 0.09665144596651445,
            "exact_match_atleastone_correct_%": 0.3184931506849315,
            "exact_match_all_correct_%": 0.10844748858447488,
            "exact_match_total_correct_%": 0.20814307458143075
      }
}