{
      "noprompt": {
            "total_questions": 2628,
            "f1": 0.3931852935656759,
            "correct_and_dk": 7,
            "atleastone_correct": 647,
            "all_correct": 534,
            "total_correct": 1787,
            "exact_match_atleastone_correct": 293,
            "exact_match_all_correct": 108,
            "exact_match_total_correct": 588,
            "atleastone_DK": 25,
            "all_DK": 3,
            "total_DK": 66,
            "atleastone_correct_%": 0.7385844748858448,
            "atleastone_DK_%": 0.028538812785388126,
            "all_correct_%": 0.6095890410958904,
            "all_DK_%": 0.003424657534246575,
            "correct_and_dk_%": 0.007990867579908675,
            "total_correct_%": 0.6799847792998478,
            "total_DK_%": 0.02511415525114155,
            "exact_match_atleastone_correct_%": 0.3344748858447488,
            "exact_match_all_correct_%": 0.1232876712328767,
            "exact_match_total_correct_%": 0.2237442922374429
      },
      "SUM": {
            "total_questions": 876,
            "f1": 0.3329487859416207,
            "correct_and_dk": 12,
            "atleastone_correct": 590,
            "all_correct": 590,
            "total_correct": 590,
            "exact_match_atleastone_correct": 151,
            "exact_match_all_correct": 151,
            "exact_match_total_correct": 151,
            "atleastone_DK": 30,
            "all_DK": 30,
            "total_DK": 60,
            "atleastone_correct_%": 0.6735159817351598,
            "atleastone_DK_%": 0.03424657534246575,
            "all_correct_%": 0.6735159817351598,
            "all_DK_%": 0.03424657534246575,
            "correct_and_dk_%": 0.0136986301369863,
            "total_correct_%": 0.6735159817351598,
            "total_DK_%": 0.0684931506849315,
            "exact_match_atleastone_correct_%": 0.1723744292237443,
            "exact_match_all_correct_%": 0.1723744292237443,
            "exact_match_total_correct_%": 0.1723744292237443
      },
      "dem": {
            "total_questions": 2628,
            "f1": 0.3802228415992444,
            "correct_and_dk": 15,
            "atleastone_correct": 624,
            "all_correct": 499,
            "total_correct": 1701,
            "exact_match_atleastone_correct": 291,
            "exact_match_all_correct": 106,
            "exact_match_total_correct": 589,
            "atleastone_DK": 54,
            "all_DK": 14,
            "total_DK": 176,
            "atleastone_correct_%": 0.7123287671232876,
            "atleastone_DK_%": 0.06164383561643835,
            "all_correct_%": 0.569634703196347,
            "all_DK_%": 0.01598173515981735,
            "correct_and_dk_%": 0.017123287671232876,
            "total_correct_%": 0.6472602739726028,
            "total_DK_%": 0.0669710806697108,
            "exact_match_atleastone_correct_%": 0.3321917808219178,
            "exact_match_all_correct_%": 0.12100456621004566,
            "exact_match_total_correct_%": 0.2241248097412481
      },
      "repub": {
            "total_questions": 2628,
            "f1": 0.36339980771133057,
            "correct_and_dk": 35,
            "atleastone_correct": 619,
            "all_correct": 476,
            "total_correct": 1652,
            "exact_match_atleastone_correct": 280,
            "exact_match_all_correct": 94,
            "exact_match_total_correct": 544,
            "atleastone_DK": 96,
            "all_DK": 20,
            "total_DK": 338,
            "atleastone_correct_%": 0.70662100456621,
            "atleastone_DK_%": 0.1095890410958904,
            "all_correct_%": 0.54337899543379,
            "all_DK_%": 0.0228310502283105,
            "correct_and_dk_%": 0.03995433789954338,
            "total_correct_%": 0.6286149162861492,
            "total_DK_%": 0.12861491628614916,
            "exact_match_atleastone_correct_%": 0.319634703196347,
            "exact_match_all_correct_%": 0.10730593607305935,
            "exact_match_total_correct_%": 0.2070015220700152
      }
}