{
      "noprompt": {
            "total_questions": 2628,
            "f1": 0.3931852935656759,
            "correct_and_dk": 7,
            "atleastone_correct": 647,
            "all_correct": 534,
            "total_correct": 1787,
            "exact_match_atleastone_correct": 293,
            "exact_match_all_correct": 108,
            "exact_match_total_correct": 588,
            "atleastone_DK": 25,
            "all_DK": 3,
            "total_DK": 66,
            "atleastone_correct_%": 0.7385844748858448,
            "atleastone_DK_%": 0.028538812785388126,
            "all_correct_%": 0.6095890410958904,
            "all_DK_%": 0.003424657534246575,
            "correct_and_dk_%": 0.007990867579908675,
            "total_correct_%": 0.6799847792998478,
            "total_DK_%": 0.02511415525114155,
            "exact_match_atleastone_correct_%": 0.3344748858447488,
            "exact_match_all_correct_%": 0.1232876712328767,
            "exact_match_total_correct_%": 0.2237442922374429
      },
      "SUM": {
            "total_questions": 876,
            "f1": 0.3845510881701838,
            "correct_and_dk": 0,
            "atleastone_correct": 593,
            "all_correct": 593,
            "total_correct": 593,
            "exact_match_atleastone_correct": 186,
            "exact_match_all_correct": 186,
            "exact_match_total_correct": 186,
            "atleastone_DK": 12,
            "all_DK": 12,
            "total_DK": 24,
            "atleastone_correct_%": 0.6769406392694064,
            "atleastone_DK_%": 0.0136986301369863,
            "all_correct_%": 0.6769406392694064,
            "all_DK_%": 0.0136986301369863,
            "correct_and_dk_%": 0.0,
            "total_correct_%": 0.6769406392694064,
            "total_DK_%": 0.0273972602739726,
            "exact_match_atleastone_correct_%": 0.21232876712328766,
            "exact_match_all_correct_%": 0.21232876712328766,
            "exact_match_total_correct_%": 0.21232876712328766
      },
      "dem": {
            "total_questions": 2628,
            "f1": 0.39007542781616916,
            "correct_and_dk": 7,
            "atleastone_correct": 644,
            "all_correct": 528,
            "total_correct": 1773,
            "exact_match_atleastone_correct": 292,
            "exact_match_all_correct": 107,
            "exact_match_total_correct": 587,
            "atleastone_DK": 26,
            "all_DK": 5,
            "total_DK": 76,
            "atleastone_correct_%": 0.7351598173515981,
            "atleastone_DK_%": 0.02968036529680365,
            "all_correct_%": 0.6027397260273972,
            "all_DK_%": 0.005707762557077625,
            "correct_and_dk_%": 0.007990867579908675,
            "total_correct_%": 0.6746575342465754,
            "total_DK_%": 0.0289193302891933,
            "exact_match_atleastone_correct_%": 0.3333333333333333,
            "exact_match_all_correct_%": 0.12214611872146118,
            "exact_match_total_correct_%": 0.22336377473363775
      },
      "repub": {
            "total_questions": 2628,
            "f1": 0.3876917901614178,
            "correct_and_dk": 8,
            "atleastone_correct": 642,
            "all_correct": 527,
            "total_correct": 1769,
            "exact_match_atleastone_correct": 289,
            "exact_match_all_correct": 106,
            "exact_match_total_correct": 578,
            "atleastone_DK": 31,
            "all_DK": 5,
            "total_DK": 88,
            "atleastone_correct_%": 0.732876712328767,
            "atleastone_DK_%": 0.03538812785388128,
            "all_correct_%": 0.6015981735159818,
            "all_DK_%": 0.005707762557077625,
            "correct_and_dk_%": 0.0091324200913242,
            "total_correct_%": 0.6731354642313546,
            "total_DK_%": 0.0334855403348554,
            "exact_match_atleastone_correct_%": 0.3299086757990867,
            "exact_match_all_correct_%": 0.12100456621004566,
            "exact_match_total_correct_%": 0.21993911719939116
      }
}