{
      "noprompt": {
            "total_questions": 2628,
            "f1": 0.3931852935656759,
            "correct_and_dk": 7,
            "atleastone_correct": 647,
            "all_correct": 534,
            "total_correct": 1787,
            "exact_match_atleastone_correct": 293,
            "exact_match_all_correct": 108,
            "exact_match_total_correct": 588,
            "atleastone_DK": 25,
            "all_DK": 3,
            "total_DK": 66,
            "atleastone_correct_%": 0.7385844748858448,
            "atleastone_DK_%": 0.028538812785388126,
            "all_correct_%": 0.6095890410958904,
            "all_DK_%": 0.003424657534246575,
            "correct_and_dk_%": 0.007990867579908675,
            "total_correct_%": 0.6799847792998478,
            "total_DK_%": 0.02511415525114155,
            "exact_match_atleastone_correct_%": 0.3344748858447488,
            "exact_match_all_correct_%": 0.1232876712328767,
            "exact_match_total_correct_%": 0.2237442922374429
      },
      "SUM": {
            "total_questions": 876,
            "f1": 0.35415849186436166,
            "correct_and_dk": 7,
            "atleastone_correct": 591,
            "all_correct": 591,
            "total_correct": 591,
            "exact_match_atleastone_correct": 166,
            "exact_match_all_correct": 166,
            "exact_match_total_correct": 166,
            "atleastone_DK": 23,
            "all_DK": 23,
            "total_DK": 46,
            "atleastone_correct_%": 0.6746575342465754,
            "atleastone_DK_%": 0.026255707762557076,
            "all_correct_%": 0.6746575342465754,
            "all_DK_%": 0.026255707762557076,
            "correct_and_dk_%": 0.007990867579908675,
            "total_correct_%": 0.6746575342465754,
            "total_DK_%": 0.05251141552511415,
            "exact_match_atleastone_correct_%": 0.18949771689497716,
            "exact_match_all_correct_%": 0.18949771689497716,
            "exact_match_total_correct_%": 0.18949771689497716
      },
      "dem": {
            "total_questions": 2628,
            "f1": 0.3843509080731762,
            "correct_and_dk": 12,
            "atleastone_correct": 633,
            "all_correct": 510,
            "total_correct": 1730,
            "exact_match_atleastone_correct": 291,
            "exact_match_all_correct": 107,
            "exact_match_total_correct": 589,
            "atleastone_DK": 40,
            "all_DK": 8,
            "total_DK": 122,
            "atleastone_correct_%": 0.7226027397260274,
            "atleastone_DK_%": 0.045662100456621,
            "all_correct_%": 0.5821917808219178,
            "all_DK_%": 0.0091324200913242,
            "correct_and_dk_%": 0.0136986301369863,
            "total_correct_%": 0.6582952815829528,
            "total_DK_%": 0.04642313546423135,
            "exact_match_atleastone_correct_%": 0.3321917808219178,
            "exact_match_all_correct_%": 0.12214611872146118,
            "exact_match_total_correct_%": 0.2241248097412481
      },
      "repub": {
            "total_questions": 2628,
            "f1": 0.3709512076294416,
            "correct_and_dk": 19,
            "atleastone_correct": 627,
            "all_correct": 497,
            "total_correct": 1700,
            "exact_match_atleastone_correct": 280,
            "exact_match_all_correct": 98,
            "exact_match_total_correct": 551,
            "atleastone_DK": 64,
            "all_DK": 12,
            "total_DK": 214,
            "atleastone_correct_%": 0.7157534246575342,
            "atleastone_DK_%": 0.0730593607305936,
            "all_correct_%": 0.567351598173516,
            "all_DK_%": 0.0136986301369863,
            "correct_and_dk_%": 0.021689497716894976,
            "total_correct_%": 0.6468797564687976,
            "total_DK_%": 0.08143074581430745,
            "exact_match_atleastone_correct_%": 0.319634703196347,
            "exact_match_all_correct_%": 0.11187214611872145,
            "exact_match_total_correct_%": 0.20966514459665145
      }
}