{
      "noprompt": {
            "total_questions": 2628,
            "f1": 0.3931852935656759,
            "correct_and_dk": 7,
            "atleastone_correct": 647,
            "all_correct": 534,
            "total_correct": 1787,
            "exact_match_atleastone_correct": 293,
            "exact_match_all_correct": 108,
            "exact_match_total_correct": 588,
            "atleastone_DK": 25,
            "all_DK": 3,
            "total_DK": 66,
            "atleastone_correct_%": 0.7385844748858448,
            "atleastone_DK_%": 0.028538812785388126,
            "all_correct_%": 0.6095890410958904,
            "all_DK_%": 0.003424657534246575,
            "correct_and_dk_%": 0.007990867579908675,
            "total_correct_%": 0.6799847792998478,
            "total_DK_%": 0.02511415525114155,
            "exact_match_atleastone_correct_%": 0.3344748858447488,
            "exact_match_all_correct_%": 0.1232876712328767,
            "exact_match_total_correct_%": 0.2237442922374429
      },
      "SUM": {
            "total_questions": 876,
            "f1": 0.29052401677041767,
            "correct_and_dk": 17,
            "atleastone_correct": 587,
            "all_correct": 587,
            "total_correct": 587,
            "exact_match_atleastone_correct": 121,
            "exact_match_all_correct": 121,
            "exact_match_total_correct": 121,
            "atleastone_DK": 49,
            "all_DK": 49,
            "total_DK": 98,
            "atleastone_correct_%": 0.6700913242009132,
            "atleastone_DK_%": 0.05593607305936073,
            "all_correct_%": 0.6700913242009132,
            "all_DK_%": 0.05593607305936073,
            "correct_and_dk_%": 0.019406392694063926,
            "total_correct_%": 0.6700913242009132,
            "total_DK_%": 0.11187214611872145,
            "exact_match_atleastone_correct_%": 0.13812785388127855,
            "exact_match_all_correct_%": 0.13812785388127855,
            "exact_match_total_correct_%": 0.13812785388127855
      },
      "dem": {
            "total_questions": 2628,
            "f1": 0.36638449869375417,
            "correct_and_dk": 29,
            "atleastone_correct": 613,
            "all_correct": 470,
            "total_correct": 1634,
            "exact_match_atleastone_correct": 276,
            "exact_match_all_correct": 106,
            "exact_match_total_correct": 565,
            "atleastone_DK": 95,
            "all_DK": 20,
            "total_DK": 310,
            "atleastone_correct_%": 0.6997716894977168,
            "atleastone_DK_%": 0.10844748858447488,
            "all_correct_%": 0.5365296803652968,
            "all_DK_%": 0.0228310502283105,
            "correct_and_dk_%": 0.033105022831050226,
            "total_correct_%": 0.621765601217656,
            "total_DK_%": 0.11796042617960426,
            "exact_match_atleastone_correct_%": 0.3150684931506849,
            "exact_match_all_correct_%": 0.12100456621004566,
            "exact_match_total_correct_%": 0.2149923896499239
      },
      "repub": {
            "total_questions": 2628,
            "f1": 0.3427128856882364,
            "correct_and_dk": 53,
            "atleastone_correct": 599,
            "all_correct": 439,
            "total_correct": 1563,
            "exact_match_atleastone_correct": 256,
            "exact_match_all_correct": 91,
            "exact_match_total_correct": 507,
            "atleastone_DK": 150,
            "all_DK": 34,
            "total_DK": 542,
            "atleastone_correct_%": 0.6837899543378996,
            "atleastone_DK_%": 0.17123287671232876,
            "all_correct_%": 0.5011415525114156,
            "all_DK_%": 0.03881278538812785,
            "correct_and_dk_%": 0.06050228310502283,
            "total_correct_%": 0.5947488584474886,
            "total_DK_%": 0.20624048706240486,
            "exact_match_atleastone_correct_%": 0.2922374429223744,
            "exact_match_all_correct_%": 0.10388127853881278,
            "exact_match_total_correct_%": 0.19292237442922375
      }
}