{
      "You:Who was Poopdeck Pappys most famous son?\nFriend:": {
            "dem": [
                  "\n\nI'm not sure."
            ],
            "dem_logprobs": [
                  [
                        -0.54458004,
                        -6.468596e-05,
                        -0.15966083,
                        -0.09364993,
                        -0.08297774,
                        -0.0005985634,
                        -0.3300309
                  ]
            ],
            "repub": [
                  "\n\nI'm not sure, but I believe his most famous son was Admiral William \"Pooch\" Pappy."
            ],
            "repub_logprobs": [
                  [
                        -0.3801062,
                        -4.3347598e-05,
                        -0.54747933,
                        -0.53109336,
                        -0.027032727,
                        -0.0004988487,
                        -0.023659347,
                        -0.001478585,
                        -0.036400463,
                        -0.6182327,
                        -0.5617585,
                        -0.021613054,
                        -1.1039229e-05,
                        -2.0966954e-06,
                        -0.00043856006,
                        -0.72962886,
                        -0.47566646,
                        -0.20561552,
                        -0.6150165,
                        -0.78283185,
                        -0.34473664,
                        -1.022884e-06,
                        -0.027558347,
                        -0.2384338,
                        -0.01701288
                  ]
            ],
            "SUM": [
                  "\n\nSome people believe that Poopdeck Pappy's most famous son was Admiral William \"Pooch\" Pappy, while others are unsure."
            ],
            "SUM_logprobs": [
                  [
                        -0.18077773,
                        -0.002690493,
                        -0.22452804,
                        -0.014540158,
                        -0.0028880408,
                        -0.00022826564,
                        -0.31432363,
                        -2.6180607e-05,
                        -1.1398727e-05,
                        -1.4616429e-05,
                        -0.20502603,
                        -0.00044666906,
                        -0.000102240454,
                        -2.141132e-05,
                        -3.076318e-07,
                        -0.0012339933,
                        -1.1873685e-05,
                        -4.501652e-05,
                        -0.00012655997,
                        -6.827632e-08,
                        -1.6642034e-05,
                        -3.529076e-06,
                        -1.8841804e-07,
                        -3.529076e-06,
                        -0.00011022838,
                        -0.00023464282,
                        -0.068175815,
                        -0.00050767296,
                        -0.0017648564,
                        -0.25113982,
                        -4.0040345e-06
                  ]
            ]
      },
      "You:Miami Beach in Florida borders which ocean?\nFriend:": {
            "dem": [
                  " The Atlantic Ocean."
            ],
            "dem_logprobs": [
                  [
                        -0.4656358,
                        -0.0034616506,
                        -0.026729155,
                        -0.0034853937
                  ]
            ],
            "repub": [
                  " The Atlantic Ocean."
            ],
            "repub_logprobs": [
                  [
                        -0.22099827,
                        -0.012440826,
                        -0.014066008,
                        -0.35937518
                  ]
            ],
            "SUM": [
                  "\n\nSome people believe that Miami Beach in Florida borders the Atlantic Ocean, while others believe it borders the Pacific Ocean."
            ],
            "SUM_logprobs": [
                  [
                        -0.036532078,
                        -0.00071319804,
                        -0.20739698,
                        -0.0006064359,
                        -0.06670441,
                        -0.00032383628,
                        -0.30409876,
                        -6.8669196e-06,
                        -0.62235296,
                        -3.237946e-05,
                        -0.450645,
                        -3.4089344e-06,
                        -7.720381e-05,
                        -6.8669196e-06,
                        -0.00041387448,
                        -9.370307e-06,
                        -1.7119806e-05,
                        -0.052449293,
                        -0.56882125,
                        -0.3289875,
                        -5.693833e-05,
                        -0.34832415,
                        -6.5092986e-06,
                        -1.7475562e-05
                  ]
            ]
      },
      "You:What was the occupation of Lovely Rita according to the song by the Beatles?\nFriend:": {
            "dem": [
                  "\n\nI'm not sure."
            ],
            "dem_logprobs": [
                  [
                        -0.26848873,
                        -0.018522121,
                        -0.8484595,
                        -0.0042931386,
                        -0.003547183,
                        -0.00017878464,
                        -0.26320994
                  ]
            ],
            "repub": [
                  "\n\nLovely Rita was an meter maid."
            ],
            "repub_logprobs": [
                  [
                        -0.61114603,
                        -0.009110238,
                        -0.74090797,
                        -9.055464e-07,
                        0,
                        -0.00641526,
                        -0.68676305,
                        -0.5773506,
                        -0.0003222875,
                        -0.053174563
                  ]
            ],
            "SUM": [
                  "\n\nSome people believe that Lovely Rita was an meter maid, while others are unsure."
            ],
            "SUM_logprobs": [
                  [
                        -0.046057787,
                        -0.013397423,
                        -0.058033165,
                        -0.00488385,
                        -0.24789208,
                        -0.0053602625,
                        -0.00076115556,
                        -6.827632e-08,
                        -0.0026733435,
                        -0.040985774,
                        -0.10968518,
                        -8.1019425e-05,
                        -4.716134e-05,
                        -0.019112179,
                        -2.462996e-05,
                        -0.0038297407,
                        -0.24036762,
                        -0.08696321
                  ]
            ]
      }
}