{
      "You: Do you think people have the right to bear arms?\nFriend:": {
            "dem": [
                  " I do not think people have the right to bear arms.",
                  " I do not think people have the right to bear arms.",
                  " I do not think people have the right to bear arms."
            ],
            "dem_logprobs": [
                  [
                        -0.5780394,
                        -0.83698726,
                        -0.099536546,
                        -0.1997127,
                        -0.08435857,
                        -0.404384,
                        -0.0005948651,
                        -0.00016006512,
                        -3.988961e-05,
                        -0.0041638454,
                        -5.2765092e-05,
                        -0.00023905636
                  ],
                  [
                        -0.5755306,
                        -0.8463862,
                        -0.10090669,
                        -0.20085622,
                        -0.08586958,
                        -0.40412542,
                        -0.00063428754,
                        -0.00017508729,
                        -4.179789e-05,
                        -0.003696021,
                        -5.24084e-05,
                        -0.0002386978
                  ],
                  [
                        -0.57753503,
                        -0.8534851,
                        -0.10276378,
                        -0.20257635,
                        -0.08683675,
                        -0.40403464,
                        -0.00065564,
                        -0.00017508729,
                        -4.1678675e-05,
                        -0.004510822,
                        -5.3716885e-05,
                        -0.00025252788
                  ]
            ],
            "repub": [
                  " Yes, I think people have the right to bear arms.",
                  " I do. I think it's a fundamental right of Americans.",
                  " I do. I think it's important that people have the right to protect themselves."
            ],
            "repub_logprobs": [
                  [
                        -1.4812409,
                        -0.05259937,
                        -0.120697856,
                        -0.52833945,
                        -0.23166113,
                        -0.03586671,
                        -0.07187025,
                        -0.0009666712,
                        -0.00013407106,
                        -0.07891082,
                        -3.6074933e-05,
                        -0.029413475
                  ],
                  [
                        -0.6700618,
                        -0.30185005,
                        -0.08353245,
                        -0.10217672,
                        -0.015154556,
                        -0.63204247,
                        -0.5578325,
                        -1.1691877,
                        -0.7228753,
                        -0.026415825,
                        -0.6566387,
                        -0.6588451,
                        -0.23280834
                  ],
                  [
                        -0.67616856,
                        -0.30989772,
                        -0.084078714,
                        -0.10310753,
                        -0.015588901,
                        -0.63228387,
                        -0.5570371,
                        -0.5414732,
                        -0.57680136,
                        -0.23511064,
                        -1.2686296,
                        -0.00017627938,
                        -0.30012366,
                        -5.7177684e-05,
                        -0.15750429,
                        -4.6684505e-05,
                        -0.28972384
                  ]
            ],
            "noprompt": [
                  " I think they have the right to bear arms if they are in a well-regulated militia.",
                  "\n\nThere is a lot of debate on this topic, but ultimately it is up to the individual to decide what they believe.",
                  "\n\nThere is a lot of debate on this topic, but ultimately it is up to the individual to decide what they believe."
            ],
            "noprompt_logprobs": [
                  [
                        -1.5301135,
                        -0.5875481,
                        -3.3122396,
                        -1.5139188,
                        -0.024083903,
                        -0.29024178,
                        -0.0023005402,
                        -0.8591893,
                        -0.075457744,
                        -0.58341694,
                        -0.0058357627,
                        -0.20645508,
                        -0.32545415,
                        -0.88592315,
                        -1.0102588,
                        -0.25978258,
                        -0.00089997076,
                        -0.00081466336,
                        -0.0014170442
                  ],
                  [
                        -0.93247616,
                        -9.65175e-05,
                        -0.6131561,
                        -0.028532824,
                        -0.3036176,
                        -0.007593641,
                        -3.076318e-07,
                        -0.0021486862,
                        -0.01777228,
                        -0.0002516953,
                        -0.19013228,
                        -0.14983945,
                        -0.00027613778,
                        -0.39730573,
                        -0.00024871225,
                        -0.42286608,
                        -0.004231305,
                        -6.827632e-08,
                        -0.13381684,
                        -0.040405814,
                        -0.0014764353,
                        -0.0068201437,
                        -0.17765199,
                        -9.270188e-05,
                        -0.0066625034,
                        -0.0020882383
                  ],
                  [
                        -0.9327604,
                        -9.675685e-05,
                        -0.6164648,
                        -0.028833263,
                        -0.30385983,
                        -0.0075748432,
                        -3.076318e-07,
                        -0.0021561533,
                        -0.017747708,
                        -0.00025085802,
                        -0.1884905,
                        -0.15457419,
                        -0.00026361804,
                        -0.40161645,
                        -0.00023845845,
                        -0.41631252,
                        -0.0041919784,
                        -6.827632e-08,
                        -0.13464478,
                        -0.04079788,
                        -0.0014696913,
                        -0.0068811174,
                        -0.17526469,
                        -9.234426e-05,
                        -0.006549885,
                        -0.0020159106
                  ]
            ],
            "SUM": [
                  " People are divided on whether or not people have the right to bear arms. Some people believe that it is a fundamental right of Americans, while others believe that people should only be able to bear arms if they are in a well-regulated militia."
            ],