{
      "You: Do you think people have the right to bear arms?\nFriend:": {
            "data": [
                  [
                        0.10788921309968569,
                        0.5927015642541457,
                        0.2669284343910825
                  ],
                  [
                        0.38884023762857556,
                        0.1726961931873135,
                        0.37213572866808053
                  ],
                  [
                        0.6156524097139388,
                        0.5797250503972162,
                        0.11161032848218773
                  ],
                  [
                        1.127402676123891,
                        1.149814608187724,
                        1.0609488078921716
                  ]
            ],
            "off_diagonal_gap": 0.7009563955957221
      },
      "avg": {
            "data": [
                  [
                        0.10788921309968569,
                        0.5927015642541457,
                        0.2669284343910825
                  ],
                  [
                        0.38884023762857556,
                        0.1726961931873135,
                        0.37213572866808053
                  ],
                  [
                        0.6156524097139388,
                        0.5797250503972162,
                        0.11161032848218773
                  ],
                  [
                        1.127402676123891,
                        1.149814608187724,
                        1.0609488078921716
                  ]
            ],
            "off_diagonal_gap": 0.7009563955957221
      }
}