{
      "noprompt": {
            "total_questions": 2628,
            "f1": 0.3931852935656759,
            "correct_and_dk": 7,
            "atleastone_correct": 647,
            "all_correct": 534,
            "total_correct": 1787,
            "exact_match_atleastone_correct": 293,
            "exact_match_all_correct": 108,
            "exact_match_total_correct": 588,
            "atleastone_DK": 25,
            "all_DK": 3,
            "total_DK": 66,
            "atleastone_correct_%": 0.7385844748858448,
            "atleastone_DK_%": 0.028538812785388126,
            "all_correct_%": 0.6095890410958904,
            "all_DK_%": 0.003424657534246575,
            "correct_and_dk_%": 0.007990867579908675,
            "total_correct_%": 0.6799847792998478,
            "total_DK_%": 0.02511415525114155,
            "exact_match_atleastone_correct_%": 0.3344748858447488,
            "exact_match_all_correct_%": 0.1232876712328767,
            "exact_match_total_correct_%": 0.2237442922374429
      },
      "SUM": {
            "total_questions": 876,
            "f1": 0.3915469343409908,
            "correct_and_dk": 0,
            "atleastone_correct": 596,
            "all_correct": 596,
            "total_correct": 596,
            "exact_match_atleastone_correct": 191,
            "exact_match_all_correct": 191,
            "exact_match_total_correct": 191,
            "atleastone_DK": 12,
            "all_DK": 12,
            "total_DK": 24,
            "atleastone_correct_%": 0.680365296803653,
            "atleastone_DK_%": 0.0136986301369863,
            "all_correct_%": 0.680365296803653,
            "all_DK_%": 0.0136986301369863,
            "correct_and_dk_%": 0.0,
            "total_correct_%": 0.680365296803653,
            "total_DK_%": 0.0273972602739726,
            "exact_match_atleastone_correct_%": 0.2180365296803653,
            "exact_match_all_correct_%": 0.2180365296803653,
            "exact_match_total_correct_%": 0.2180365296803653
      },
      "dem": {
            "total_questions": 2628,
            "f1": 0.39237876811964073,
            "correct_and_dk": 7,
            "atleastone_correct": 646,
            "all_correct": 532,
            "total_correct": 1783,
            "exact_match_atleastone_correct": 292,
            "exact_match_all_correct": 108,
            "exact_match_total_correct": 586,
            "atleastone_DK": 25,
            "all_DK": 4,
            "total_DK": 70,
            "atleastone_correct_%": 0.7374429223744292,
            "atleastone_DK_%": 0.028538812785388126,
            "all_correct_%": 0.6073059360730593,
            "all_DK_%": 0.0045662100456621,
            "correct_and_dk_%": 0.007990867579908675,
            "total_correct_%": 0.678462709284627,
            "total_DK_%": 0.02663622526636225,
            "exact_match_atleastone_correct_%": 0.3333333333333333,
            "exact_match_all_correct_%": 0.1232876712328767,
            "exact_match_total_correct_%": 0.22298325722983256
      },
      "repub": {
            "total_questions": 2628,
            "f1": 0.39180255589959273,
            "correct_and_dk": 8,
            "atleastone_correct": 646,
            "all_correct": 532,
            "total_correct": 1783,
            "exact_match_atleastone_correct": 292,
            "exact_match_all_correct": 107,
            "exact_match_total_correct": 584,
            "atleastone_DK": 27,
            "all_DK": 3,
            "total_DK": 72,
            "atleastone_correct_%": 0.7374429223744292,
            "atleastone_DK_%": 0.030821917808219176,
            "all_correct_%": 0.6073059360730593,
            "all_DK_%": 0.003424657534246575,
            "correct_and_dk_%": 0.0091324200913242,
            "total_correct_%": 0.678462709284627,
            "total_DK_%": 0.0273972602739726,
            "exact_match_atleastone_correct_%": 0.3333333333333333,
            "exact_match_all_correct_%": 0.12214611872146118,
            "exact_match_total_correct_%": 0.2222222222222222
      }
}