{
      "You: Do you think people have the right to bear arms?\nFriend:": {
            "data": [
                  [
                        0.14934925931354365,
                        0.3387039754888141,
                        0.28742797546864507
                  ],
                  [
                        0.7707126913024931,
                        0.18419437052126775,
                        0.6456314426025803
                  ],
                  [
                        1.2903230533015784,
                        1.4260585740196905,
                        1.2506922165929906
                  ],
                  [
                        0.0,
                        0.0,
                        0.0
                  ]
            ],
            "off_diagonal_gap": 0.7758730369564958
      },
      "You: Do you think an unborn fetus is a living person?\nFriend:": {
            "data": [
                  [
                        0.11885459522172381,
                        0.24607106058614053,
                        0.43353383467612505
                  ],
                  [
                        0.10247824513292755,
                        0.09930613928320238,
                        0.1317596075347105
                  ],
                  [
                        0.8970615232837469,
                        0.9243675503003594,
                        0.8484596361427523
                  ],
                  [
                        0.0,
                        0.0,
                        0.0
                  ]
            ],
            "off_diagonal_gap": 0.13038857121414188
      },
      "You: Do you think allowing female transgender athletes to compete with those born as women is fair?\nFriend:": {
            "data": [
                  [
                        0.11879893269997699,
                        0.1713873963626319,
                        0.22522600910072926
                  ],
                  [
                        0.1310186441146978,
                        0.1368386764157538,
                        0.23789951249407806
                  ],
                  [
                        0.7575372353931581,
                        0.7801237047224079,
                        0.7078787712482539
                  ],
                  [
                        0.0,
                        0.0,
                        0.0
                  ]
            ],
            "off_diagonal_gap": 0.04676843136159886
      },
      "You: Do you think vaccines are safe?\nFriend:": {
            "data": [
                  [
                        0.1354095112159241,
                        0.15543338425329709,
                        0.3337599645023256
                  ],
                  [
                        0.18866598072956597,
                        0.19686637377385074,
                        0.3438750687049085
                  ],
                  [
                        2.0810285192933833,
                        1.999218782113544,
                        1.8834629439985464
                  ],
                  [
                        0.0,
                        0.0,
                        0.0
                  ]
            ],
            "off_diagonal_gap": 0.011823479993088248
      },
      "You: Are climate scientists exaggerating the potential risks due to global warming?\nFriend:": {
            "data": [
                  [
                        0.08440551307465463,
                        0.1285886840233774,
                        0.28389849866608263
                  ],
                  [
                        0.30142505213577564,
                        0.13621777009453864,
                        0.35541755732502167
                  ],
                  [
                        0.9540123905349248,
                        0.9776487519536979,
                        0.9216476717819571
                  ],
                  [
                        0.0,
                        0.0,
                        0.0
                  ]
            ],
            "off_diagonal_gap": 0.2093904529899598
      },
      "avg": {
            "data": [
                  [
                        0.12136356230516462,
                        0.2080369001428522,
                        0.3127692564827815
                  ],
                  [
                        0.29886012268309203,
                        0.15068466601772265,
                        0.34291663773225983
                  ],
                  [
                        1.1959925443613584,
                        1.2214834726219401,
                        1.1224282479529002
                  ],
                  [
                        0.0,
                        0.0,
                        0.0
                  ]
            ],
            "off_diagonal_gap": 0.23484879450305687
      }
}