{
      "You: What should I do to prepare for my AP Chemistry test on balancing chemical equations ?\nFriend:": {
            "data": [
                  [
                        0.18393458207522684,
                        0.1683151139107048,
                        0.3523259526132081
                  ],
                  [
                        0.09076982028578433,
                        0.10016277565523862,
                        0.15124531272067449
                  ],
                  [
                        0.1680037212425355,
                        0.13500044016043306,
                        0.07125315147645775
                  ],
                  [
                        0.13076243691706937,
                        0.11553381697162012,
                        0.2274221866771029
                  ]
            ],
            "off_diagonal_gap": -0.008337474511325438
      },
      "You: What should my family of five do in a one week vacation in Hawaii?\nFriend:": {
            "data": [
                  [
                        0.11160452284496569,
                        0.13323481973383225,
                        0.20105078618456496
                  ],
                  [
                        0.10814202274987891,
                        0.10801547116938903,
                        0.1445381192296331
                  ],
                  [
                        0.17851229599510432,
                        0.18832200472557273,
                        0.09262454870010622
                  ],
                  [
                        0.12242462823229172,
                        0.12846070765623693,
                        0.6559514676923968
                  ]
            ],
            "off_diagonal_gap": 0.007252282823118812
      },
      "avg": {
            "data": [
                  [
                        0.0985130349733975,
                        0.10051664454817902,
                        0.184458912932591
                  ],
                  [
                        0.06630394767855441,
                        0.06939274894154254,
                        0.0985944773167692
                  ],
                  [
                        0.11550533907921326,
                        0.10777414829533526,
                        0.054625900058854655
                  ],
                  [
                        0.08439568838312037,
                        0.08133150820928568,
                        0.2944578847898332
                  ]
            ],
            "off_diagonal_gap": -0.0003617305627355386
      }
}