{
      "You: What should my family of five do in a one week vacation in Hawaii?\nFriend:": {
            "data": [
                  [
                        0.13529174400519112,
                        0.16986368815608205,
                        0.31038678014082705
                  ],
                  [
                        0.14937572275598957,
                        0.11348035290384265,
                        0.3281539926984117
                  ],
                  [
                        0.20413090870742573,
                        0.23470642195184568,
                        0.0897676099798056
                  ],
                  [
                        0.1521710216660624,
                        0.14424676812331974,
                        0.27283012098978576
                  ]
            ],
            "off_diagonal_gap": 0.02348910466767929
      },
      "You: What should I do to prepare for my AP Chemistry test on balancing chemical equations ?\nFriend:": {
            "data": [
                  [
                        0.15630014005526816,
                        0.13188997665783028,
                        0.35007513756118164
                  ],
                  [
                        0.15894701804874356,
                        0.1603499723860105,
                        0.4346858627700311
                  ],
                  [
                        0.3069412709214999,
                        0.28219014421261707,
                        0.05238293074776275
                  ],
                  [
                        0.11955454957389106,
                        0.13679919352132244,
                        0.2596438435940587
                  ]
            ],
            "off_diagonal_gap": -0.008604372578234931
      },
      "avg": {
            "data": [
                  [
                        0.09719729468681976,
                        0.10058455493797078,
                        0.2201539725673362
                  ],
                  [
                        0.10277424693491104,
                        0.09127677509661772,
                        0.25427995182281427
                  ],
                  [
                        0.17035739320964188,
                        0.17229885538815426,
                        0.047383513575856115
                  ],
                  [
                        0.09057519041331781,
                        0.09368198721488072,
                        0.17749132152794814
                  ]
            ],
            "off_diagonal_gap": 0.004961577363148108
      }
}