{
      "You: What should I do at my 21st birthday party?\nFriend:": {
            "data": [
                  [
                        0.4868685304600908,
                        0.4791326181915031,
                        0.8474620450180835
                  ],
                  [
                        0.16330736953635244,
                        0.1438257498185807,
                        0.25324603080826025
                  ],
                  [
                        0.21873249573432899,
                        0.17280085602807224,
                        0.12567329531904356
                  ],
                  [
                        0.4324452785489484,
                        0.18963428736759813,
                        0.725320596581536
                  ]
            ],
            "off_diagonal_gap": 0.011745707449183962
      },
      "You: What should I do to prepare for my AP Chemistry test on balancing chemical equations ?\nFriend:": {
            "data": [
                  [
                        0.21962675010739083,
                        0.164218740635007,
                        0.6444719372006285
                  ],
                  [
                        0.19862002797388253,
                        0.1966905416911744,
                        0.31218807664207676
                  ],
                  [
                        0.31491565053054155,
                        0.27721709276268613,
                        0.03122831841030213
                  ],
                  [
                        0.11889814555890126,
                        0.1444312530728585,
                        0.3877783801043006
                  ]
            ],
            "off_diagonal_gap": -0.05347852318967569
      },
      "You: What should my family of five do in a one week vacation in Hawaii?\nFriend:": {
            "data": [
                  [
                        0.08921558281372395,
                        0.11553910455052778,
                        0.21976154336501766
                  ],
                  [
                        0.16125225299616283,
                        0.13147878665137608,
                        0.27514798077498875
                  ],
                  [
                        0.3226624334792255,
                        0.3670131445578217,
                        0.088867281210907
                  ],
                  [
                        0.21706375838240008,
                        0.2078364157529612,
                        0.3606511577262157
                  ]
            ],
            "off_diagonal_gap": 0.05609698808159058
      },
      "avg": {
            "data": [
                  [
                        0.7957108633812057,
                        0.7588904633770378,
                        1.7116955255837298
                  ],
                  [
                        0.5231796505063978,
                        0.4719950781611312,
                        0.8405820882253259
                  ],
                  [
                        0.8563105797440961,
                        0.81703109334858,
                        0.2457688949402527
                  ],
                  [
                        0.7684071824902498,
                        0.5419019561934179,
                        1.4737501344120523
                  ]
            ],
            "off_diagonal_gap": 0.014364172341098769
      }
}