{
      "You: What should my family of five do in a one week vacation in Hawaii?\nFriend:": {
            "data": [
                  [
                        0.09365771083751748,
                        0.11484460080317169,
                        0.18451771653926335
                  ],
                  [
                        0.1329898229310092,
                        0.0986803463375658,
                        0.17764468908139855
                  ],
                  [
                        0.1271668930608135,
                        0.12438565840207917,
                        0.10204820761894418
                  ],
                  [
                        0.17966065809965553,
                        0.16493798929996306,
                        0.34452933109486583
                  ]
            ],
            "off_diagonal_gap": 0.05549636655909761
      },
      "You: What should I do to prepare for my AP Chemistry test on balancing chemical equations ?\nFriend:": {
            "data": [
                  [
                        0.14406284060533528,
                        0.13328204196666357,
                        0.18548544753257087
                  ],
                  [
                        0.1175183276950384,
                        0.12020024148485701,
                        0.10829361011837282
                  ],
                  [
                        0.17027054628929006,
                        0.11869339333247339,
                        0.05036514871784459
                  ],
                  [
                        0.21985173997365334,
                        0.15635898379443702,
                        0.31809385187619443
                  ]
            ],
            "off_diagonal_gap": -0.013462712428490356
      },
      "avg": {
            "data": [
                  [
                        0.23772055144285276,
                        0.24812664276983526,
                        0.3700031640718342
                  ],
                  [
                        0.2505081506260476,
                        0.2188805878224228,
                        0.2859382991997714
                  ],
                  [
                        0.2974374393501036,
                        0.24307905173455258,
                        0.15241335633678876
                  ],
                  [
                        0.39951239807330885,
                        0.3212969730944001,
                        0.6626231829710603
                  ]
            ],
            "off_diagonal_gap": 0.04203365413060728
      }
}