{
      "You: Do you think people have the right to bear arms?\nFriend:": {
            "data": [
                  [
                        0.11041448535493606,
                        0.4541583515034133,
                        0.2232267175482737
                  ],
                  [
                        0.983302015382071,
                        0.17690049330745666,
                        0.8582495902777676
                  ],
                  [
                        0.5223048112061996,
                        0.5837575550890505,
                        0.10884414085497202
                  ],
                  [
                        0.12122004170395435,
                        0.11391402139190199,
                        0.17112505751524998
                  ]
            ],
            "off_diagonal_gap": 0.38338179607436385
      },
      "You: Do you think allowing female transgender athletes to compete with those born as women is fair?\nFriend:": {
            "data": [
                  [
                        0.10576401476816208,
                        0.1453602342468633,
                        0.14800695239174538
                  ],
                  [
                        0.19774105721290597,
                        0.1764215576629949,
                        0.301274602387068
                  ],
                  [
                        0.2898325964381724,
                        0.37860386272651675,
                        0.17977162376287448
                  ],
                  [
                        0.1793522731157009,
                        0.24718885486618497,
                        0.273725025463458
                  ]
            ],
            "off_diagonal_gap": 0.020305239676204113
      },
      "You: Do you think an unborn fetus is a living person?\nFriend:": {
            "data": [
                  [
                        0.14409763263300038,
                        0.15439223205517497,
                        0.300546443755205
                  ],
                  [
                        0.10806460621046696,
                        0.0879071675660518,
                        0.2017289019607331
                  ],
                  [
                        0.2625595157155298,
                        0.28535648487610277,
                        0.12547415496838243
                  ],
                  [
                        0.11159195506418577,
                        0.1259923940084471,
                        0.20065048241137332
                  ]
            ],
            "off_diagonal_gap": 0.010150679355529916
      },
      "You: Are climate scientists exaggerating the potential risks due to global warming?\nFriend:": {
            "data": [
                  [
                        0.14423795312942791,
                        0.14425389268233968,
                        0.2031837721051385
                  ],
                  [
                        0.16699821529208236,
                        0.1425917240887302,
                        0.3654242397525411
                  ],
                  [
                        0.21955731084739408,
                        0.252926380514055,
                        0.11450049452877958
                  ],
                  [
                        0.1841918087654108,
                        0.17528577330458217,
                        0.3279013181290479
                  ]
            ],
            "off_diagonal_gap": 0.008140810252087977
      },
      "You: Do you think vaccines are safe?\nFriend:": {
            "data": [
                  [
                        0.14451331374364199,
                        0.1349616762508227,
                        0.31957736995502684
                  ],
                  [
                        0.23429385485928256,
                        0.209670122089558,
                        0.2731323018253973
                  ],
                  [
                        0.20949713546557164,
                        0.20556886496018145,
                        0.10372912819419193
                  ],
                  [
                        0.08611555196521631,
                        0.12077100958600284,
                        0.25672857529754456
                  ]
            ],
            "off_diagonal_gap": 0.0050240317589684185
      },
      "avg": {
            "data": [
                  [
                        0.2163424665430561,
                        0.34437546224620463,
                        0.39818041858512976
                  ],
                  [
                        0.5634665829856029,
                        0.26449702157159716,
                        0.6666032120678358
                  ],
                  [
                        0.5012504565576225,
                        0.5687377160553021,
                        0.21077318076973345
                  ],
                  [
                        0.227490543538156,
                        0.26105068438570633,
                        0.41004348627222453
                  ]
            ],
            "off_diagonal_gap": 0.1423341857057181
      }
}