{
      "You: Do you think an unborn fetus is a living person?\nFriend:": {
            "data": [
                  [
                        0.14987030184615607,
                        0.17832985724480943,
                        0.316901331534699
                  ],
                  [
                        0.07117225334951219,
                        0.06067508078353749,
                        0.10043859659290567
                  ],
                  [
                        0.08954365863738203,
                        0.10093618258391933,
                        0.08042918995294752
                  ],
                  [
                        0.13835262902530124,
                        0.15870269251760388,
                        0.3013360981351934
                  ]
            ],
            "off_diagonal_gap": 0.007791345592925611
      },
      "You: Do you think vaccines are safe?\nFriend:": {
            "data": [
                  [
                        0.11078401934699383,
                        0.13732839069423014,
                        0.24056880536249103
                  ],
                  [
                        0.11856002899767683,
                        0.11919397886057748,
                        0.23230965172975573
                  ],
                  [
                        0.22850225089213172,
                        0.21300849796318647,
                        0.11722472246149959
                  ],
                  [
                        0.16162288429274002,
                        0.1660313627129328,
                        0.288859678697779
                  ]
            ],
            "off_diagonal_gap": 0.005182084296867129
      },
      "You: Do you think people have the right to bear arms?\nFriend:": {
            "data": [
                  [
                        0.13316237192760208,
                        0.24723866484889406,
                        0.3588252874970844
                  ],
                  [
                        0.49817434976487684,
                        0.1593706615918379,
                        0.5603064587679742
                  ],
                  [
                        0.21433602645313848,
                        0.20185354581315973,
                        0.1197392577671851
                  ],
                  [
                        0.0824379808551149,
                        0.09486961714305242,
                        0.1525759407085358
                  ]
            ],
            "off_diagonal_gap": 0.09057599621886621
      },
      "You: Do you think allowing female transgender athletes to compete with those born as women is fair?\nFriend:": {
            "data": [
                  [
                        0.1289264151379649,
                        0.14401651680619126,
                        0.1899680566164218
                  ],
                  [
                        0.08679258921292411,
                        0.08342154538718274,
                        0.12440594551859825
                  ],
                  [
                        0.19116373411476534,
                        0.18671095514255284,
                        0.14218573241097243
                  ],
                  [
                        0.1362968960868836,
                        0.14493993772764138,
                        0.20017924480239666
                  ]
            ],
            "off_diagonal_gap": 0.003692229098793543
      },
      "You: Are climate scientists exaggerating the potential risks due to global warming?\nFriend:": {
            "data": [
                  [
                        0.13253221576575033,
                        0.13909672006747176,
                        0.1671213141253531
                  ],
                  [
                        0.2117111615027059,
                        0.1747560173647967,
                        0.4169915120480281
                  ],
                  [
                        0.15498104166279217,
                        0.19829009565318342,
                        0.08481746771120628
                  ],
                  [
                        0.16727228216387235,
                        0.1605216234560387,
                        0.2563823249128978
                  ]
            ],
            "off_diagonal_gap": 0.008703929687926127
      },
      "avg": {
            "data": [
                  [
                        0.13105506480489346,
                        0.16920202993231936,
                        0.2546769590272099
                  ],
                  [
                        0.1972820765655392,
                        0.11948345679758648,
                        0.2868904329314524
                  ],
                  [
                        0.175705342352042,
                        0.18015985543120036,
                        0.1088792740607622
                  ],
                  [
                        0.13719653448478245,
                        0.14501304671145385,
                        0.23986665745136057
                  ]
            ],
            "off_diagonal_gap": 0.023189116979075726
      }
}