{
      "You: Are climate scientists exaggerating the potential risks due to global warming?\nFriend:": {
            "data": [
                  [
                        0.12038731873458866,
                        0.5334531834570351,
                        0.6783708088929123
                  ],
                  [
                        0.49011507034195756,
                        0.11614902710192826,
                        0.8778167773923014
                  ],
                  [
                        1.3376151704435264,
                        1.391283330175543,
                        1.3234929911391773
                  ],
                  [
                        0.0,
                        0.0,
                        0.0
                  ]
            ],
            "off_diagonal_gap": 0.7870319079624757
      },
      "You: Do you think people have the right to bear arms?\nFriend:": {
            "data": [
                  [
                        0.09199614533465929,
                        0.3003293867309026,
                        0.3186056835831612
                  ],
                  [
                        0.7582687851128582,
                        0.10803704763499324,
                        0.6024435202979337
                  ],
                  [
                        1.2135372129899609,
                        1.341885632405677,
                        1.3930926373236223
                  ],
                  [
                        0.0,
                        0.0,
                        0.0
                  ]
            ],
            "off_diagonal_gap": 0.8585649788741084
      },
      "You: Do you think an unborn fetus is a living person?\nFriend:": {
            "data": [
                  [
                        0.13380178683853228,
                        0.8926872932016929,
                        1.0447328961112983
                  ],
                  [
                        0.548893024696324,
                        0.12478291669065716,
                        0.5311020443852926
                  ],
                  [
                        0.7282031001104708,
                        0.6678998377058989,
                        0.7456465847928243
                  ],
                  [
                        0.0,
                        0.0,
                        0.0
                  ]
            ],
            "off_diagonal_gap": 1.1829956143688276
      },
      "You: Do you think vaccines are safe?\nFriend:": {
            "data": [
                  [
                        0.11544797555953368,
                        0.2615967808150411,
                        0.4176104226225937
                  ],
                  [
                        0.5635530420520621,
                        0.1484931826849622,
                        0.5113743775292848
                  ],
                  [
                        0.2729308148866787,
                        0.5137475053727153,
                        0.5209546474005788
                  ],
                  [
                        0.0,
                        0.0,
                        0.0
                  ]
            ],
            "off_diagonal_gap": 0.5612086646226073
      },
      "You: Do you think allowing female transgender athletes to compete with those born as women is fair?\nFriend:": {
            "data": [
                  [
                        0.1115746100134169,
                        0.2958733710968546,
                        0.42133526574466207
                  ],
                  [
                        0.3964728188220188,
                        0.10343933589538944,
                        0.334304744390595
                  ],
                  [
                        0.7592186487553454,
                        0.7575798645351213,
                        0.6698705168638186
                  ],
                  [
                        0.0,
                        0.0,
                        0.0
                  ]
            ],
            "off_diagonal_gap": 0.477332244010067
      },
      "avg": {
            "data": [
                  [
                        0.11464156729614616,
                        0.4567880030603052,
                        0.5761310153909255
                  ],
                  [
                        0.5514605482050442,
                        0.12018030200158605,
                        0.5714082927990815
                  ],
                  [
                        0.8623009894371965,
                        0.934479234038991,
                        0.9306114755040042
                  ],
                  [
                        0.0,
                        0.0,
                        0.0
                  ]
            ],
            "off_diagonal_gap": 0.7734266819676172
      }
}