{
      "You: Do you think allowing female transgender athletes to compete with those born as women is fair?\nFriend:": {
            "data": [
                  [
                        0.13442057597712698,
                        0.20685073845873198,
                        0.2723698154966877
                  ],
                  [
                        0.2089963055535285,
                        0.16273120324584464,
                        0.30694074967923424
                  ],
                  [
                        1.185682781913112,
                        1.1944073413706218,
                        1.1243526442679097
                  ],
                  [
                        0.0,
                        0.0,
                        0.0
                  ]
            ],
            "off_diagonal_gap": 0.11869526478928885
      },
      "You: Do you think vaccines are safe?\nFriend:": {
            "data": [
                  [
                        0.17306077256611926,
                        0.15925539802026256,
                        0.2711744276782123
                  ],
                  [
                        0.21701697702915945,
                        0.15871902277988512,
                        0.41472195140600393
                  ],
                  [
                        1.349775649802162,
                        1.2654605804826062,
                        1.125870204050946
                  ],
                  [
                        0.0,
                        0.0,
                        0.0
                  ]
            ],
            "off_diagonal_gap": 0.044492579703417634
      },
      "You: Are climate scientists exaggerating the potential risks due to global warming?\nFriend:": {
            "data": [
                  [
                        0.13087960392372394,
                        0.1652544524882014,
                        0.3401084592651453
                  ],
                  [
                        0.5097303806981126,
                        0.15525768073153173,
                        0.5454476442740614
                  ],
                  [
                        1.6855815388310251,
                        1.5410011462326008,
                        1.704940523846585
                  ],
                  [
                        0.0,
                        0.0,
                        0.0
                  ]
            ],
            "off_diagonal_gap": 0.38884754853105835
      },
      "You: Do you think an unborn fetus is a living person?\nFriend:": {
            "data": [
                  [
                        0.09831153516171444,
                        0.13025351610873856,
                        0.21169076956981975
                  ],
                  [
                        0.15751916235605562,
                        0.11463686779980695,
                        0.2187790560997152
                  ],
                  [
                        1.07293225384192,
                        1.0795147814056298,
                        1.3052642705966417
                  ],
                  [
                        0.0,
                        0.0,
                        0.0
                  ]
            ],
            "off_diagonal_gap": 0.07482427550327278
      },
      "You: Do you think people have the right to bear arms?\nFriend:": {
            "data": [
                  [
                        0.10454661499009246,
                        0.4997970570605615,
                        0.2562511404874124
                  ],
                  [
                        0.5940532082611185,
                        0.19670319004043965,
                        0.5188275455448962
                  ],
                  [
                        1.378539742453516,
                        1.3879016451781707,
                        1.2405465764786123
                  ],
                  [
                        0.0,
                        0.0,
                        0.0
                  ]
            ],
            "off_diagonal_gap": 0.7926004602911478
      },
      "avg": {
            "data": [
                  [
                        0.12824382052375544,
                        0.2322822324272992,
                        0.2703189224994555
                  ],
                  [
                        0.33746320677959496,
                        0.15760959291950163,
                        0.4009433894007822
                  ],
                  [
                        1.3345023933683469,
                        1.2936570989339258,
                        1.300194843848139
                  ],
                  [
                        0.0,
                        0.0,
                        0.0
                  ]
            ],
            "off_diagonal_gap": 0.28389202576363703
      }
}