{
      "noprompt": {
            "total_questions": 2628,
            "f1": 0.3931852935656759,
            "correct_and_dk": 7,
            "atleastone_correct": 647,
            "all_correct": 534,
            "total_correct": 1787,
            "exact_match_atleastone_correct": 293,
            "exact_match_all_correct": 108,
            "exact_match_total_correct": 588,
            "atleastone_DK": 25,
            "all_DK": 3,
            "total_DK": 66,
            "atleastone_correct_%": 0.7385844748858448,
            "atleastone_DK_%": 0.028538812785388126,
            "all_correct_%": 0.6095890410958904,
            "all_DK_%": 0.003424657534246575,
            "correct_and_dk_%": 0.007990867579908675,
            "total_correct_%": 0.6799847792998478,
            "total_DK_%": 0.02511415525114155,
            "exact_match_atleastone_correct_%": 0.3344748858447488,
            "exact_match_all_correct_%": 0.1232876712328767,
            "exact_match_total_correct_%": 0.2237442922374429
      },
      "SUM": {
            "total_questions": 876,
            "f1": 0.1256118797396007,
            "correct_and_dk": 33,
            "atleastone_correct": 565,
            "all_correct": 565,
            "total_correct": 565,
            "exact_match_atleastone_correct": 19,
            "exact_match_all_correct": 19,
            "exact_match_total_correct": 19,
            "atleastone_DK": 110,
            "all_DK": 110,
            "total_DK": 220,
            "atleastone_correct_%": 0.6449771689497716,
            "atleastone_DK_%": 0.12557077625570776,
            "all_correct_%": 0.6449771689497716,
            "all_DK_%": 0.12557077625570776,
            "correct_and_dk_%": 0.03767123287671233,
            "total_correct_%": 0.6449771689497716,
            "total_DK_%": 0.2511415525114155,
            "exact_match_atleastone_correct_%": 0.021689497716894976,
            "exact_match_all_correct_%": 0.021689497716894976,
            "exact_match_total_correct_%": 0.021689497716894976
      },
      "dem": {
            "total_questions": 2628,
            "f1": 0.3281133847852999,
            "correct_and_dk": 73,
            "atleastone_correct": 545,
            "all_correct": 365,
            "total_correct": 1378,
            "exact_match_atleastone_correct": 256,
            "exact_match_all_correct": 109,
            "exact_match_total_correct": 548,
            "atleastone_DK": 243,
            "all_DK": 59,
            "total_DK": 850,
            "atleastone_correct_%": 0.6221461187214612,
            "atleastone_DK_%": 0.2773972602739726,
            "all_correct_%": 0.4166666666666667,
            "all_DK_%": 0.06735159817351598,
            "correct_and_dk_%": 0.08333333333333333,
            "total_correct_%": 0.5243531202435312,
            "total_DK_%": 0.3234398782343988,
            "exact_match_atleastone_correct_%": 0.2922374429223744,
            "exact_match_all_correct_%": 0.12442922374429223,
            "exact_match_total_correct_%": 0.2085235920852359
      },
      "repub": {
            "total_questions": 2628,
            "f1": 0.3002292820198894,
            "correct_and_dk": 110,
            "atleastone_correct": 529,
            "all_correct": 326,
            "total_correct": 1291,
            "exact_match_atleastone_correct": 239,
            "exact_match_all_correct": 85,
            "exact_match_total_correct": 479,
            "atleastone_DK": 321,
            "all_DK": 74,
            "total_DK": 1144,
            "atleastone_correct_%": 0.6038812785388128,
            "atleastone_DK_%": 0.3664383561643835,
            "all_correct_%": 0.3721461187214612,
            "all_DK_%": 0.08447488584474885,
            "correct_and_dk_%": 0.12557077625570776,
            "total_correct_%": 0.491248097412481,
            "total_DK_%": 0.4353120243531202,
            "exact_match_atleastone_correct_%": 0.2728310502283105,
            "exact_match_all_correct_%": 0.09703196347031963,
            "exact_match_total_correct_%": 0.18226788432267885
      }
}