{
      "noprompt": {
            "total_questions": 2628,
            "f1": 0.3931852935656759,
            "correct_and_dk": 7,
            "atleastone_correct": 647,
            "all_correct": 534,
            "total_correct": 1787,
            "exact_match_atleastone_correct": 293,
            "exact_match_all_correct": 108,
            "exact_match_total_correct": 588,
            "atleastone_DK": 25,
            "all_DK": 3,
            "total_DK": 66,
            "atleastone_correct_%": 0.7385844748858448,
            "atleastone_DK_%": 0.028538812785388126,
            "all_correct_%": 0.6095890410958904,
            "all_DK_%": 0.003424657534246575,
            "correct_and_dk_%": 0.007990867579908675,
            "total_correct_%": 0.6799847792998478,
            "total_DK_%": 0.02511415525114155,
            "exact_match_atleastone_correct_%": 0.3344748858447488,
            "exact_match_all_correct_%": 0.1232876712328767,
            "exact_match_total_correct_%": 0.2237442922374429
      },
      "SUM": {
            "total_questions": 876,
            "f1": 0.23431029864225414,
            "correct_and_dk": 23,
            "atleastone_correct": 585,
            "all_correct": 585,
            "total_correct": 585,
            "exact_match_atleastone_correct": 81,
            "exact_match_all_correct": 81,
            "exact_match_total_correct": 81,
            "atleastone_DK": 71,
            "all_DK": 71,
            "total_DK": 142,
            "atleastone_correct_%": 0.6678082191780822,
            "atleastone_DK_%": 0.08105022831050228,
            "all_correct_%": 0.6678082191780822,
            "all_DK_%": 0.08105022831050228,
            "correct_and_dk_%": 0.026255707762557076,
            "total_correct_%": 0.6678082191780822,
            "total_DK_%": 0.16210045662100456,
            "exact_match_atleastone_correct_%": 0.09246575342465753,
            "exact_match_all_correct_%": 0.09246575342465753,
            "exact_match_total_correct_%": 0.09246575342465753
      },
      "dem": {
            "total_questions": 2628,
            "f1": 0.3572665610864292,
            "correct_and_dk": 44,
            "atleastone_correct": 588,
            "all_correct": 439,
            "total_correct": 1551,
            "exact_match_atleastone_correct": 273,
            "exact_match_all_correct": 109,
            "exact_match_total_correct": 568,
            "atleastone_DK": 143,
            "all_DK": 28,
            "total_DK": 474,
            "atleastone_correct_%": 0.6712328767123288,
            "atleastone_DK_%": 0.1632420091324201,
            "all_correct_%": 0.5011415525114156,
            "all_DK_%": 0.0319634703196347,
            "correct_and_dk_%": 0.0502283105022831,
            "total_correct_%": 0.5901826484018264,
            "total_DK_%": 0.18036529680365296,
            "exact_match_atleastone_correct_%": 0.3116438356164383,
            "exact_match_all_correct_%": 0.12442922374429223,
            "exact_match_total_correct_%": 0.2161339421613394
      },
      "repub": {
            "total_questions": 2628,
            "f1": 0.32938102107243405,
            "correct_and_dk": 79,
            "atleastone_correct": 574,
            "all_correct": 401,
            "total_correct": 1472,
            "exact_match_atleastone_correct": 252,
            "exact_match_all_correct": 87,
            "exact_match_total_correct": 496,
            "atleastone_DK": 216,
            "all_DK": 47,
            "total_DK": 764,
            "atleastone_correct_%": 0.6552511415525114,
            "atleastone_DK_%": 0.2465753424657534,
            "all_correct_%": 0.4577625570776256,
            "all_DK_%": 0.05365296803652968,
            "correct_and_dk_%": 0.09018264840182648,
            "total_correct_%": 0.5601217656012176,
            "total_DK_%": 0.2907153729071537,
            "exact_match_atleastone_correct_%": 0.2876712328767123,
            "exact_match_all_correct_%": 0.09931506849315068,
            "exact_match_total_correct_%": 0.1887366818873668
      }
}