{
      "noprompt": {
            "total_questions": 2628,
            "f1": 0.3931852935656759,
            "correct_and_dk": 7,
            "atleastone_correct": 647,
            "all_correct": 534,
            "total_correct": 1787,
            "exact_match_atleastone_correct": 293,
            "exact_match_all_correct": 108,
            "exact_match_total_correct": 588,
            "atleastone_DK": 25,
            "all_DK": 3,
            "total_DK": 66,
            "atleastone_correct_%": 0.7385844748858448,
            "atleastone_DK_%": 0.028538812785388126,
            "all_correct_%": 0.6095890410958904,
            "all_DK_%": 0.003424657534246575,
            "correct_and_dk_%": 0.007990867579908675,
            "total_correct_%": 0.6799847792998478,
            "total_DK_%": 0.02511415525114155,
            "exact_match_atleastone_correct_%": 0.3344748858447488,
            "exact_match_all_correct_%": 0.1232876712328767,
            "exact_match_total_correct_%": 0.2237442922374429
      },
      "SUM": {
            "total_questions": 876,
            "f1": 0.2261480637347491,
            "correct_and_dk": 23,
            "atleastone_correct": 585,
            "all_correct": 585,
            "total_correct": 585,
            "exact_match_atleastone_correct": 76,
            "exact_match_all_correct": 76,
            "exact_match_total_correct": 76,
            "atleastone_DK": 73,
            "all_DK": 73,
            "total_DK": 146,
            "atleastone_correct_%": 0.6678082191780822,
            "atleastone_DK_%": 0.08333333333333333,
            "all_correct_%": 0.6678082191780822,
            "all_DK_%": 0.08333333333333333,
            "correct_and_dk_%": 0.026255707762557076,
            "total_correct_%": 0.6678082191780822,
            "total_DK_%": 0.16666666666666666,
            "exact_match_atleastone_correct_%": 0.0867579908675799,
            "exact_match_all_correct_%": 0.0867579908675799,
            "exact_match_total_correct_%": 0.0867579908675799
      },
      "dem": {
            "total_questions": 2628,
            "f1": 0.3547830686385263,
            "correct_and_dk": 47,
            "atleastone_correct": 589,
            "all_correct": 436,
            "total_correct": 1549,
            "exact_match_atleastone_correct": 274,
            "exact_match_all_correct": 106,
            "exact_match_total_correct": 563,
            "atleastone_DK": 149,
            "all_DK": 30,
            "total_DK": 496,
            "atleastone_correct_%": 0.6723744292237444,
            "atleastone_DK_%": 0.17009132420091322,
            "all_correct_%": 0.4977168949771689,
            "all_DK_%": 0.03424657534246575,
            "correct_and_dk_%": 0.05365296803652968,
            "total_correct_%": 0.5894216133942162,
            "total_DK_%": 0.1887366818873668,
            "exact_match_atleastone_correct_%": 0.31278538812785384,
            "exact_match_all_correct_%": 0.12100456621004566,
            "exact_match_total_correct_%": 0.21423135464231355
      },
      "repub": {
            "total_questions": 2628,
            "f1": 0.3270189109329938,
            "correct_and_dk": 80,
            "atleastone_correct": 573,
            "all_correct": 399,
            "total_correct": 1466,
            "exact_match_atleastone_correct": 252,
            "exact_match_all_correct": 85,
            "exact_match_total_correct": 492,
            "atleastone_DK": 223,
            "all_DK": 51,
            "total_DK": 796,
            "atleastone_correct_%": 0.654109589041096,
            "atleastone_DK_%": 0.2545662100456621,
            "all_correct_%": 0.45547945205479456,
            "all_DK_%": 0.05821917808219178,
            "correct_and_dk_%": 0.091324200913242,
            "total_correct_%": 0.5578386605783866,
            "total_DK_%": 0.3028919330289193,
            "exact_match_atleastone_correct_%": 0.2876712328767123,
            "exact_match_all_correct_%": 0.09703196347031963,
            "exact_match_total_correct_%": 0.1872146118721461
      }
}