{
      "noprompt": {
            "total_questions": 2628,
            "f1": 0.3931852935656759,
            "correct_and_dk": 7,
            "atleastone_correct": 647,
            "all_correct": 534,
            "total_correct": 1787,
            "exact_match_atleastone_correct": 293,
            "exact_match_all_correct": 108,
            "exact_match_total_correct": 588,
            "atleastone_DK": 25,
            "all_DK": 3,
            "total_DK": 66,
            "atleastone_correct_%": 0.7385844748858448,
            "atleastone_DK_%": 0.028538812785388126,
            "all_correct_%": 0.6095890410958904,
            "all_DK_%": 0.003424657534246575,
            "correct_and_dk_%": 0.007990867579908675,
            "total_correct_%": 0.6799847792998478,
            "total_DK_%": 0.02511415525114155,
            "exact_match_atleastone_correct_%": 0.3344748858447488,
            "exact_match_all_correct_%": 0.1232876712328767,
            "exact_match_total_correct_%": 0.2237442922374429
      },
      "SUM": {
            "total_questions": 876,
            "f1": 0.30789707854798687,
            "correct_and_dk": 16,
            "atleastone_correct": 589,
            "all_correct": 589,
            "total_correct": 589,
            "exact_match_atleastone_correct": 134,
            "exact_match_all_correct": 134,
            "exact_match_total_correct": 134,
            "atleastone_DK": 40,
            "all_DK": 40,
            "total_DK": 80,
            "atleastone_correct_%": 0.6723744292237442,
            "atleastone_DK_%": 0.045662100456621,
            "all_correct_%": 0.6723744292237442,
            "all_DK_%": 0.045662100456621,
            "correct_and_dk_%": 0.0182648401826484,
            "total_correct_%": 0.6723744292237442,
            "total_DK_%": 0.091324200913242,
            "exact_match_atleastone_correct_%": 0.15296803652968036,
            "exact_match_all_correct_%": 0.15296803652968036,
            "exact_match_total_correct_%": 0.15296803652968036
      },
      "dem": {
            "total_questions": 2628,
            "f1": 0.3706967376794097,
            "correct_and_dk": 24,
            "atleastone_correct": 616,
            "all_correct": 481,
            "total_correct": 1656,
            "exact_match_atleastone_correct": 282,
            "exact_match_all_correct": 107,
            "exact_match_total_correct": 575,
            "atleastone_DK": 76,
            "all_DK": 18,
            "total_DK": 252,
            "atleastone_correct_%": 0.7031963470319634,
            "atleastone_DK_%": 0.0867579908675799,
            "all_correct_%": 0.5490867579908676,
            "all_DK_%": 0.02054794520547945,
            "correct_and_dk_%": 0.0273972602739726,
            "total_correct_%": 0.6301369863013698,
            "total_DK_%": 0.0958904109589041,
            "exact_match_atleastone_correct_%": 0.32191780821917804,
            "exact_match_all_correct_%": 0.12214611872146118,
            "exact_match_total_correct_%": 0.21879756468797565
      },
      "repub": {
            "total_questions": 2628,
            "f1": 0.3508655407872381,
            "correct_and_dk": 46,
            "atleastone_correct": 607,
            "all_correct": 452,
            "total_correct": 1596,
            "exact_match_atleastone_correct": 268,
            "exact_match_all_correct": 91,
            "exact_match_total_correct": 521,
            "atleastone_DK": 123,
            "all_DK": 26,
            "total_DK": 436,
            "atleastone_correct_%": 0.6929223744292238,
            "atleastone_DK_%": 0.1404109589041096,
            "all_correct_%": 0.5159817351598173,
            "all_DK_%": 0.02968036529680365,
            "correct_and_dk_%": 0.05251141552511415,
            "total_correct_%": 0.6073059360730594,
            "total_DK_%": 0.1659056316590563,
            "exact_match_atleastone_correct_%": 0.3059360730593607,
            "exact_match_all_correct_%": 0.10388127853881278,
            "exact_match_total_correct_%": 0.1982496194824962
      }
}