{
      "noprompt": {
            "total_questions": 2628,
            "f1": 0.3931852935656759,
            "correct_and_dk": 7,
            "atleastone_correct": 647,
            "all_correct": 534,
            "total_correct": 1787,
            "exact_match_atleastone_correct": 293,
            "exact_match_all_correct": 108,
            "exact_match_total_correct": 588,
            "atleastone_DK": 25,
            "all_DK": 3,
            "total_DK": 66,
            "atleastone_correct_%": 0.7385844748858448,
            "atleastone_DK_%": 0.028538812785388126,
            "all_correct_%": 0.6095890410958904,
            "all_DK_%": 0.003424657534246575,
            "correct_and_dk_%": 0.007990867579908675,
            "total_correct_%": 0.6799847792998478,
            "total_DK_%": 0.02511415525114155,
            "exact_match_atleastone_correct_%": 0.3344748858447488,
            "exact_match_all_correct_%": 0.1232876712328767,
            "exact_match_total_correct_%": 0.2237442922374429
      },
      "SUM": {
            "total_questions": 876,
            "f1": 0.2841685752999263,
            "correct_and_dk": 18,
            "atleastone_correct": 585,
            "all_correct": 585,
            "total_correct": 585,
            "exact_match_atleastone_correct": 116,
            "exact_match_all_correct": 116,
            "exact_match_total_correct": 116,
            "atleastone_DK": 53,
            "all_DK": 53,
            "total_DK": 106,
            "atleastone_correct_%": 0.6678082191780822,
            "atleastone_DK_%": 0.06050228310502283,
            "all_correct_%": 0.6678082191780822,
            "all_DK_%": 0.06050228310502283,
            "correct_and_dk_%": 0.02054794520547945,
            "total_correct_%": 0.6678082191780822,
            "total_DK_%": 0.12100456621004566,
            "exact_match_atleastone_correct_%": 0.1324200913242009,
            "exact_match_all_correct_%": 0.1324200913242009,
            "exact_match_total_correct_%": 0.1324200913242009
      },
      "dem": {
            "total_questions": 2628,
            "f1": 0.36557048732038205,
            "correct_and_dk": 31,
            "atleastone_correct": 611,
            "all_correct": 467,
            "total_correct": 1626,
            "exact_match_atleastone_correct": 277,
            "exact_match_all_correct": 105,
            "exact_match_total_correct": 567,
            "atleastone_DK": 101,
            "all_DK": 20,
            "total_DK": 328,
            "atleastone_correct_%": 0.6974885844748858,
            "atleastone_DK_%": 0.11529680365296803,
            "all_correct_%": 0.5331050228310502,
            "all_DK_%": 0.0228310502283105,
            "correct_and_dk_%": 0.03538812785388128,
            "total_correct_%": 0.6187214611872146,
            "total_DK_%": 0.1248097412480974,
            "exact_match_atleastone_correct_%": 0.3162100456621004,
            "exact_match_all_correct_%": 0.11986301369863013,
            "exact_match_total_correct_%": 0.21575342465753425
      },
      "repub": {
            "total_questions": 2628,
            "f1": 0.3417892490340061,
            "correct_and_dk": 56,
            "atleastone_correct": 597,
            "all_correct": 436,
            "total_correct": 1555,
            "exact_match_atleastone_correct": 257,
            "exact_match_all_correct": 90,
            "exact_match_total_correct": 507,
            "atleastone_DK": 157,
            "all_DK": 34,
            "total_DK": 560,
            "atleastone_correct_%": 0.6815068493150684,
            "atleastone_DK_%": 0.17922374429223742,
            "all_correct_%": 0.4977168949771689,
            "all_DK_%": 0.03881278538812785,
            "correct_and_dk_%": 0.0639269406392694,
            "total_correct_%": 0.5917047184170472,
            "total_DK_%": 0.213089802130898,
            "exact_match_atleastone_correct_%": 0.2933789954337899,
            "exact_match_all_correct_%": 0.10273972602739725,
            "exact_match_total_correct_%": 0.19292237442922375
      }
}