{
      "noprompt": {
            "total_questions": 2628,
            "f1": 0.3931852935656759,
            "correct_and_dk": 7,
            "atleastone_correct": 647,
            "all_correct": 534,
            "total_correct": 1787,
            "exact_match_atleastone_correct": 293,
            "exact_match_all_correct": 108,
            "exact_match_total_correct": 588,
            "atleastone_DK": 25,
            "all_DK": 3,
            "total_DK": 66,
            "atleastone_correct_%": 0.7385844748858448,
            "atleastone_DK_%": 0.028538812785388126,
            "all_correct_%": 0.6095890410958904,
            "all_DK_%": 0.003424657534246575,
            "correct_and_dk_%": 0.007990867579908675,
            "total_correct_%": 0.6799847792998478,
            "total_DK_%": 0.02511415525114155,
            "exact_match_atleastone_correct_%": 0.3344748858447488,
            "exact_match_all_correct_%": 0.1232876712328767,
            "exact_match_total_correct_%": 0.2237442922374429
      },
      "SUM": {
            "total_questions": 876,
            "f1": 0.20920428367057142,
            "correct_and_dk": 25,
            "atleastone_correct": 584,
            "all_correct": 584,
            "total_correct": 584,
            "exact_match_atleastone_correct": 64,
            "exact_match_all_correct": 64,
            "exact_match_total_correct": 64,
            "atleastone_DK": 78,
            "all_DK": 78,
            "total_DK": 156,
            "atleastone_correct_%": 0.6666666666666666,
            "atleastone_DK_%": 0.08904109589041095,
            "all_correct_%": 0.6666666666666666,
            "all_DK_%": 0.08904109589041095,
            "correct_and_dk_%": 0.028538812785388126,
            "total_correct_%": 0.6666666666666666,
            "total_DK_%": 0.1780821917808219,
            "exact_match_atleastone_correct_%": 0.0730593607305936,
            "exact_match_all_correct_%": 0.0730593607305936,
            "exact_match_total_correct_%": 0.0730593607305936
      },
      "dem": {
            "total_questions": 2628,
            "f1": 0.3480015485534214,
            "correct_and_dk": 57,
            "atleastone_correct": 584,
            "all_correct": 425,
            "total_correct": 1528,
            "exact_match_atleastone_correct": 266,
            "exact_match_all_correct": 103,
            "exact_match_total_correct": 552,
            "atleastone_DK": 169,
            "all_DK": 30,
            "total_DK": 546,
            "atleastone_correct_%": 0.6666666666666666,
            "atleastone_DK_%": 0.19292237442922372,
            "all_correct_%": 0.4851598173515982,
            "all_DK_%": 0.03424657534246575,
            "correct_and_dk_%": 0.06506849315068493,
            "total_correct_%": 0.5814307458143074,
            "total_DK_%": 0.20776255707762556,
            "exact_match_atleastone_correct_%": 0.30365296803652964,
            "exact_match_all_correct_%": 0.11757990867579908,
            "exact_match_total_correct_%": 0.2100456621004566
      },
      "repub": {
            "total_questions": 2628,
            "f1": 0.3207809554433502,
            "correct_and_dk": 87,
            "atleastone_correct": 568,
            "all_correct": 387,
            "total_correct": 1440,
            "exact_match_atleastone_correct": 244,
            "exact_match_all_correct": 84,
            "exact_match_total_correct": 483,
            "atleastone_DK": 242,
            "all_DK": 52,
            "total_DK": 844,
            "atleastone_correct_%": 0.6484018264840182,
            "atleastone_DK_%": 0.27625570776255703,
            "all_correct_%": 0.4417808219178082,
            "all_DK_%": 0.0593607305936073,
            "correct_and_dk_%": 0.09931506849315068,
            "total_correct_%": 0.547945205479452,
            "total_DK_%": 0.3211567732115677,
            "exact_match_atleastone_correct_%": 0.2785388127853881,
            "exact_match_all_correct_%": 0.0958904109589041,
            "exact_match_total_correct_%": 0.18378995433789955
      }
}