{
      "noprompt": {
            "total_questions": 2628,
            "f1": 0.3931852935656759,
            "correct_and_dk": 7,
            "atleastone_correct": 647,
            "all_correct": 534,
            "total_correct": 1787,
            "exact_match_atleastone_correct": 293,
            "exact_match_all_correct": 108,
            "exact_match_total_correct": 588,
            "atleastone_DK": 25,
            "all_DK": 3,
            "total_DK": 66,
            "atleastone_correct_%": 0.7385844748858448,
            "atleastone_DK_%": 0.028538812785388126,
            "all_correct_%": 0.6095890410958904,
            "all_DK_%": 0.003424657534246575,
            "correct_and_dk_%": 0.007990867579908675,
            "total_correct_%": 0.6799847792998478,
            "total_DK_%": 0.02511415525114155,
            "exact_match_atleastone_correct_%": 0.3344748858447488,
            "exact_match_all_correct_%": 0.1232876712328767,
            "exact_match_total_correct_%": 0.2237442922374429
      },
      "SUM": {
            "total_questions": 876,
            "f1": 0.10837294596831812,
            "correct_and_dk": 34,
            "atleastone_correct": 557,
            "all_correct": 557,
            "total_correct": 557,
            "exact_match_atleastone_correct": 10,
            "exact_match_all_correct": 10,
            "exact_match_total_correct": 10,
            "atleastone_DK": 119,
            "all_DK": 119,
            "total_DK": 238,
            "atleastone_correct_%": 0.6358447488584474,
            "atleastone_DK_%": 0.1358447488584475,
            "all_correct_%": 0.6358447488584474,
            "all_DK_%": 0.1358447488584475,
            "correct_and_dk_%": 0.03881278538812785,
            "total_correct_%": 0.6358447488584474,
            "total_DK_%": 0.271689497716895,
            "exact_match_atleastone_correct_%": 0.01141552511415525,
            "exact_match_all_correct_%": 0.01141552511415525,
            "exact_match_total_correct_%": 0.01141552511415525
      },
      "dem": {
            "total_questions": 2628,
            "f1": 0.32069039964699003,
            "correct_and_dk": 77,
            "atleastone_correct": 531,
            "all_correct": 349,
            "total_correct": 1336,
            "exact_match_atleastone_correct": 249,
            "exact_match_all_correct": 112,
            "exact_match_total_correct": 546,
            "atleastone_DK": 262,
            "all_DK": 68,
            "total_DK": 934,
            "atleastone_correct_%": 0.6061643835616438,
            "atleastone_DK_%": 0.2990867579908676,
            "all_correct_%": 0.3984018264840183,
            "all_DK_%": 0.0776255707762557,
            "correct_and_dk_%": 0.08789954337899543,
            "total_correct_%": 0.5083713850837138,
            "total_DK_%": 0.3554033485540335,
            "exact_match_atleastone_correct_%": 0.2842465753424657,
            "exact_match_all_correct_%": 0.1278538812785388,
            "exact_match_total_correct_%": 0.20776255707762556
      },
      "repub": {
            "total_questions": 2628,
            "f1": 0.2939201853520458,
            "correct_and_dk": 113,
            "atleastone_correct": 514,
            "all_correct": 311,
            "total_correct": 1247,
            "exact_match_atleastone_correct": 233,
            "exact_match_all_correct": 89,
            "exact_match_total_correct": 480,
            "atleastone_DK": 337,
            "all_DK": 80,
            "total_DK": 1214,
            "atleastone_correct_%": 0.5867579908675798,
            "atleastone_DK_%": 0.384703196347032,
            "all_correct_%": 0.3550228310502283,
            "all_DK_%": 0.091324200913242,
            "correct_and_dk_%": 0.12899543378995432,
            "total_correct_%": 0.4745053272450533,
            "total_DK_%": 0.4619482496194825,
            "exact_match_atleastone_correct_%": 0.2659817351598173,
            "exact_match_all_correct_%": 0.10159817351598173,
            "exact_match_total_correct_%": 0.182648401826484
      }
}