{
      "noprompt": {
            "total_questions": 2628,
            "f1": 0.3931852935656759,
            "correct_and_dk": 7,
            "atleastone_correct": 647,
            "all_correct": 534,
            "total_correct": 1787,
            "exact_match_atleastone_correct": 293,
            "exact_match_all_correct": 108,
            "exact_match_total_correct": 588,
            "atleastone_DK": 25,
            "all_DK": 3,
            "total_DK": 66,
            "atleastone_correct_%": 0.7385844748858448,
            "atleastone_DK_%": 0.028538812785388126,
            "all_correct_%": 0.6095890410958904,
            "all_DK_%": 0.003424657534246575,
            "correct_and_dk_%": 0.007990867579908675,
            "total_correct_%": 0.6799847792998478,
            "total_DK_%": 0.02511415525114155,
            "exact_match_atleastone_correct_%": 0.3344748858447488,
            "exact_match_all_correct_%": 0.1232876712328767,
            "exact_match_total_correct_%": 0.2237442922374429
      },
      "SUM": {
            "total_questions": 876,
            "f1": 0.3751890397125808,
            "correct_and_dk": 3,
            "atleastone_correct": 591,
            "all_correct": 591,
            "total_correct": 591,
            "exact_match_atleastone_correct": 179,
            "exact_match_all_correct": 179,
            "exact_match_total_correct": 179,
            "atleastone_DK": 17,
            "all_DK": 17,
            "total_DK": 34,
            "atleastone_correct_%": 0.6746575342465754,
            "atleastone_DK_%": 0.019406392694063926,
            "all_correct_%": 0.6746575342465754,
            "all_DK_%": 0.019406392694063926,
            "correct_and_dk_%": 0.003424657534246575,
            "total_correct_%": 0.6746575342465754,
            "total_DK_%": 0.03881278538812785,
            "exact_match_atleastone_correct_%": 0.204337899543379,
            "exact_match_all_correct_%": 0.204337899543379,
            "exact_match_total_correct_%": 0.204337899543379
      },
      "dem": {
            "total_questions": 2628,
            "f1": 0.38787908772614993,
            "correct_and_dk": 8,
            "atleastone_correct": 640,
            "all_correct": 522,
            "total_correct": 1759,
            "exact_match_atleastone_correct": 291,
            "exact_match_all_correct": 104,
            "exact_match_total_correct": 584,
            "atleastone_DK": 28,
            "all_DK": 7,
            "total_DK": 88,
            "atleastone_correct_%": 0.730593607305936,
            "atleastone_DK_%": 0.0319634703196347,
            "all_correct_%": 0.595890410958904,
            "all_DK_%": 0.007990867579908675,
            "correct_and_dk_%": 0.0091324200913242,
            "total_correct_%": 0.6693302891933028,
            "total_DK_%": 0.0334855403348554,
            "exact_match_atleastone_correct_%": 0.3321917808219178,
            "exact_match_all_correct_%": 0.1187214611872146,
            "exact_match_total_correct_%": 0.2222222222222222
      },
      "repub": {
            "total_questions": 2628,
            "f1": 0.3814899229435689,
            "correct_and_dk": 11,
            "atleastone_correct": 635,
            "all_correct": 517,
            "total_correct": 1742,
            "exact_match_atleastone_correct": 285,
            "exact_match_all_correct": 102,
            "exact_match_total_correct": 565,
            "atleastone_DK": 40,
            "all_DK": 9,
            "total_DK": 130,
            "atleastone_correct_%": 0.7248858447488584,
            "atleastone_DK_%": 0.045662100456621,
            "all_correct_%": 0.5901826484018264,
            "all_DK_%": 0.010273972602739725,
            "correct_and_dk_%": 0.012557077625570776,
            "total_correct_%": 0.662861491628615,
            "total_DK_%": 0.04946727549467275,
            "exact_match_atleastone_correct_%": 0.3253424657534246,
            "exact_match_all_correct_%": 0.11643835616438356,
            "exact_match_total_correct_%": 0.2149923896499239
      }
}