{
      "noprompt": {
            "total_questions": 2628,
            "f1": 0.3931852935656759,
            "correct_and_dk": 7,
            "atleastone_correct": 647,
            "all_correct": 534,
            "total_correct": 1787,
            "exact_match_atleastone_correct": 293,
            "exact_match_all_correct": 108,
            "exact_match_total_correct": 588,
            "atleastone_DK": 25,
            "all_DK": 3,
            "total_DK": 66,
            "atleastone_correct_%": 0.7385844748858448,
            "atleastone_DK_%": 0.028538812785388126,
            "all_correct_%": 0.6095890410958904,
            "all_DK_%": 0.003424657534246575,
            "correct_and_dk_%": 0.007990867579908675,
            "total_correct_%": 0.6799847792998478,
            "total_DK_%": 0.02511415525114155,
            "exact_match_atleastone_correct_%": 0.3344748858447488,
            "exact_match_all_correct_%": 0.1232876712328767,
            "exact_match_total_correct_%": 0.2237442922374429
      },
      "SUM": {
            "total_questions": 876,
            "f1": 0.18502989753682597,
            "correct_and_dk": 29,
            "atleastone_correct": 579,
            "all_correct": 579,
            "total_correct": 579,
            "exact_match_atleastone_correct": 49,
            "exact_match_all_correct": 49,
            "exact_match_total_correct": 49,
            "atleastone_DK": 90,
            "all_DK": 90,
            "total_DK": 180,
            "atleastone_correct_%": 0.660958904109589,
            "atleastone_DK_%": 0.10273972602739725,
            "all_correct_%": 0.660958904109589,
            "all_DK_%": 0.10273972602739725,
            "correct_and_dk_%": 0.033105022831050226,
            "total_correct_%": 0.660958904109589,
            "total_DK_%": 0.2054794520547945,
            "exact_match_atleastone_correct_%": 0.05593607305936073,
            "exact_match_all_correct_%": 0.05593607305936073,
            "exact_match_total_correct_%": 0.05593607305936073
      },
      "dem": {
            "total_questions": 2628,
            "f1": 0.34248615644790575,
            "correct_and_dk": 61,
            "atleastone_correct": 575,
            "all_correct": 408,
            "total_correct": 1489,
            "exact_match_atleastone_correct": 263,
            "exact_match_all_correct": 104,
            "exact_match_total_correct": 548,
            "atleastone_DK": 189,
            "all_DK": 35,
            "total_DK": 616,
            "atleastone_correct_%": 0.656392694063927,
            "atleastone_DK_%": 0.21575342465753422,
            "all_correct_%": 0.4657534246575342,
            "all_DK_%": 0.03995433789954338,
            "correct_and_dk_%": 0.06963470319634703,
            "total_correct_%": 0.5665905631659056,
            "total_DK_%": 0.2343987823439878,
            "exact_match_atleastone_correct_%": 0.3002283105022831,
            "exact_match_all_correct_%": 0.1187214611872146,
            "exact_match_total_correct_%": 0.2085235920852359
      },
      "repub": {
            "total_questions": 2628,
            "f1": 0.31586759710117357,
            "correct_and_dk": 95,
            "atleastone_correct": 559,
            "all_correct": 369,
            "total_correct": 1402,
            "exact_match_atleastone_correct": 245,
            "exact_match_all_correct": 84,
            "exact_match_total_correct": 483,
            "atleastone_DK": 265,
            "all_DK": 55,
            "total_DK": 918,
            "atleastone_correct_%": 0.6381278538812786,
            "atleastone_DK_%": 0.3025114155251141,
            "all_correct_%": 0.4212328767123288,
            "all_DK_%": 0.06278538812785388,
            "correct_and_dk_%": 0.10844748858447488,
            "total_correct_%": 0.5334855403348554,
            "total_DK_%": 0.3493150684931507,
            "exact_match_atleastone_correct_%": 0.2796803652968036,
            "exact_match_all_correct_%": 0.0958904109589041,
            "exact_match_total_correct_%": 0.18378995433789955
      }
}