{
      "noprompt": {
            "total_questions": 2628,
            "f1": 0.3931852935656759,
            "correct_and_dk": 7,
            "atleastone_correct": 647,
            "all_correct": 534,
            "total_correct": 1787,
            "exact_match_atleastone_correct": 293,
            "exact_match_all_correct": 108,
            "exact_match_total_correct": 588,
            "atleastone_DK": 25,
            "all_DK": 3,
            "total_DK": 66,
            "atleastone_correct_%": 0.7385844748858448,
            "atleastone_DK_%": 0.028538812785388126,
            "all_correct_%": 0.6095890410958904,
            "all_DK_%": 0.003424657534246575,
            "correct_and_dk_%": 0.007990867579908675,
            "total_correct_%": 0.6799847792998478,
            "total_DK_%": 0.02511415525114155,
            "exact_match_atleastone_correct_%": 0.3344748858447488,
            "exact_match_all_correct_%": 0.1232876712328767,
            "exact_match_total_correct_%": 0.2237442922374429
      },
      "SUM": {
            "total_questions": 876,
            "f1": 0.1721549983186079,
            "correct_and_dk": 29,
            "atleastone_correct": 575,
            "all_correct": 575,
            "total_correct": 575,
            "exact_match_atleastone_correct": 43,
            "exact_match_all_correct": 43,
            "exact_match_total_correct": 43,
            "atleastone_DK": 94,
            "all_DK": 94,
            "total_DK": 188,
            "atleastone_correct_%": 0.656392694063927,
            "atleastone_DK_%": 0.10730593607305935,
            "all_correct_%": 0.656392694063927,
            "all_DK_%": 0.10730593607305935,
            "correct_and_dk_%": 0.033105022831050226,
            "total_correct_%": 0.656392694063927,
            "total_DK_%": 0.2146118721461187,
            "exact_match_atleastone_correct_%": 0.04908675799086758,
            "exact_match_all_correct_%": 0.04908675799086758,
            "exact_match_total_correct_%": 0.04908675799086758
      },
      "dem": {
            "total_questions": 2628,
            "f1": 0.3382442048162838,
            "correct_and_dk": 66,
            "atleastone_correct": 569,
            "all_correct": 396,
            "total_correct": 1462,
            "exact_match_atleastone_correct": 262,
            "exact_match_all_correct": 102,
            "exact_match_total_correct": 543,
            "atleastone_DK": 205,
            "all_DK": 40,
            "total_DK": 682,
            "atleastone_correct_%": 0.6495433789954338,
            "atleastone_DK_%": 0.23401826484018262,
            "all_correct_%": 0.4520547945205479,
            "all_DK_%": 0.045662100456621,
            "correct_and_dk_%": 0.07534246575342465,
            "total_correct_%": 0.556316590563166,
            "total_DK_%": 0.2595129375951294,
            "exact_match_atleastone_correct_%": 0.2990867579908676,
            "exact_match_all_correct_%": 0.11643835616438356,
            "exact_match_total_correct_%": 0.20662100456621005
      },
      "repub": {
            "total_questions": 2628,
            "f1": 0.3108201258731275,
            "correct_and_dk": 99,
            "atleastone_correct": 552,
            "all_correct": 358,
            "total_correct": 1375,
            "exact_match_atleastone_correct": 244,
            "exact_match_all_correct": 81,
            "exact_match_total_correct": 477,
            "atleastone_DK": 279,
            "all_DK": 60,
            "total_DK": 982,
            "atleastone_correct_%": 0.6301369863013698,
            "atleastone_DK_%": 0.3184931506849315,
            "all_correct_%": 0.408675799086758,
            "all_DK_%": 0.0684931506849315,
            "correct_and_dk_%": 0.11301369863013698,
            "total_correct_%": 0.5232115677321156,
            "total_DK_%": 0.3736681887366819,
            "exact_match_atleastone_correct_%": 0.2785388127853881,
            "exact_match_all_correct_%": 0.09246575342465753,
            "exact_match_total_correct_%": 0.1815068493150685
      }
}