{
      "noprompt": {
            "total_questions": 2628,
            "f1": 0.3931852935656759,
            "correct_and_dk": 7,
            "atleastone_correct": 647,
            "all_correct": 534,
            "total_correct": 1787,
            "exact_match_atleastone_correct": 293,
            "exact_match_all_correct": 108,
            "exact_match_total_correct": 588,
            "atleastone_DK": 25,
            "all_DK": 3,
            "total_DK": 66,
            "atleastone_correct_%": 0.7385844748858448,
            "atleastone_DK_%": 0.028538812785388126,
            "all_correct_%": 0.6095890410958904,
            "all_DK_%": 0.003424657534246575,
            "correct_and_dk_%": 0.007990867579908675,
            "total_correct_%": 0.6799847792998478,
            "total_DK_%": 0.02511415525114155,
            "exact_match_atleastone_correct_%": 0.3344748858447488,
            "exact_match_all_correct_%": 0.1232876712328767,
            "exact_match_total_correct_%": 0.2237442922374429
      },
      "SUM": {
            "total_questions": 876,
            "f1": 0.23993452968538292,
            "correct_and_dk": 22,
            "atleastone_correct": 586,
            "all_correct": 586,
            "total_correct": 586,
            "exact_match_atleastone_correct": 85,
            "exact_match_all_correct": 85,
            "exact_match_total_correct": 85,
            "atleastone_DK": 68,
            "all_DK": 68,
            "total_DK": 136,
            "atleastone_correct_%": 0.6689497716894978,
            "atleastone_DK_%": 0.0776255707762557,
            "all_correct_%": 0.6689497716894978,
            "all_DK_%": 0.0776255707762557,
            "correct_and_dk_%": 0.02511415525114155,
            "total_correct_%": 0.6689497716894978,
            "total_DK_%": 0.1552511415525114,
            "exact_match_atleastone_correct_%": 0.09703196347031963,
            "exact_match_all_correct_%": 0.09703196347031963,
            "exact_match_total_correct_%": 0.09703196347031963
      },
      "dem": {
            "total_questions": 2628,
            "f1": 0.3586762039520992,
            "correct_and_dk": 40,
            "atleastone_correct": 595,
            "all_correct": 447,
            "total_correct": 1572,
            "exact_match_atleastone_correct": 275,
            "exact_match_all_correct": 109,
            "exact_match_total_correct": 570,
            "atleastone_DK": 134,
            "all_DK": 28,
            "total_DK": 446,
            "atleastone_correct_%": 0.6792237442922374,
            "atleastone_DK_%": 0.15296803652968036,
            "all_correct_%": 0.5102739726027398,
            "all_DK_%": 0.0319634703196347,
            "correct_and_dk_%": 0.045662100456621,
            "total_correct_%": 0.5981735159817352,
            "total_DK_%": 0.16971080669710806,
            "exact_match_atleastone_correct_%": 0.3139269406392694,
            "exact_match_all_correct_%": 0.12442922374429223,
            "exact_match_total_correct_%": 0.21689497716894976
      },
      "repub": {
            "total_questions": 2628,
            "f1": 0.33116468775084124,
            "correct_and_dk": 76,
            "atleastone_correct": 581,
            "all_correct": 409,
            "total_correct": 1494,
            "exact_match_atleastone_correct": 254,
            "exact_match_all_correct": 88,
            "exact_match_total_correct": 499,
            "atleastone_DK": 207,
            "all_DK": 45,
            "total_DK": 730,
            "atleastone_correct_%": 0.66324200913242,
            "atleastone_DK_%": 0.2363013698630137,
            "all_correct_%": 0.4668949771689498,
            "all_DK_%": 0.05136986301369863,
            "correct_and_dk_%": 0.0867579908675799,
            "total_correct_%": 0.5684931506849316,
            "total_DK_%": 0.2777777777777778,
            "exact_match_atleastone_correct_%": 0.2899543378995434,
            "exact_match_all_correct_%": 0.1004566210045662,
            "exact_match_total_correct_%": 0.18987823439878235
      }
}