{
      "noprompt": {
            "total_questions": 2628,
            "f1": 0.3931852935656759,
            "correct_and_dk": 7,
            "atleastone_correct": 647,
            "all_correct": 534,
            "total_correct": 1787,
            "exact_match_atleastone_correct": 293,
            "exact_match_all_correct": 108,
            "exact_match_total_correct": 588,
            "atleastone_DK": 25,
            "all_DK": 3,
            "total_DK": 66,
            "atleastone_correct_%": 0.7385844748858448,
            "atleastone_DK_%": 0.028538812785388126,
            "all_correct_%": 0.6095890410958904,
            "all_DK_%": 0.003424657534246575,
            "correct_and_dk_%": 0.007990867579908675,
            "total_correct_%": 0.6799847792998478,
            "total_DK_%": 0.02511415525114155,
            "exact_match_atleastone_correct_%": 0.3344748858447488,
            "exact_match_all_correct_%": 0.1232876712328767,
            "exact_match_total_correct_%": 0.2237442922374429
      },
      "SUM": {
            "total_questions": 876,
            "f1": 0.23326885419477753,
            "correct_and_dk": 23,
            "atleastone_correct": 587,
            "all_correct": 587,
            "total_correct": 587,
            "exact_match_atleastone_correct": 80,
            "exact_match_all_correct": 80,
            "exact_match_total_correct": 80,
            "atleastone_DK": 71,
            "all_DK": 71,
            "total_DK": 142,
            "atleastone_correct_%": 0.6700913242009132,
            "atleastone_DK_%": 0.08105022831050228,
            "all_correct_%": 0.6700913242009132,
            "all_DK_%": 0.08105022831050228,
            "correct_and_dk_%": 0.026255707762557076,
            "total_correct_%": 0.6700913242009132,
            "total_DK_%": 0.16210045662100456,
            "exact_match_atleastone_correct_%": 0.091324200913242,
            "exact_match_all_correct_%": 0.091324200913242,
            "exact_match_total_correct_%": 0.091324200913242
      },
      "dem": {
            "total_questions": 2628,
            "f1": 0.3568067166163779,
            "correct_and_dk": 46,
            "atleastone_correct": 590,
            "all_correct": 439,
            "total_correct": 1553,
            "exact_match_atleastone_correct": 273,
            "exact_match_all_correct": 108,
            "exact_match_total_correct": 566,
            "atleastone_DK": 145,
            "all_DK": 28,
            "total_DK": 478,
            "atleastone_correct_%": 0.6735159817351598,
            "atleastone_DK_%": 0.16552511415525112,
            "all_correct_%": 0.5011415525114156,
            "all_DK_%": 0.0319634703196347,
            "correct_and_dk_%": 0.05251141552511415,
            "total_correct_%": 0.5909436834094368,
            "total_DK_%": 0.18188736681887366,
            "exact_match_atleastone_correct_%": 0.3116438356164383,
            "exact_match_all_correct_%": 0.1232876712328767,
            "exact_match_total_correct_%": 0.21537290715372906
      },
      "repub": {
            "total_questions": 2628,
            "f1": 0.3288917842818274,
            "correct_and_dk": 80,
            "atleastone_correct": 575,
            "all_correct": 401,
            "total_correct": 1472,
            "exact_match_atleastone_correct": 252,
            "exact_match_all_correct": 86,
            "exact_match_total_correct": 494,
            "atleastone_DK": 218,
            "all_DK": 47,
            "total_DK": 770,
            "atleastone_correct_%": 0.656392694063927,
            "atleastone_DK_%": 0.24885844748858446,
            "all_correct_%": 0.4577625570776256,
            "all_DK_%": 0.05365296803652968,
            "correct_and_dk_%": 0.091324200913242,
            "total_correct_%": 0.5601217656012176,
            "total_DK_%": 0.2929984779299848,
            "exact_match_atleastone_correct_%": 0.2876712328767123,
            "exact_match_all_correct_%": 0.09817351598173515,
            "exact_match_total_correct_%": 0.18797564687975646
      }
}