{
      "noprompt": {
            "total_questions": 2628,
            "f1": 0.3931852935656759,
            "correct_and_dk": 7,
            "atleastone_correct": 647,
            "all_correct": 534,
            "total_correct": 1787,
            "exact_match_atleastone_correct": 293,
            "exact_match_all_correct": 108,
            "exact_match_total_correct": 588,
            "atleastone_DK": 25,
            "all_DK": 3,
            "total_DK": 66,
            "atleastone_correct_%": 0.7385844748858448,
            "atleastone_DK_%": 0.028538812785388126,
            "all_correct_%": 0.6095890410958904,
            "all_DK_%": 0.003424657534246575,
            "correct_and_dk_%": 0.007990867579908675,
            "total_correct_%": 0.6799847792998478,
            "total_DK_%": 0.02511415525114155,
            "exact_match_atleastone_correct_%": 0.3344748858447488,
            "exact_match_all_correct_%": 0.1232876712328767,
            "exact_match_total_correct_%": 0.2237442922374429
      },
      "SUM": {
            "total_questions": 876,
            "f1": 0.25259742589637596,
            "correct_and_dk": 21,
            "atleastone_correct": 590,
            "all_correct": 590,
            "total_correct": 590,
            "exact_match_atleastone_correct": 95,
            "exact_match_all_correct": 95,
            "exact_match_total_correct": 95,
            "atleastone_DK": 64,
            "all_DK": 64,
            "total_DK": 128,
            "atleastone_correct_%": 0.6735159817351598,
            "atleastone_DK_%": 0.0730593607305936,
            "all_correct_%": 0.6735159817351598,
            "all_DK_%": 0.0730593607305936,
            "correct_and_dk_%": 0.023972602739726026,
            "total_correct_%": 0.6735159817351598,
            "total_DK_%": 0.1461187214611872,
            "exact_match_atleastone_correct_%": 0.10844748858447488,
            "exact_match_all_correct_%": 0.10844748858447488,
            "exact_match_total_correct_%": 0.10844748858447488
      },
      "dem": {
            "total_questions": 2628,
            "f1": 0.36455552997625823,
            "correct_and_dk": 38,
            "atleastone_correct": 601,
            "all_correct": 454,
            "total_correct": 1592,
            "exact_match_atleastone_correct": 280,
            "exact_match_all_correct": 111,
            "exact_match_total_correct": 582,
            "atleastone_DK": 125,
            "all_DK": 25,
            "total_DK": 414,
            "atleastone_correct_%": 0.6860730593607306,
            "atleastone_DK_%": 0.14269406392694062,
            "all_correct_%": 0.5182648401826484,
            "all_DK_%": 0.028538812785388126,
            "correct_and_dk_%": 0.04337899543378995,
            "total_correct_%": 0.6057838660578386,
            "total_DK_%": 0.15753424657534246,
            "exact_match_atleastone_correct_%": 0.319634703196347,
            "exact_match_all_correct_%": 0.1267123287671233,
            "exact_match_total_correct_%": 0.22146118721461186
      },
      "repub": {
            "total_questions": 2628,
            "f1": 0.33669999581470084,
            "correct_and_dk": 71,
            "atleastone_correct": 585,
            "all_correct": 419,
            "total_correct": 1513,
            "exact_match_atleastone_correct": 258,
            "exact_match_all_correct": 91,
            "exact_match_total_correct": 511,
            "atleastone_DK": 194,
            "all_DK": 44,
            "total_DK": 688,
            "atleastone_correct_%": 0.6678082191780822,
            "atleastone_DK_%": 0.22146118721461186,
            "all_correct_%": 0.478310502283105,
            "all_DK_%": 0.0502283105022831,
            "correct_and_dk_%": 0.08105022831050228,
            "total_correct_%": 0.5757229832572298,
            "total_DK_%": 0.2617960426179604,
            "exact_match_atleastone_correct_%": 0.29452054794520544,
            "exact_match_all_correct_%": 0.10388127853881278,
            "exact_match_total_correct_%": 0.19444444444444445
      }
}