{
      "noprompt": {
            "total_questions": 2628,
            "f1": 0.3931852935656759,
            "correct_and_dk": 7,
            "atleastone_correct": 647,
            "all_correct": 534,
            "total_correct": 1787,
            "exact_match_atleastone_correct": 293,
            "exact_match_all_correct": 108,
            "exact_match_total_correct": 588,
            "atleastone_DK": 25,
            "all_DK": 3,
            "total_DK": 66,
            "atleastone_correct_%": 0.7385844748858448,
            "atleastone_DK_%": 0.028538812785388126,
            "all_correct_%": 0.6095890410958904,
            "all_DK_%": 0.003424657534246575,
            "correct_and_dk_%": 0.007990867579908675,
            "total_correct_%": 0.6799847792998478,
            "total_DK_%": 0.02511415525114155,
            "exact_match_atleastone_correct_%": 0.3344748858447488,
            "exact_match_all_correct_%": 0.1232876712328767,
            "exact_match_total_correct_%": 0.2237442922374429
      },
      "SUM": {
            "total_questions": 876,
            "f1": 0.29227621794583436,
            "correct_and_dk": 17,
            "atleastone_correct": 587,
            "all_correct": 587,
            "total_correct": 587,
            "exact_match_atleastone_correct": 121,
            "exact_match_all_correct": 121,
            "exact_match_total_correct": 121,
            "atleastone_DK": 48,
            "all_DK": 48,
            "total_DK": 96,
            "atleastone_correct_%": 0.6700913242009132,
            "atleastone_DK_%": 0.0547945205479452,
            "all_correct_%": 0.6700913242009132,
            "all_DK_%": 0.0547945205479452,
            "correct_and_dk_%": 0.019406392694063926,
            "total_correct_%": 0.6700913242009132,
            "total_DK_%": 0.1095890410958904,
            "exact_match_atleastone_correct_%": 0.13812785388127855,
            "exact_match_all_correct_%": 0.13812785388127855,
            "exact_match_total_correct_%": 0.13812785388127855
      },
      "dem": {
            "total_questions": 2628,
            "f1": 0.36683380012578337,
            "correct_and_dk": 29,
            "atleastone_correct": 614,
            "all_correct": 469,
            "total_correct": 1635,
            "exact_match_atleastone_correct": 276,
            "exact_match_all_correct": 105,
            "exact_match_total_correct": 564,
            "atleastone_DK": 93,
            "all_DK": 20,
            "total_DK": 304,
            "atleastone_correct_%": 0.7009132420091324,
            "atleastone_DK_%": 0.10616438356164383,
            "all_correct_%": 0.5353881278538812,
            "all_DK_%": 0.0228310502283105,
            "correct_and_dk_%": 0.033105022831050226,
            "total_correct_%": 0.6221461187214612,
            "total_DK_%": 0.1156773211567732,
            "exact_match_atleastone_correct_%": 0.3150684931506849,
            "exact_match_all_correct_%": 0.11986301369863013,
            "exact_match_total_correct_%": 0.2146118721461187
      },
      "repub": {
            "total_questions": 2628,
            "f1": 0.34371977811859505,
            "correct_and_dk": 52,
            "atleastone_correct": 600,
            "all_correct": 439,
            "total_correct": 1565,
            "exact_match_atleastone_correct": 257,
            "exact_match_all_correct": 91,
            "exact_match_total_correct": 508,
            "atleastone_DK": 148,
            "all_DK": 33,
            "total_DK": 534,
            "atleastone_correct_%": 0.684931506849315,
            "atleastone_DK_%": 0.1689497716894977,
            "all_correct_%": 0.5011415525114156,
            "all_DK_%": 0.03767123287671233,
            "correct_and_dk_%": 0.0593607305936073,
            "total_correct_%": 0.595509893455099,
            "total_DK_%": 0.20319634703196346,
            "exact_match_atleastone_correct_%": 0.2933789954337899,
            "exact_match_all_correct_%": 0.10388127853881278,
            "exact_match_total_correct_%": 0.1933028919330289
      }
}