{
      "noprompt": {
            "total_questions": 2628,
            "f1": 0.3931852935656759,
            "correct_and_dk": 7,
            "atleastone_correct": 647,
            "all_correct": 534,
            "total_correct": 1787,
            "exact_match_atleastone_correct": 293,
            "exact_match_all_correct": 108,
            "exact_match_total_correct": 588,
            "atleastone_DK": 25,
            "all_DK": 3,
            "total_DK": 66,
            "atleastone_correct_%": 0.7385844748858448,
            "atleastone_DK_%": 0.028538812785388126,
            "all_correct_%": 0.6095890410958904,
            "all_DK_%": 0.003424657534246575,
            "correct_and_dk_%": 0.007990867579908675,
            "total_correct_%": 0.6799847792998478,
            "total_DK_%": 0.02511415525114155,
            "exact_match_atleastone_correct_%": 0.3344748858447488,
            "exact_match_all_correct_%": 0.1232876712328767,
            "exact_match_total_correct_%": 0.2237442922374429
      },
      "SUM": {
            "total_questions": 876,
            "f1": 0.24562504209890382,
            "correct_and_dk": 21,
            "atleastone_correct": 589,
            "all_correct": 589,
            "total_correct": 589,
            "exact_match_atleastone_correct": 89,
            "exact_match_all_correct": 89,
            "exact_match_total_correct": 89,
            "atleastone_DK": 66,
            "all_DK": 66,
            "total_DK": 132,
            "atleastone_correct_%": 0.6723744292237442,
            "atleastone_DK_%": 0.07534246575342465,
            "all_correct_%": 0.6723744292237442,
            "all_DK_%": 0.07534246575342465,
            "correct_and_dk_%": 0.023972602739726026,
            "total_correct_%": 0.6723744292237442,
            "total_DK_%": 0.1506849315068493,
            "exact_match_atleastone_correct_%": 0.10159817351598173,
            "exact_match_all_correct_%": 0.10159817351598173,
            "exact_match_total_correct_%": 0.10159817351598173
      },
      "dem": {
            "total_questions": 2628,
            "f1": 0.36238139211909154,
            "correct_and_dk": 39,
            "atleastone_correct": 599,
            "all_correct": 451,
            "total_correct": 1584,
            "exact_match_atleastone_correct": 278,
            "exact_match_all_correct": 111,
            "exact_match_total_correct": 579,
            "atleastone_DK": 129,
            "all_DK": 27,
            "total_DK": 430,
            "atleastone_correct_%": 0.6837899543378996,
            "atleastone_DK_%": 0.14726027397260272,
            "all_correct_%": 0.5148401826484018,
            "all_DK_%": 0.030821917808219176,
            "correct_and_dk_%": 0.04452054794520548,
            "total_correct_%": 0.6027397260273972,
            "total_DK_%": 0.16362252663622526,
            "exact_match_atleastone_correct_%": 0.317351598173516,
            "exact_match_all_correct_%": 0.1267123287671233,
            "exact_match_total_correct_%": 0.22031963470319635
      },
      "repub": {
            "total_questions": 2628,
            "f1": 0.3343301047920656,
            "correct_and_dk": 73,
            "atleastone_correct": 583,
            "all_correct": 415,
            "total_correct": 1505,
            "exact_match_atleastone_correct": 256,
            "exact_match_all_correct": 90,
            "exact_match_total_correct": 506,
            "atleastone_DK": 200,
            "all_DK": 45,
            "total_DK": 708,
            "atleastone_correct_%": 0.6655251141552512,
            "atleastone_DK_%": 0.228310502283105,
            "all_correct_%": 0.47374429223744297,
            "all_DK_%": 0.05136986301369863,
            "correct_and_dk_%": 0.08333333333333333,
            "total_correct_%": 0.5726788432267884,
            "total_DK_%": 0.2694063926940639,
            "exact_match_atleastone_correct_%": 0.2922374429223744,
            "exact_match_all_correct_%": 0.10273972602739725,
            "exact_match_total_correct_%": 0.19254185692541856
      }
}