{
      "noprompt": {
            "total_questions": 2628,
            "f1": 0.3931852935656759,
            "correct_and_dk": 7,
            "atleastone_correct": 647,
            "all_correct": 534,
            "total_correct": 1787,
            "exact_match_atleastone_correct": 293,
            "exact_match_all_correct": 108,
            "exact_match_total_correct": 588,
            "atleastone_DK": 25,
            "all_DK": 3,
            "total_DK": 66,
            "atleastone_correct_%": 0.7385844748858448,
            "atleastone_DK_%": 0.028538812785388126,
            "all_correct_%": 0.6095890410958904,
            "all_DK_%": 0.003424657534246575,
            "correct_and_dk_%": 0.007990867579908675,
            "total_correct_%": 0.6799847792998478,
            "total_DK_%": 0.02511415525114155,
            "exact_match_atleastone_correct_%": 0.3344748858447488,
            "exact_match_all_correct_%": 0.1232876712328767,
            "exact_match_total_correct_%": 0.2237442922374429
      },
      "SUM": {
            "total_questions": 876,
            "f1": 0.35087707761200265,
            "correct_and_dk": 8,
            "atleastone_correct": 590,
            "all_correct": 590,
            "total_correct": 590,
            "exact_match_atleastone_correct": 164,
            "exact_match_all_correct": 164,
            "exact_match_total_correct": 164,
            "atleastone_DK": 25,
            "all_DK": 25,
            "total_DK": 50,
            "atleastone_correct_%": 0.6735159817351598,
            "atleastone_DK_%": 0.028538812785388126,
            "all_correct_%": 0.6735159817351598,
            "all_DK_%": 0.028538812785388126,
            "correct_and_dk_%": 0.0091324200913242,
            "total_correct_%": 0.6735159817351598,
            "total_DK_%": 0.05707762557077625,
            "exact_match_atleastone_correct_%": 0.1872146118721461,
            "exact_match_all_correct_%": 0.1872146118721461,
            "exact_match_total_correct_%": 0.1872146118721461
      },
      "dem": {
            "total_questions": 2628,
            "f1": 0.3834329322638319,
            "correct_and_dk": 12,
            "atleastone_correct": 631,
            "all_correct": 508,
            "total_correct": 1724,
            "exact_match_atleastone_correct": 291,
            "exact_match_all_correct": 105,
            "exact_match_total_correct": 588,
            "atleastone_DK": 42,
            "all_DK": 8,
            "total_DK": 128,
            "atleastone_correct_%": 0.7203196347031964,
            "atleastone_DK_%": 0.04794520547945205,
            "all_correct_%": 0.5799086757990868,
            "all_DK_%": 0.0091324200913242,
            "correct_and_dk_%": 0.0136986301369863,
            "total_correct_%": 0.6560121765601218,
            "total_DK_%": 0.0487062404870624,
            "exact_match_atleastone_correct_%": 0.3321917808219178,
            "exact_match_all_correct_%": 0.11986301369863013,
            "exact_match_total_correct_%": 0.2237442922374429
      },
      "repub": {
            "total_questions": 2628,
            "f1": 0.36815873011682854,
            "correct_and_dk": 23,
            "atleastone_correct": 624,
            "all_correct": 493,
            "total_correct": 1689,
            "exact_match_atleastone_correct": 277,
            "exact_match_all_correct": 96,
            "exact_match_total_correct": 545,
            "atleastone_DK": 72,
            "all_DK": 14,
            "total_DK": 246,
            "atleastone_correct_%": 0.7123287671232876,
            "atleastone_DK_%": 0.0821917808219178,
            "all_correct_%": 0.562785388127854,
            "all_DK_%": 0.01598173515981735,
            "correct_and_dk_%": 0.026255707762557076,
            "total_correct_%": 0.6426940639269406,
            "total_DK_%": 0.09360730593607305,
            "exact_match_atleastone_correct_%": 0.3162100456621004,
            "exact_match_all_correct_%": 0.1095890410958904,
            "exact_match_total_correct_%": 0.2073820395738204
      }
}