{
      "noprompt": {
            "total_questions": 2628,
            "f1": 0.3931852935656759,
            "correct_and_dk": 7,
            "atleastone_correct": 647,
            "all_correct": 534,
            "total_correct": 1787,
            "exact_match_atleastone_correct": 293,
            "exact_match_all_correct": 108,
            "exact_match_total_correct": 588,
            "atleastone_DK": 25,
            "all_DK": 3,
            "total_DK": 66,
            "atleastone_correct_%": 0.7385844748858448,
            "atleastone_DK_%": 0.028538812785388126,
            "all_correct_%": 0.6095890410958904,
            "all_DK_%": 0.003424657534246575,
            "correct_and_dk_%": 0.007990867579908675,
            "total_correct_%": 0.6799847792998478,
            "total_DK_%": 0.02511415525114155,
            "exact_match_atleastone_correct_%": 0.3344748858447488,
            "exact_match_all_correct_%": 0.1232876712328767,
            "exact_match_total_correct_%": 0.2237442922374429
      },
      "SUM": {
            "total_questions": 876,
            "f1": 0.3659641926193221,
            "correct_and_dk": 4,
            "atleastone_correct": 591,
            "all_correct": 591,
            "total_correct": 591,
            "exact_match_atleastone_correct": 172,
            "exact_match_all_correct": 172,
            "exact_match_total_correct": 172,
            "atleastone_DK": 20,
            "all_DK": 20,
            "total_DK": 40,
            "atleastone_correct_%": 0.6746575342465754,
            "atleastone_DK_%": 0.0228310502283105,
            "all_correct_%": 0.6746575342465754,
            "all_DK_%": 0.0228310502283105,
            "correct_and_dk_%": 0.0045662100456621,
            "total_correct_%": 0.6746575342465754,
            "total_DK_%": 0.045662100456621,
            "exact_match_atleastone_correct_%": 0.1963470319634703,
            "exact_match_all_correct_%": 0.1963470319634703,
            "exact_match_total_correct_%": 0.1963470319634703
      },
      "dem": {
            "total_questions": 2628,
            "f1": 0.38825585814388186,
            "correct_and_dk": 9,
            "atleastone_correct": 640,
            "all_correct": 518,
            "total_correct": 1753,
            "exact_match_atleastone_correct": 292,
            "exact_match_all_correct": 106,
            "exact_match_total_correct": 588,
            "atleastone_DK": 30,
            "all_DK": 7,
            "total_DK": 94,
            "atleastone_correct_%": 0.730593607305936,
            "atleastone_DK_%": 0.03424657534246575,
            "all_correct_%": 0.591324200913242,
            "all_DK_%": 0.007990867579908675,
            "correct_and_dk_%": 0.010273972602739725,
            "total_correct_%": 0.6670471841704718,
            "total_DK_%": 0.03576864535768645,
            "exact_match_atleastone_correct_%": 0.3333333333333333,
            "exact_match_all_correct_%": 0.12100456621004566,
            "exact_match_total_correct_%": 0.2237442922374429
      },
      "repub": {
            "total_questions": 2628,
            "f1": 0.3772643856700864,
            "correct_and_dk": 13,
            "atleastone_correct": 632,
            "all_correct": 509,
            "total_correct": 1728,
            "exact_match_atleastone_correct": 281,
            "exact_match_all_correct": 99,
            "exact_match_total_correct": 555,
            "atleastone_DK": 48,
            "all_DK": 11,
            "total_DK": 158,
            "atleastone_correct_%": 0.7214611872146118,
            "atleastone_DK_%": 0.0547945205479452,
            "all_correct_%": 0.5810502283105023,
            "all_DK_%": 0.012557077625570776,
            "correct_and_dk_%": 0.014840182648401826,
            "total_correct_%": 0.6575342465753424,
            "total_DK_%": 0.06012176560121765,
            "exact_match_atleastone_correct_%": 0.3207762557077625,
            "exact_match_all_correct_%": 0.11301369863013698,
            "exact_match_total_correct_%": 0.21118721461187215
      }
}