{
      "noprompt": {
            "total_questions": 2628,
            "f1": 0.3931852935656759,
            "correct_and_dk": 7,
            "atleastone_correct": 647,
            "all_correct": 534,
            "total_correct": 1787,
            "exact_match_atleastone_correct": 293,
            "exact_match_all_correct": 108,
            "exact_match_total_correct": 588,
            "atleastone_DK": 25,
            "all_DK": 3,
            "total_DK": 66,
            "atleastone_correct_%": 0.7385844748858448,
            "atleastone_DK_%": 0.028538812785388126,
            "all_correct_%": 0.6095890410958904,
            "all_DK_%": 0.003424657534246575,
            "correct_and_dk_%": 0.007990867579908675,
            "total_correct_%": 0.6799847792998478,
            "total_DK_%": 0.02511415525114155,
            "exact_match_atleastone_correct_%": 0.3344748858447488,
            "exact_match_all_correct_%": 0.1232876712328767,
            "exact_match_total_correct_%": 0.2237442922374429
      },
      "SUM": {
            "total_questions": 876,
            "f1": 0.263396055951674,
            "correct_and_dk": 21,
            "atleastone_correct": 586,
            "all_correct": 586,
            "total_correct": 586,
            "exact_match_atleastone_correct": 101,
            "exact_match_all_correct": 101,
            "exact_match_total_correct": 101,
            "atleastone_DK": 61,
            "all_DK": 61,
            "total_DK": 122,
            "atleastone_correct_%": 0.6689497716894978,
            "atleastone_DK_%": 0.06963470319634703,
            "all_correct_%": 0.6689497716894978,
            "all_DK_%": 0.06963470319634703,
            "correct_and_dk_%": 0.023972602739726026,
            "total_correct_%": 0.6689497716894978,
            "total_DK_%": 0.13926940639269406,
            "exact_match_atleastone_correct_%": 0.11529680365296803,
            "exact_match_all_correct_%": 0.11529680365296803,
            "exact_match_total_correct_%": 0.11529680365296803
      },
      "dem": {
            "total_questions": 2628,
            "f1": 0.36641629420903665,
            "correct_and_dk": 36,
            "atleastone_correct": 607,
            "all_correct": 462,
            "total_correct": 1610,
            "exact_match_atleastone_correct": 280,
            "exact_match_all_correct": 110,
            "exact_match_total_correct": 579,
            "atleastone_DK": 117,
            "all_DK": 22,
            "total_DK": 380,
            "atleastone_correct_%": 0.6929223744292238,
            "atleastone_DK_%": 0.13356164383561642,
            "all_correct_%": 0.5273972602739726,
            "all_DK_%": 0.02511415525114155,
            "correct_and_dk_%": 0.0410958904109589,
            "total_correct_%": 0.6126331811263318,
            "total_DK_%": 0.1445966514459665,
            "exact_match_atleastone_correct_%": 0.319634703196347,
            "exact_match_all_correct_%": 0.12557077625570776,
            "exact_match_total_correct_%": 0.22031963470319635
      },
      "repub": {
            "total_questions": 2628,
            "f1": 0.33863975420391873,
            "correct_and_dk": 65,
            "atleastone_correct": 591,
            "all_correct": 424,
            "total_correct": 1528,
            "exact_match_atleastone_correct": 259,
            "exact_match_all_correct": 89,
            "exact_match_total_correct": 508,
            "atleastone_DK": 177,
            "all_DK": 39,
            "total_DK": 630,
            "atleastone_correct_%": 0.6746575342465754,
            "atleastone_DK_%": 0.20205479452054792,
            "all_correct_%": 0.4840182648401826,
            "all_DK_%": 0.04452054794520548,
            "correct_and_dk_%": 0.07420091324200913,
            "total_correct_%": 0.5814307458143074,
            "total_DK_%": 0.23972602739726026,
            "exact_match_atleastone_correct_%": 0.295662100456621,
            "exact_match_all_correct_%": 0.10159817351598173,
            "exact_match_total_correct_%": 0.1933028919330289
      }
}