{
      "noprompt": {
            "total_questions": 2628,
            "f1": 0.3931852935656759,
            "correct_and_dk": 7,
            "atleastone_correct": 647,
            "all_correct": 534,
            "total_correct": 1787,
            "exact_match_atleastone_correct": 293,
            "exact_match_all_correct": 108,
            "exact_match_total_correct": 588,
            "atleastone_DK": 25,
            "all_DK": 3,
            "total_DK": 66,
            "atleastone_correct_%": 0.7385844748858448,
            "atleastone_DK_%": 0.028538812785388126,
            "all_correct_%": 0.6095890410958904,
            "all_DK_%": 0.003424657534246575,
            "correct_and_dk_%": 0.007990867579908675,
            "total_correct_%": 0.6799847792998478,
            "total_DK_%": 0.02511415525114155,
            "exact_match_atleastone_correct_%": 0.3344748858447488,
            "exact_match_all_correct_%": 0.1232876712328767,
            "exact_match_total_correct_%": 0.2237442922374429
      },
      "SUM": {
            "total_questions": 876,
            "f1": 0.16327314404871376,
            "correct_and_dk": 31,
            "atleastone_correct": 572,
            "all_correct": 572,
            "total_correct": 572,
            "exact_match_atleastone_correct": 39,
            "exact_match_all_correct": 39,
            "exact_match_total_correct": 39,
            "atleastone_DK": 97,
            "all_DK": 97,
            "total_DK": 194,
            "atleastone_correct_%": 0.6529680365296804,
            "atleastone_DK_%": 0.11073059360730593,
            "all_correct_%": 0.6529680365296804,
            "all_DK_%": 0.11073059360730593,
            "correct_and_dk_%": 0.03538812785388128,
            "total_correct_%": 0.6529680365296804,
            "total_DK_%": 0.22146118721461186,
            "exact_match_atleastone_correct_%": 0.04452054794520548,
            "exact_match_all_correct_%": 0.04452054794520548,
            "exact_match_total_correct_%": 0.04452054794520548
      },
      "dem": {
            "total_questions": 2628,
            "f1": 0.33617104304743567,
            "correct_and_dk": 67,
            "atleastone_correct": 564,
            "all_correct": 391,
            "total_correct": 1446,
            "exact_match_atleastone_correct": 260,
            "exact_match_all_correct": 103,
            "exact_match_total_correct": 542,
            "atleastone_DK": 211,
            "all_DK": 44,
            "total_DK": 712,
            "atleastone_correct_%": 0.6438356164383561,
            "atleastone_DK_%": 0.2408675799086758,
            "all_correct_%": 0.44634703196347036,
            "all_DK_%": 0.0502283105022831,
            "correct_and_dk_%": 0.07648401826484018,
            "total_correct_%": 0.5502283105022832,
            "total_DK_%": 0.2709284627092846,
            "exact_match_atleastone_correct_%": 0.2968036529680365,
            "exact_match_all_correct_%": 0.11757990867579908,
            "exact_match_total_correct_%": 0.20624048706240486
      },
      "repub": {
            "total_questions": 2628,
            "f1": 0.30849807127547796,
            "correct_and_dk": 102,
            "atleastone_correct": 549,
            "all_correct": 352,
            "total_correct": 1361,
            "exact_match_atleastone_correct": 242,
            "exact_match_all_correct": 80,
            "exact_match_total_correct": 474,
            "atleastone_DK": 285,
            "all_DK": 62,
            "total_DK": 1006,
            "atleastone_correct_%": 0.6267123287671232,
            "atleastone_DK_%": 0.3253424657534246,
            "all_correct_%": 0.4018264840182648,
            "all_DK_%": 0.07077625570776255,
            "correct_and_dk_%": 0.11643835616438356,
            "total_correct_%": 0.5178843226788432,
            "total_DK_%": 0.3828006088280061,
            "exact_match_atleastone_correct_%": 0.27625570776255703,
            "exact_match_all_correct_%": 0.091324200913242,
            "exact_match_total_correct_%": 0.18036529680365296
      }
}