{
      "noprompt": {
            "total_questions": 2628,
            "f1": 0.3931852935656759,
            "correct_and_dk": 7,
            "atleastone_correct": 647,
            "all_correct": 534,
            "total_correct": 1787,
            "exact_match_atleastone_correct": 293,
            "exact_match_all_correct": 108,
            "exact_match_total_correct": 588,
            "atleastone_DK": 25,
            "all_DK": 3,
            "total_DK": 66,
            "atleastone_correct_%": 0.7385844748858448,
            "atleastone_DK_%": 0.028538812785388126,
            "all_correct_%": 0.6095890410958904,
            "all_DK_%": 0.003424657534246575,
            "correct_and_dk_%": 0.007990867579908675,
            "total_correct_%": 0.6799847792998478,
            "total_DK_%": 0.02511415525114155,
            "exact_match_atleastone_correct_%": 0.3344748858447488,
            "exact_match_all_correct_%": 0.1232876712328767,
            "exact_match_total_correct_%": 0.2237442922374429
      },
      "SUM": {
            "total_questions": 876,
            "f1": 0.25703454912475027,
            "correct_and_dk": 21,
            "atleastone_correct": 589,
            "all_correct": 589,
            "total_correct": 589,
            "exact_match_atleastone_correct": 97,
            "exact_match_all_correct": 97,
            "exact_match_total_correct": 97,
            "atleastone_DK": 62,
            "all_DK": 62,
            "total_DK": 124,
            "atleastone_correct_%": 0.6723744292237442,
            "atleastone_DK_%": 0.07077625570776255,
            "all_correct_%": 0.6723744292237442,
            "all_DK_%": 0.07077625570776255,
            "correct_and_dk_%": 0.023972602739726026,
            "total_correct_%": 0.6723744292237442,
            "total_DK_%": 0.1415525114155251,
            "exact_match_atleastone_correct_%": 0.11073059360730593,
            "exact_match_all_correct_%": 0.11073059360730593,
            "exact_match_total_correct_%": 0.11073059360730593
      },
      "dem": {
            "total_questions": 2628,
            "f1": 0.3651333697059916,
            "correct_and_dk": 39,
            "atleastone_correct": 601,
            "all_correct": 458,
            "total_correct": 1597,
            "exact_match_atleastone_correct": 280,
            "exact_match_all_correct": 112,
            "exact_match_total_correct": 582,
            "atleastone_DK": 122,
            "all_DK": 23,
            "total_DK": 398,
            "atleastone_correct_%": 0.6860730593607306,
            "atleastone_DK_%": 0.13926940639269406,
            "all_correct_%": 0.5228310502283104,
            "all_DK_%": 0.026255707762557076,
            "correct_and_dk_%": 0.04452054794520548,
            "total_correct_%": 0.6076864535768646,
            "total_DK_%": 0.15144596651445966,
            "exact_match_atleastone_correct_%": 0.319634703196347,
            "exact_match_all_correct_%": 0.1278538812785388,
            "exact_match_total_correct_%": 0.22146118721461186
      },
      "repub": {
            "total_questions": 2628,
            "f1": 0.33771350886823537,
            "correct_and_dk": 69,
            "atleastone_correct": 586,
            "all_correct": 422,
            "total_correct": 1518,
            "exact_match_atleastone_correct": 258,
            "exact_match_all_correct": 92,
            "exact_match_total_correct": 512,
            "atleastone_DK": 187,
            "all_DK": 42,
            "total_DK": 666,
            "atleastone_correct_%": 0.6689497716894977,
            "atleastone_DK_%": 0.2134703196347032,
            "all_correct_%": 0.4817351598173516,
            "all_DK_%": 0.04794520547945205,
            "correct_and_dk_%": 0.07876712328767123,
            "total_correct_%": 0.5776255707762558,
            "total_DK_%": 0.2534246575342466,
            "exact_match_atleastone_correct_%": 0.29452054794520544,
            "exact_match_all_correct_%": 0.1050228310502283,
            "exact_match_total_correct_%": 0.1948249619482496
      }
}