{
      "You: Do you think people have the right to bear arms?\nFriend:": {
            "data": [
                  [
                        0.10780301736404743,
                        0.5923793203128039,
                        0.26672324842339024
                  ],
                  [
                        0.47841447153643546,
                        0.19252762546779062,
                        0.4909722552366103
                  ],
                  [
                        1.3094038797507284,
                        1.2862249004407518,
                        1.204300419423233
                  ],
                  [
                        0.0,
                        0.0,
                        0.0
                  ]
            ],
            "off_diagonal_gap": 0.7704631490174014
      },
      "You: Do you think an unborn fetus is a living person?\nFriend:": {
            "data": [
                  [
                        0.12157747333931121,
                        0.13870317713030988,
                        0.24072900919062168
                  ],
                  [
                        0.44019058826104895,
                        0.11656409364749092,
                        1.0789994053719119
                  ],
                  [
                        0.602585549438223,
                        0.618764678930132,
                        0.608825210395569
                  ],
                  [
                        0.0,
                        0.0,
                        0.0
                  ]
            ],
            "off_diagonal_gap": 0.34075219840455667
      },
      "You: Do you think vaccines are safe?\nFriend:": {
            "data": [
                  [
                        0.13647320457781997,
                        0.16541216107434883,
                        0.26140631809593373
                  ],
                  [
                        0.1642310613480437,
                        0.1319393132193306,
                        0.37010233434407136
                  ],
                  [
                        1.8497877387831063,
                        1.658101788814252,
                        1.5669252262361755
                  ],
                  [
                        0.0,
                        0.0,
                        0.0
                  ]
            ],
            "off_diagonal_gap": 0.06123070462524194
      },
      "You: Are climate scientists exaggerating the potential risks due to global warming?\nFriend:": {
            "data": [
                  [
                        0.14995066316461486,
                        0.3839980174635782,
                        0.3856946550953271
                  ],
                  [
                        0.24293468412278035,
                        0.14590254756644055,
                        0.39145294210277615
                  ],
                  [
                        0.9420809132114247,
                        0.9073054052812018,
                        0.6430825293594387
                  ],
                  [
                        0.0,
                        0.0,
                        0.0
                  ]
            ],
            "off_diagonal_gap": 0.3310794908553032
      },
      "You: Do you think allowing female transgender athletes to compete with those born as women is fair?\nFriend:": {
            "data": [
                  [
                        0.1335595005062517,
                        0.18552966485668299,
                        0.19184788505340972
                  ],
                  [
                        0.2484502201320249,
                        0.1836461833294404,
                        0.31884807899366485
                  ],
                  [
                        0.9561311356442347,
                        0.94768103749103,
                        0.9230696601812722
                  ],
                  [
                        0.0,
                        0.0,
                        0.0
                  ]
            ],
            "off_diagonal_gap": 0.11677420115301576
      },
      "avg": {
            "data": [
                  [
                        0.12987277179040904,
                        0.2932044681675448,
                        0.2692802231717365
                  ],
                  [
                        0.3148442050800667,
                        0.15411595264609862,
                        0.5300750032098069
                  ],
                  [
                        1.1319978433655433,
                        1.0836155621914734,
                        0.9892406091191377
                  ],
                  [
                        0.0,
                        0.0,
                        0.0
                  ]
            ],
            "off_diagonal_gap": 0.32405994881110395
      }
}