{
      "You: Are climate scientists exaggerating the potential risks due to global warming?\nFriend:": {
            "data": [
                  [
                        0.1221140379689588,
                        0.25585495869920305,
                        0.37096130381021764
                  ],
                  [
                        0.05384130012656029,
                        0.023466058731064665,
                        0.014226018447869247
                  ],
                  [
                        0.2174274730883843,
                        0.21018218161333083,
                        0.052091090924318455
                  ],
                  [
                        0.0,
                        0.0,
                        0.0
                  ]
            ],
            "off_diagonal_gap": 0.16411616212573987
      },
      "You: Do you think an unborn fetus is a living person?\nFriend:": {
            "data": [
                  [
                        0.0651413302905929,
                        0.0853729308930509,
                        0.08216867288196528
                  ],
                  [
                        0.1950780120803132,
                        0.15554926150655538,
                        0.39403206753459097
                  ],
                  [
                        0.06554196210570383,
                        0.09151447744923381,
                        0.07075057855272807
                  ],
                  [
                        0.0,
                        0.0,
                        0.0
                  ]
            ],
            "off_diagonal_gap": 0.05976035117621584
      },
      "You: Do you think allowing female transgender athletes to compete with those born as women is fair?\nFriend:": {
            "data": [
                  [
                        0.1588417280377891,
                        0.26048604415769216,
                        0.1449671476837055
                  ],
                  [
                        0.2584227551610436,
                        0.10426414999538632,
                        0.16660313516261985
                  ],
                  [
                        0.18721852965768815,
                        0.1979680071608798,
                        0.12677110353137608
                  ],
                  [
                        0.0,
                        0.0,
                        0.0
                  ]
            ],
            "off_diagonal_gap": 0.2558029212855604
      },
      "You: Do you think people have the right to bear arms?\nFriend:": {
            "data": [
                  [
                        0.09115311184961228,
                        0.26823194762177527,
                        0.2988956983024983
                  ],
                  [
                        0.811892241397399,
                        0.12358150984283431,
                        0.6466811029799554
                  ],
                  [
                        0.0911239042599049,
                        0.09455245009492037,
                        0.08109111143573218
                  ],
                  [
                        0.0,
                        0.0,
                        0.0
                  ]
            ],
            "off_diagonal_gap": 0.8653895673267276
      },
      "You: Do you think vaccines are safe?\nFriend:": {
            "data": [
                  [
                        0.12931851333186783,
                        0.14917270441677621,
                        0.2148042491095291
                  ],
                  [
                        0.8298853586864637,
                        0.09590569809248493,
                        1.1654417341453687
                  ],
                  [
                        0.3050610695875957,
                        0.19986295534612689,
                        0.08064678167590646
                  ],
                  [
                        0.0,
                        0.0,
                        0.0
                  ]
            ],
            "off_diagonal_gap": 0.7538338516788872
      },
      "avg": {
            "data": [
                  [
                        0.5665687214788209,
                        1.0191185857884975,
                        1.1117970717879158
                  ],
                  [
                        2.14911966745178,
                        0.5027666781683257,
                        2.3869840582704045
                  ],
                  [
                        0.8663729386992769,
                        0.7940800716644917,
                        0.4113506661200612
                  ],
                  [
                        0.0,
                        0.0,
                        0.0
                  ]
            ],
            "off_diagonal_gap": 2.0989028535931307
      }
}