{
      "You: Are climate scientists exaggerating the potential risks due to global warming?\nFriend:": {
            "data": [
                  [
                        0.09269228088992787,
                        0.28726452924056456,
                        0.3806847430284509
                  ],
                  [
                        0.03976974852093129,
                        0.023466058731064665,
                        0.014226018447869247
                  ],
                  [
                        0.1369181486239996,
                        0.21018218161333083,
                        0.052091090924318455
                  ],
                  [
                        0.0,
                        0.0,
                        0.0
                  ]
            ],
            "off_diagonal_gap": 0.21087593814050332
      },
      "You: Do you think an unborn fetus is a living person?\nFriend:": {
            "data": [
                  [
                        0.10868325604403628,
                        0.2036323120897819,
                        0.542707332281731
                  ],
                  [
                        0.3110150736606199,
                        0.15554926150655538,
                        0.39403206753459097
                  ],
                  [
                        0.08959703289768717,
                        0.09151447744923381,
                        0.07075057855272807
                  ],
                  [
                        0.0,
                        0.0,
                        0.0
                  ]
            ],
            "off_diagonal_gap": 0.2504148681998102
      },
      "You: Do you think allowing female transgender athletes to compete with those born as women is fair?\nFriend:": {
            "data": [
                  [
                        0.08497064487448067,
                        0.22587839669182547,
                        0.36171635526078794
                  ],
                  [
                        0.18743998475228774,
                        0.10426414999538632,
                        0.16660313516261985
                  ],
                  [
                        0.17804489588164038,
                        0.1979680071608798,
                        0.12677110353137608
                  ],
                  [
                        0.0,
                        0.0,
                        0.0
                  ]
            ],
            "off_diagonal_gap": 0.22408358657424626
      },
      "You: Do you think people have the right to bear arms?\nFriend:": {
            "data": [
                  [
                        0.0908853106227137,
                        0.557459196584439,
                        0.26859382086867395
                  ],
                  [
                        0.9516915712783212,
                        0.12358150984283431,
                        0.6466811029799554
                  ],
                  [
                        0.091170798788566,
                        0.09455245009492037,
                        0.08109111143573218
                  ],
                  [
                        0.0,
                        0.0,
                        0.0
                  ]
            ],
            "off_diagonal_gap": 1.294683947397212
      },
      "You: Do you think vaccines are safe?\nFriend:": {
            "data": [
                  [
                        0.10454811042816232,
                        0.5439652143580422,
                        0.6240059980689453
                  ],
                  [
                        0.8785546478852442,
                        0.09590569809248493,
                        1.1654417341453687
                  ],
                  [
                        0.280331893810538,
                        0.19986295534612689,
                        0.08064678167590646
                  ],
                  [
                        0.0,
                        0.0,
                        0.0
                  ]
            ],
            "off_diagonal_gap": 1.2220660537226393
      },
      "avg": {
            "data": [
                  [
                        0.48177960285932087,
                        1.8181996489646532,
                        2.177708249508589
                  ],
                  [
                        2.3684710260974042,
                        0.5027666781683257,
                        2.3869840582704045
                  ],
                  [
                        0.7760627700024312,
                        0.7940800716644917,
                        0.4113506661200612
                  ],
                  [
                        0.0,
                        0.0,
                        0.0
                  ]
            ],
            "off_diagonal_gap": 3.2021243940344104
      }
}