{
      "You: Do you think an unborn fetus is a living person?\nFriend:": {
            "agreeable": {
                  "S": "\n\n\nThat's a really tough question.",
                  "logprobs": [
                        -0.6971365199999999,
                        -8.238985999999999e-05,
                        -0.0017722309,
                        -2.6815975,
                        -0.1503141775,
                        -0.0029097383,
                        -1.0319755,
                        -0.392677585,
                        -6.5684315e-06,
                        -0.45736361000000003
                  ],
                  "words_both_size": [
                        1,
                        1,
                        1,
                        0,
                        1,
                        1,
                        0,
                        1,
                        1,
                        1
                  ],
                  "iou": [
                        0.2987012987012987,
                        0.2987012987012987,
                        0.26582278481012656,
                        0.3333333333333333,
                        0.6129032258064516,
                        0.6129032258064516,
                        0.5625,
                        0.6949152542372882,
                        0.6666666666666666,
                        0.6949152542372882
                  ],
                  "S_earlystop": [
                        "\n\n\n",
                        "\n\n\nThat's a"
                  ]
            },
            "no_prompt": {
                  "S": "\n\nNo, I don't think an unborn fetus is a living person.",
                  "logprobs": [
                        -0.42831895,
                        -0.00015589187,
                        -0.61862457,
                        -0.0001895134,
                        -0.046385888,
                        -0.45663422,
                        -0.00039974027,
                        -0.012454708,
                        -0.043205038,
                        -3.3689823e-05,
                        -4.5847235e-05,
                        -0.0006595767,
                        -0.0008917378,
                        -0.00016232915,
                        -4.277735e-07,
                        -0.00014754539
                  ],
                  "words_both_size": [],
                  "iou": [],
                  "S_earlystop": []
            }
      },
      "You: Do you think people have the right to bear arms?\nFriend:": {
            "agreeable": {
                  "S": " I think so, yes.",
                  "logprobs": [
                        -0.78641081,
                        -0.33710068,
                        -2.4079957,
                        -0.010712450799999999,
                        -0.13491487,
                        -2.3855100999999997e-05
                  ],
                  "words_both_size": [
                        1,
                        1,
                        0,
                        1,
                        1,
                        1
                  ],
                  "iou": [
                        0.3333333333333333,
                        0.3157894736842105,
                        0.5151515151515151,
                        0.7241379310344828,
                        0.639344262295082,
                        0.5625
                  ],
                  "S_earlystop": [
                        " I think"
                  ]
            },
            "no_prompt": {
                  "S": "\n\nThere is a lot of debate on this topic, but ultimately it is up to the individual to decide what they believe.",
                  "logprobs": [
                        -0.9391444,
                        -8.495144e-05,
                        -0.6220921,
                        -0.022505794,
                        -0.30405506,
                        -0.0069168294,
                        -3.076318e-07,
                        -0.002443157,
                        -0.016788341,
                        -0.00023535996,
                        -0.20519441,
                        -0.114090614,
                        -0.00020739941,
                        -0.35738054,
                        -0.00024859305,
                        -0.48695558,
                        -0.0028402787,
                        -6.827632e-08,
                        -0.13035661,
                        -0.036093477,
                        -0.0017378073,
                        -0.0067870785,
                        -0.15842593,
                        -7.779892e-05,
                        -0.0077086603,
                        -0.0012382295
                  ],
                  "words_both_size": [],
                  "iou": [],
                  "S_earlystop": []
            }
      },
      "You: Do you think allowing female transgender athletes to compete with those born as women is fair?\nFriend:": {
            "agreeable": {
                  "S": "I think that as long as they are comfortable with their own bodies and feel like they are in the right category, then it is fair.",
                  "logprobs": [
                        -7.0722985,
                        -0.49772642500000003,
                        -0.376199644,
                        -0.29331365,
                        -0.004925260250000001,
                        -0.000605146165,
                        -0.29406496,
                        -0.284199135,
                        -1.5758569,
                        -0.0029093544,
                        -1.2234545,
                        -0.20548762,
                        -0.69004488,
                        -0.011313291000000001,
                        -0.44933492,
                        -0.115675198,
                        -3.4823240499999996e-05,
                        -0.0720992315,
                        -0.6576098349999999,
                        -9.783114e-05,
                        -0.22656417,
                        -0.23838444999999997,
                        -0.012481771150000001,
                        -0.030093134,
                        -0.18403809,
                        -0.00082702911,
                        -0.0626905295,
                        -1.3602214800000001e-05
                  ],
                  "words_both_size": [
                        0,
                        1,
                        1,
                        0,
                        1,
                        1,
                        1,
                        1,
                        0,
                        1,
                        0,
                        0,
                        1,
                        1,
                        0,
                        1,
                        1,
                        1,
                        1,
                        1,
                        1,
                        1,
                        1,
                        1,
                        1,
                        1,
                        1,
                        1
                  ],