{
      "You: Do you think an unborn fetus is a living person?\nFriend:": {
            "data": [
                  [
                        0.3884290807583718,
                        0.3272461971484251,
                        0.31768454478561453
                  ],
                  [
                        0.0678574847485384,
                        0.06025186020644775,
                        0.03686817649787194
                  ]
            ],
            "off_diagonal_gap": -0.053577259067856
      },
      "You: Do you think people have the right to bear arms?\nFriend:": {
            "data": [
                  [
                        0.7352889519218673,
                        1.0924711650194068,
                        0.6439076437284434
                  ],
                  [
                        0.08526673642253761,
                        0.16564416280707003,
                        0.24854787813100182
                  ]
            ],
            "off_diagonal_gap": 0.2768047867130071
      },
      "You: Are climate scientists exaggerating the potential risks due to global warming?\nFriend:": {
            "data": [
                  [
                        1.0530829033518427,
                        0.8555462695736639,
                        0.7239180375662043
                  ],
                  [
                        0.27966158880530956,
                        0.14817162026606134,
                        0.33206860451769976
                  ]
            ],
            "off_diagonal_gap": -0.06604666523893055
      },
      "You: Do you think allowing female transgender athletes to compete with those born as women is fair?\nFriend:": {
            "data": [
                  [
                        0.46583676593628276,
                        0.4260807348185147,
                        0.39853034404699716
                  ],
                  [
                        0.6040868337982318,
                        0.2342318095275671,
                        0.22764284495904774
                  ]
            ],
            "off_diagonal_gap": 0.3300989931528968
      },
      "You: Do you think vaccines are safe?\nFriend:": {
            "data": [
                  [
                        0.5568253188943699,
                        0.3809630488991041,
                        0.4744505739293258
                  ],
                  [
                        0.3316619729149378,
                        0.1410845203380075,
                        0.6594986945618408
                  ]
            ],
            "off_diagonal_gap": 0.014715182581664543
      },
      "avg": {
            "data": [
                  [
                        0.639892604172547,
                        0.6164614830918229,
                        0.5116982288113171
                  ],
                  [
                        0.2737069233379111,
                        0.14987679462903075,
                        0.3009252397334924
                  ]
            ],
            "off_diagonal_gap": 0.10039900762815618
      }
}