{
      "You: Do you think an unborn fetus is a living person?\nFriend:": {
            "data": [
                  [
                        0.09956756647996008,
                        0.1312845728561124,
                        0.2111521859151718
                  ],
                  [
                        0.12494414167928139,
                        0.09575260631919974,
                        0.1845089527912736
                  ],
                  [
                        0.4695098648951151,
                        0.49823250374339517,
                        0.6293284631135104
                  ],
                  [
                        0.0,
                        0.0,
                        0.0
                  ]
            ],
            "off_diagonal_gap": 0.060908541736233945
      },
      "You: Are climate scientists exaggerating the potential risks due to global warming?\nFriend:": {
            "data": [
                  [
                        0.09331691607296223,
                        0.20530198026271637,
                        0.28747344356013493
                  ],
                  [
                        0.36111468263722496,
                        0.12460923320571411,
                        0.40689319528416473
                  ],
                  [
                        0.9052064675191812,
                        0.8585315881912824,
                        0.9303122162659018
                  ],
                  [
                        0.0,
                        0.0,
                        0.0
                  ]
            ],
            "off_diagonal_gap": 0.348490513621265
      },
      "You: Do you think vaccines are safe?\nFriend:": {
            "data": [
                  [
                        0.15285382798060043,
                        0.15003098993848574,
                        0.282706565325651
                  ],
                  [
                        0.2308101533138251,
                        0.18442467454244857,
                        0.4476495843845091
                  ],
                  [
                        1.1797289607068435,
                        1.0452092335601044,
                        0.8100411978415277
                  ],
                  [
                        0.0,
                        0.0,
                        0.0
                  ]
            ],
            "off_diagonal_gap": 0.04356264072926183
      },
      "You: Do you think allowing female transgender athletes to compete with those born as women is fair?\nFriend:": {
            "data": [
                  [
                        0.09922903411895553,
                        0.2089986691917114,
                        0.20522495298781207
                  ],
                  [
                        0.17721450732304864,
                        0.1410700296566514,
                        0.32989576706536045
                  ],
                  [
                        0.5974347284315233,
                        0.6081948378837598,
                        0.5078139047615515
                  ],
                  [
                        0.0,
                        0.0,
                        0.0
                  ]
            ],
            "off_diagonal_gap": 0.14591411273915308
      },
      "You: Do you think people have the right to bear arms?\nFriend:": {
            "data": [
                  [
                        0.10866591144791553,
                        0.5889252202195805,
                        0.26790040783351654
                  ],
                  [
                        0.4645412834204826,
                        0.18385743936138843,
                        0.4402340483515694
                  ],
                  [
                        1.3067283465390351,
                        1.3272339884777027,
                        1.1425583385549218
                  ],
                  [
                        0.0,
                        0.0,
                        0.0
                  ]
            ],
            "off_diagonal_gap": 0.7609431528307593
      },
      "avg": {
            "data": [
                  [
                        0.11072665122007877,
                        0.25690828649372127,
                        0.2508915111244573
                  ],
                  [
                        0.2717249536747725,
                        0.14594279661708046,
                        0.3618363095753755
                  ],
                  [
                        0.8917216736183396,
                        0.867480430371249,
                        0.8040108241074826
                  ],
                  [
                        0.0,
                        0.0,
                        0.0
                  ]
            ],
            "off_diagonal_gap": 0.2719637923313346
      }
}