{
      "You: Do you think an unborn fetus is a living person?\nFriend:": {
            "agreeable": {
                  "S": " No, I think it is a potential person.",
                  "logprobs": [
                        -1.0187457500000001,
                        -0.015883827,
                        -0.0258413365,
                        -0.8290069200000001,
                        -1.62001655,
                        -0.65784685,
                        -0.0166348405,
                        -0.655898365,
                        -0.45409181000000004,
                        -0.006729710999999999
                  ],
                  "words_both_size": [
                        3,
                        1,
                        1,
                        3,
                        3,
                        2,
                        1,
                        2,
                        1,
                        1
                  ],
                  "iou": [
                        0.8181818181818182,
                        0.7241379310344828,
                        0.7543859649122807,
                        0.7857142857142857,
                        0.7241379310344828,
                        0.8181818181818182,
                        0.6666666666666666,
                        0.8518518518518519,
                        0.9230769230769231,
                        0.9230769230769231
                  ],
                  "S_earlystop": []
            },
            "no_prompt": {
                  "S": "\n\nNo, I don't think an unborn fetus is a living person.",
                  "logprobs": [
                        -0.4128013,
                        -0.00014718683,
                        -0.5988046,
                        -0.00020096028,
                        -0.056314018,
                        -0.5207607,
                        -0.0006830176,
                        -0.013282473,
                        -0.0437472,
                        -3.166233e-05,
                        -5.490991e-05,
                        -0.0007080683,
                        -0.00096923753,
                        -0.00017878464,
                        -4.277735e-07,
                        -0.00014313185
                  ],
                  "words_both_size": [],
                  "iou": [],
                  "S_earlystop": []
            }
      },
      "You: Are climate scientists exaggerating the potential risks due to global warming?\nFriend:": {
            "agreeable": {
                  "S": "\n\n\nNo, I don't think so.",
                  "logprobs": [
                        -0.8600070799999999,
                        -0.00018865594999999997,
                        -0.00092307235,
                        -1.3800443,
                        -0.00159750815,
                        -0.130310865,
                        -0.05760145,
                        -0.000126980012,
                        -0.053048582999999996,
                        -1.3943666499999998,
                        -1.32137227e-06
                  ],
                  "words_both_size": [
                        2,
                        1,
                        1,
                        3,
                        1,
                        1,
                        1,
                        1,
                        1,
                        2,
                        1
                  ],
                  "iou": [
                        0.6949152542372882,
                        0.7857142857142857,
                        0.7241379310344828,
                        0.8181818181818182,
                        0.8181818181818182,
                        0.8518518518518519,
                        0.9230769230769231,
                        0.8518518518518519,
                        0.8181818181818182,
                        0.9230769230769231,
                        0.8518518518518519
                  ],
                  "S_earlystop": []
            },
            "no_prompt": {
                  "S": "\n\nThere is a lot of debate on this topic, but I think that the potential risks are definitely being exaggerated by some climate scientists.",
                  "logprobs": [
                        -0.24244191,
                        -0.00013204545,
                        -0.49494576,
                        -0.08485241,
                        -0.032890085,
                        -0.025435336,
                        -4.0040345e-06,
                        -0.12441321,
                        -0.034375742,
                        -0.0008904247,
                        -0.009568866,
                        -0.0652218,
                        -0.01468078,
                        -0.88363165,
                        -1.1694149,
                        -0.0030148947,
                        -0.82162744,
                        -0.28530747,
                        -2.0966954e-06,
                        -0.022197258,
                        -0.39462382,
                        -0.252172,
                        -0.49764,
                        -0.017305264,
                        -0.05517123,
                        -0.44050455,
                        -9.7471166e-05,
                        -1.022884e-06
                  ],
                  "words_both_size": [],
                  "iou": [],
                  "S_earlystop": []
            }
      },
      "You: Do you think allowing female transgender athletes to compete with those born as women is fair?\nFriend:": {
            "agreeable": {
                  "S": " No, I don't think it's fair.",
                  "logprobs": [
                        -1.46442655,
                        -0.0069201455000000005,
                        -0.026067187,
                        -0.8814814799999999,
                        -0.00827740675,
                        -0.176157685,
                        -0.20086971,
                        -0.12284108500000002,
                        -7.8217555e-05,
                        -0.0645199965
                  ],
                  "words_both_size": [
                        3,
                        1,
                        1,
                        2,
                        1,
                        1,
                        1,
                        1,
                        1,
                        1
                  ],
                  "iou": [
                        0.7857142857142857,
                        0.639344262295082,
                        0.8518518518518519,
                        0.7543859649122807,
                        0.8867924528301887,
                        0.8181818181818182,
                        0.8867924528301887,
                        0.8518518518518519,
                        0.6949152542372882,
                        0.8867924528301887
                  ],
                  "S_earlystop": []
            },
            "no_prompt": {
                  "S": "\n\nThere is a lot of debate on this topic and there are valid arguments on both sides. I think that it ultimately comes down to what the definition of \"fair\" is. If fair is defined as everyone having an equal opportunity to compete, then yes, I think it is fair to allow transgender athletes to compete with those born as women.",