{
      "You: Do you think an unborn fetus is a living person?\nFriend:": {
            "agreeable": {
                  "S": " I think that an unborn fetus is a living person.",
                  "logprobs": [
                        -0.7420168,
                        -0.78072584,
                        -0.37765609,
                        -0.53955989,
                        -0.014768241549999998,
                        -0.0024836928649999996,
                        -0.014841603499999998,
                        -0.024051054500000002,
                        -0.49859659999999995,
                        -0.0506937885,
                        -0.1120646225
                  ],
                  "words_both_size": [
                        0,
                        0,
                        1,
                        1,
                        1,
                        1,
                        1,
                        1,
                        1,
                        1,
                        1
                  ],
                  "iou": [
                        0.8181818181818182,
                        0.7543859649122807,
                        0.6949152542372882,
                        0.6666666666666666,
                        0.7241379310344828,
                        0.8181818181818182,
                        0.6949152542372882,
                        0.6949152542372882,
                        0.6949152542372882,
                        0.7857142857142857,
                        0.7543859649122807
                  ],
                  "S_earlystop": [
                        "",
                        " I"
                  ]
            },
            "no_prompt": {
                  "S": "\n\nNo, I don't think an unborn fetus is a living person.",
                  "logprobs": [
                        -0.41496167,
                        -0.00014706762,
                        -0.547811,
                        -0.00018378951,
                        -0.049628716,
                        -0.52691156,
                        -0.00046324843,
                        -0.011889489,
                        -0.03911323,
                        -3.237946e-05,
                        -5.2885232e-05,
                        -0.000679676,
                        -0.0009975744,
                        -0.00014873935,
                        -5.460492e-07,
                        -0.00013287991
                  ],
                  "words_both_size": [],
                  "iou": [],
                  "S_earlystop": []
            }
      },
      "You: Are climate scientists exaggerating the potential risks due to global warming?\nFriend:": {
            "agreeable": {
                  "S": "\n\n\nThere is a lot of debate on this topic.",
                  "logprobs": [
                        -0.8992966149999999,
                        -0.000189907645,
                        -0.00095889315,
                        -0.721060225,
                        -0.0394961685,
                        -0.036600548499999996,
                        -0.07626083,
                        -2.5735353499999997e-06,
                        -0.10237563699999999,
                        -0.01877747,
                        -0.010284715,
                        -0.33449924,
                        -0.13420413
                  ],
                  "words_both_size": [
                        2,
                        1,
                        1,
                        1,
                        1,
                        1,
                        1,
                        1,
                        1,
                        1,
                        1,
                        1,
                        0
                  ],
                  "iou": [
                        0.6949152542372882,
                        0.7857142857142857,
                        0.7543859649122807,
                        0.8181818181818182,
                        0.8518518518518519,
                        0.6129032258064516,
                        0.5873015873015873,
                        0.5873015873015873,
                        0.6666666666666666,
                        0.8518518518518519,
                        0.8181818181818182,
                        0.8181818181818182,
                        0.8867924528301887
                  ],
                  "S_earlystop": [
                        "\n\n\nThere is a lot of debate on this topic"
                  ]
            },
            "no_prompt": {
                  "S": "\n\nThere is a lot of debate on this topic, but I think that the potential risks are definitely being exaggerated by some climate scientists.",
                  "logprobs": [
                        -0.23764339,
                        -0.00013860193,
                        -0.5165283,
                        -0.09232884,
                        -0.033324193,
                        -0.023544006,
                        -2.8138238e-06,
                        -0.14597498,
                        -0.030722959,
                        -0.0008618484,
                        -0.0110397935,
                        -0.04490224,
                        -0.022303546,
                        -0.75955427,
                        -0.9712035,
                        -0.0017733934,
                        -0.7010788,
                        -0.26643896,
                        -2.2159093e-06,
                        -0.022511527,
                        -0.48399282,
                        -0.14302944,
                        -0.39000973,
                        -0.019547522,
                        -0.041068368,
                        -0.46562073,
                        -9.937757e-05,
                        -1.3823812e-06
                  ],
                  "words_both_size": [],
                  "iou": [],
                  "S_earlystop": []
            }
      },
      "You: Do you think allowing female transgender athletes to compete with those born as women is fair?\nFriend:": {
            "agreeable": {
                  "S": "\n\n\nNo, I don't think it's fair.",
                  "logprobs": [
                        -1.08570652,
                        -0.00023211127999999998,
                        -0.00166599608,
                        -0.37459398,
                        -0.00047523455,
                        -0.00342613625,
                        -0.34157023,
                        -0.000131629155,
                        -0.0103855197,
                        -0.0609766435,
                        -0.025503737999999998,
                        -0.00046741840499999994,
                        -0.011645332250000001
                  ],
                  "words_both_size": [
                        1,
                        1,
                        1,
                        1,
                        1,
                        1,
                        1,
                        1,
                        1,
                        1,
                        1,
                        1,
                        1
                  ],
                  "iou": [
                        0.8181818181818182,
                        0.8181818181818182,
                        0.8181818181818182,
                        0.8518518518518519,
                        0.639344262295082,
                        0.7857142857142857,
                        0.7543859649122807,
                        1.0,
                        0.8181818181818182,
                        0.8518518518518519,
                        0.8867924528301887,
                        0.8867924528301887,
                        0.8518518518518519
                  ],
                  "S_earlystop": []
            },