{
      "You: Do you think allowing female transgender athletes to compete with those born as women is fair?\nFriend:": {
            "data": [
                  [
                        0.37267449452681733,
                        0.3836429198124633,
                        0.2562504195890523
                  ],
                  [
                        0.18451484292622605,
                        0.16661603860194973,
                        0.39631382167896845
                  ]
            ],
            "off_diagonal_gap": 0.028867229609922274
      },
      "You: Do you think people have the right to bear arms?\nFriend:": {
            "data": [
                  [
                        1.256372565756269,
                        1.13212568963636,
                        0.62572375018497
                  ],
                  [
                        0.149953998469604,
                        0.1504563934283869,
                        0.1661741815076434
                  ]
            ],
            "off_diagonal_gap": -0.12474927107869171
      },
      "You: Are climate scientists exaggerating the potential risks due to global warming?\nFriend:": {
            "data": [
                  [
                        0.7686243743006693,
                        1.231075786129742,
                        0.7312152992785802
                  ],
                  [
                        0.20966638740650215,
                        0.17695440135279936,
                        0.23217473717545836
                  ]
            ],
            "off_diagonal_gap": 0.4951633978827753
      },
      "You: Do you think vaccines are safe?\nFriend:": {
            "data": [
                  [
                        0.6632809688927225,
                        0.7465948761846533,
                        0.4791291046833322
                  ],
                  [
                        0.0776008881536723,
                        0.11612950768020462,
                        0.18001681630569977
                  ]
            ],
            "off_diagonal_gap": 0.04478528776539843
      },
      "You: Do you think an unborn fetus is a living person?\nFriend:": {
            "data": [
                  [
                        0.34465594613097855,
                        0.3714707639389358,
                        0.32148982907410156
                  ],
                  [
                        0.1314360012539446,
                        0.14335365586210302,
                        0.362350002612338
                  ]
            ],
            "off_diagonal_gap": 0.01489716319979889
      },
      "avg": {
            "data": [
                  [
                        0.6811216699214913,
                        0.7729820071404309,
                        0.4827616805620072
                  ],
                  [
                        0.1506344236419898,
                        0.15070199938508871,
                        0.2674059118560216
                  ]
            ],
            "off_diagonal_gap": 0.09179276147584065
      }
}