{
      "You: Do you think allowing female transgender athletes to compete with those born as women is fair?\nFriend:": {
            "data": [
                  [
                        0.044235143505072336,
                        0.038841772755110866,
                        0.0465328202536791
                  ],
                  [
                        0.18327889714918777,
                        0.15084348418294452,
                        0.31064269092414865
                  ],
                  [
                        0.2346727486278858,
                        0.31244790432092906,
                        0.12677110353137605
                  ],
                  [
                        0.0,
                        0.0,
                        0.0
                  ]
            ],
            "off_diagonal_gap": 0.009014014072093918
      },
      "You: Do you think vaccines are safe?\nFriend:": {
            "data": [
                  [
                        0.08501950662218578,
                        0.1075988346655034,
                        0.26560152497700357
                  ],
                  [
                        0.12137120488888486,
                        0.10408568720087259,
                        0.21741197546969718
                  ],
                  [
                        0.1387378210188942,
                        0.19844030551023484,
                        0.08064678167590644
                  ],
                  [
                        0.0,
                        0.0,
                        0.0
                  ]
            ],
            "off_diagonal_gap": 0.013288281910443303
      },
      "You: Are climate scientists exaggerating the potential risks due to global warming?\nFriend:": {
            "data": [
                  [
                        0.11588435804893726,
                        0.27316424132006534,
                        0.27846641902840064
                  ],
                  [
                        0.17193058448892562,
                        0.13169137452677324,
                        0.21015763722130154
                  ],
                  [
                        0.33279871982734166,
                        0.32404956462600965,
                        0.05209109092431845
                  ],
                  [
                        0.0,
                        0.0,
                        0.0
                  ]
            ],
            "off_diagonal_gap": 0.06583969774442681
      },
      "You: Do you think people have the right to bear arms?\nFriend:": {
            "data": [
                  [
                        0.09894576332304267,
                        0.24682596386263533,
                        0.24912473514331812
                  ],
                  [
                        0.5052947931857823,
                        0.07125934519120096,
                        0.23208627999636394
                  ],
                  [
                        0.15015314269086144,
                        0.09859196675831244,
                        0.08109111143573217
                  ],
                  [
                        0.0,
                        0.0,
                        0.0
                  ]
            ],
            "off_diagonal_gap": 0.1939718828447247
      },
      "You: Do you think an unborn fetus is a living person?\nFriend:": {
            "data": [
                  [
                        0.1637882732190168,
                        0.3593304311590574,
                        0.4844841107987557
                  ],
                  [
                        0.2509064972748377,
                        0.08502037599982258,
                        0.17362287574784063
                  ],
                  [
                        0.035700407805879346,
                        0.07280720723632676,
                        0.07075057855272807
                  ],
                  [
                        0.0,
                        0.0,
                        0.0
                  ]
            ],
            "off_diagonal_gap": 0.12047609307168523
      },
      "avg": {
            "data": [
                  [
                        0.16929101490608495,
                        0.3419204145874574,
                        0.4414032034003857
                  ],
                  [
                        0.41092732566253937,
                        0.18096675570053794,
                        0.38130715311978397
                  ],
                  [
                        0.29735427999028746,
                        0.33544564948393757,
                        0.13711688870668706
                  ],
                  [
                        0.0,
                        0.0,
                        0.0
                  ]
            ],
            "off_diagonal_gap": 0.13419665654779128
      }
}