{
      "You: Are climate scientists exaggerating the potential risks due to global warming?\nFriend:": {
            "data": [
                  [
                        0.109111108888839,
                        0.7557899710616526,
                        0.6292782577309741
                  ],
                  [
                        0.607271488460598,
                        0.1004534756830077,
                        0.6053661088920466
                  ],
                  [
                        0.33799913341235666,
                        0.3135983973367638,
                        0.05209109092431845
                  ],
                  [
                        0.0,
                        0.0,
                        0.0
                  ]
            ],
            "off_diagonal_gap": 0.38449895831680125
      },
      "You: Do you think allowing female transgender athletes to compete with those born as women is fair?\nFriend:": {
            "data": [
                  [
                        0.1212318904473468,
                        0.5691541985857875,
                        0.4843116443827185
                  ],
                  [
                        0.3431866725166634,
                        0.06373507041282513,
                        0.19142411558542344
                  ],
                  [
                        0.20191460130123043,
                        0.29073519293880595,
                        0.12677110353137605
                  ],
                  [
                        0.0,
                        0.0,
                        0.0
                  ]
            ],
            "off_diagonal_gap": 0.24245797008075967
      },
      "You: Do you think people have the right to bear arms?\nFriend:": {
            "data": [
                  [
                        0.049164655648722105,
                        0.3101584044771958,
                        0.19207001533542697
                  ],
                  [
                        1.7596045058940626,
                        0.08180831156794414,
                        1.4046778031780969
                  ],
                  [
                        0.05262550784594021,
                        0.06824967688571278,
                        0.08109111143573217
                  ],
                  [
                        0.0,
                        0.0,
                        0.0
                  ]
            ],
            "off_diagonal_gap": 0.646263314384864
      },
      "You: Do you think an unborn fetus is a living person?\nFriend:": {
            "data": [
                  [
                        0.11267983150271828,
                        0.5708562344344622,
                        0.6854741922818979
                  ],
                  [
                        0.5519048068379302,
                        0.16778356327171123,
                        0.37038216460074924
                  ],
                  [
                        0.06835026576142121,
                        0.07217092377962903,
                        0.07075057855272807
                  ],
                  [
                        0.0,
                        0.0,
                        0.0
                  ]
            ],
            "off_diagonal_gap": 0.2807658821659876
      },
      "You: Do you think vaccines are safe?\nFriend:": {
            "data": [
                  [
                        0.10349909874091298,
                        0.3691031140824401,
                        0.12551460055531846
                  ],
                  [
                        0.650816764679063,
                        0.09427811869183193,
                        0.7656844624660138
                  ],
                  [
                        0.15468833844580243,
                        0.16607768883704163,
                        0.08064678167590644
                  ],
                  [
                        0.0,
                        0.0,
                        0.0
                  ]
            ],
            "off_diagonal_gap": 0.27404755377625273
      },
      "avg": {
            "data": [
                  [
                        0.16522886174284637,
                        0.8583539742138461,
                        0.7055495700954454
                  ],
                  [
                        1.3042614127961059,
                        0.16935284654244004,
                        1.11251155157411
                  ],
                  [
                        0.27185928225558365,
                        0.3036106265926511,
                        0.13711688870668706
                  ],
                  [
                        0.0,
                        0.0,
                        0.0
                  ]
            ],
            "off_diagonal_gap": 0.6093445595748884
      }
}