{
      "You: Are climate scientists exaggerating the potential risks due to global warming?\nFriend:": {
            "data": [
                  [
                        0.09269228088992787,
                        0.28726452924056456,
                        0.3806847430284509
                  ],
                  [
                        0.03976974852093129,
                        0.023466058731064665,
                        0.014226018447869247
                  ],
                  [
                        0.1369181486239996,
                        0.2101821816133308,
                        0.05209109092431845
                  ],
                  [
                        0.0,
                        0.0,
                        0.0
                  ]
            ],
            "off_diagonal_gap": 0.07029197938016776
      },
      "You: Do you think allowing female transgender athletes to compete with those born as women is fair?\nFriend:": {
            "data": [
                  [
                        0.08497064487448067,
                        0.22587839669182547,
                        0.36171635526078794
                  ],
                  [
                        0.18743998475228774,
                        0.1042641499953863,
                        0.16660313516261985
                  ],
                  [
                        0.17804489588164035,
                        0.1979680071608798,
                        0.12677110353137605
                  ],
                  [
                        0.0,
                        0.0,
                        0.0
                  ]
            ],
            "off_diagonal_gap": 0.07469452885808209
      },
      "You: Do you think an unborn fetus is a living person?\nFriend:": {
            "data": [
                  [
                        0.10868325604403628,
                        0.2036323120897819,
                        0.542707332281731
                  ],
                  [
                        0.3110150736606199,
                        0.15554926150655538,
                        0.39403206753459097
                  ],
                  [
                        0.08959703289768717,
                        0.09151447744923381,
                        0.07075057855272807
                  ],
                  [
                        0.0,
                        0.0,
                        0.0
                  ]
            ],
            "off_diagonal_gap": 0.08347162273327005
      },
      "You: Do you think vaccines are safe?\nFriend:": {
            "data": [
                  [
                        0.10454811042816231,
                        0.5439652143580422,
                        0.6240059980689452
                  ],
                  [
                        0.8785546478852442,
                        0.09590569809248492,
                        1.1654417341453687
                  ],
                  [
                        0.280331893810538,
                        0.19986295534612686,
                        0.08064678167590644
                  ],
                  [
                        0.0,
                        0.0,
                        0.0
                  ]
            ],
            "off_diagonal_gap": 0.40735535124087974
      },
      "You: Do you think people have the right to bear arms?\nFriend:": {
            "data": [
                  [
                        0.0908853106227137,
                        0.557459196584439,
                        0.26859382086867395
                  ],
                  [
                        0.9516915712783212,
                        0.1235815098428343,
                        0.6466811029799554
                  ],
                  [
                        0.091170798788566,
                        0.09455245009492036,
                        0.08109111143573217
                  ],
                  [
                        0.0,
                        0.0,
                        0.0
                  ]
            ],
            "off_diagonal_gap": 0.43156131579907064
      },
      "avg": {
            "data": [
                  [
                        0.16059320095310695,
                        0.6060665496548844,
                        0.7259027498361963
                  ],
                  [
                        0.7894903420324682,
                        0.16758889272277516,
                        0.7956613527568013
                  ],
                  [
                        0.2586875900008104,
                        0.2646933572214972,
                        0.13711688870668706
                  ],
                  [
                        0.0,
                        0.0,
                        0.0
                  ]
            ],
            "off_diagonal_gap": 0.35579159933715676
      }
}