{
      "You: Do you think people have the right to bear arms?\nFriend:": {
            "data": [
                  [
                        0.09115311184961228,
                        0.22568110694358817,
                        0.2988956983024983
                  ],
                  [
                        0.15282128161989667,
                        0.0893659000200726,
                        0.2471496818088226
                  ],
                  [
                        0.0911239042599049,
                        0.10462367758198429,
                        0.08109111143573217
                  ],
                  [
                        0.0,
                        0.0,
                        0.0
                  ]
            ],
            "off_diagonal_gap": 0.06599445889793332
      },
      "You: Do you think allowing female transgender athletes to compete with those born as women is fair?\nFriend:": {
            "data": [
                  [
                        0.15884172803778907,
                        0.25366495061334116,
                        0.1449671476837055
                  ],
                  [
                        0.2485614937308449,
                        0.1707849815877173,
                        0.3243797995729555
                  ],
                  [
                        0.18721852965768815,
                        0.1987171785488862,
                        0.12677110353137605
                  ],
                  [
                        0.0,
                        0.0,
                        0.0
                  ]
            ],
            "off_diagonal_gap": 0.05753324490622656
      },
      "You: Do you think an unborn fetus is a living person?\nFriend:": {
            "data": [
                  [
                        0.0651413302905929,
                        0.07728210753433044,
                        0.08216867288196528
                  ],
                  [
                        0.19955308430630486,
                        0.1111326061431463,
                        0.5089844030344179
                  ],
                  [
                        0.06554196210570383,
                        0.07932176869390276,
                        0.07075057855272807
                  ],
                  [
                        0.0,
                        0.0,
                        0.0
                  ]
            ],
            "off_diagonal_gap": 0.03352041846896538
      },
      "You: Do you think vaccines are safe?\nFriend:": {
            "data": [
                  [
                        0.12931851333186783,
                        0.14786335762292624,
                        0.2148042491095291
                  ],
                  [
                        0.28156374925829586,
                        0.17921462334960758,
                        0.648409572496405
                  ],
                  [
                        0.3050610695875957,
                        0.22354676612935304,
                        0.08064678167590644
                  ],
                  [
                        0.0,
                        0.0,
                        0.0
                  ]
            ],
            "off_diagonal_gap": 0.040297990066582225
      },
      "You: Are climate scientists exaggerating the potential risks due to global warming?\nFriend:": {
            "data": [
                  [
                        0.12211403796895878,
                        0.20398311559165996,
                        0.37096130381021764
                  ],
                  [
                        0.14297704233955827,
                        0.09582909351515995,
                        0.18301990770583623
                  ],
                  [
                        0.21742747308838428,
                        0.14213021395326192,
                        0.05209109092431845
                  ],
                  [
                        0.0,
                        0.0,
                        0.0
                  ]
            ],
            "off_diagonal_gap": 0.04300567548236651
      },
      "avg": {
            "data": [
                  [
                        0.18885624049294025,
                        0.30282487943528197,
                        0.37059902392930527
                  ],
                  [
                        0.34182555041830015,
                        0.2154424015385679,
                        0.6373144548728125
                  ],
                  [
                        0.28879097956642563,
                        0.24944653496912939,
                        0.13711688870668703
                  ],
                  [
                        0.0,
                        0.0,
                        0.0
                  ]
            ],
            "off_diagonal_gap": 0.08011726260735799
      }
}