{
      "You: Do you think vaccines are safe?\nFriend:": {
            "data": [
                  [
                        0.3176440667721731,
                        0.31293661446649673,
                        0.5489646499914708
                  ],
                  [
                        0.26533128333794526,
                        0.20577450554409568,
                        0.5798039036641094
                  ],
                  [
                        0.22847263363435613,
                        0.17363372104357153,
                        0.08064678167590644
                  ],
                  [
                        0.0,
                        0.0,
                        0.0
                  ]
            ],
            "off_diagonal_gap": 0.018283108496057732
      },
      "You: Do you think people have the right to bear arms?\nFriend:": {
            "data": [
                  [
                        0.139213183321494,
                        0.14888699989692947,
                        0.2644231101268998
                  ],
                  [
                        0.30306158251459536,
                        0.15305293485445337,
                        0.31910110625636784
                  ],
                  [
                        0.08591770272326332,
                        0.07759608138778787,
                        0.08109111143573217
                  ],
                  [
                        0.0,
                        0.0,
                        0.0
                  ]
            ],
            "off_diagonal_gap": 0.0532274880785258
      },
      "You: Do you think allowing female transgender athletes to compete with those born as women is fair?\nFriend:": {
            "data": [
                  [
                        0.10218974993501108,
                        0.10340418673602417,
                        0.12836211801097197
                  ],
                  [
                        0.12204096491854242,
                        0.10979371353820405,
                        0.17287140906462195
                  ],
                  [
                        0.17384461023099343,
                        0.1804574920532013,
                        0.12677110353137605
                  ],
                  [
                        0.0,
                        0.0,
                        0.0
                  ]
            ],
            "off_diagonal_gap": 0.004487229393783815
      },
      "You: Do you think an unborn fetus is a living person?\nFriend:": {
            "data": [
                  [
                        0.1460065810745832,
                        0.22859812921457906,
                        0.19259644393054778
                  ],
                  [
                        0.1352075315353369,
                        0.12248814569942368,
                        0.2626936685472765
                  ],
                  [
                        0.08518960274906709,
                        0.0930372590019555,
                        0.07075057855272807
                  ],
                  [
                        0.0,
                        0.0,
                        0.0
                  ]
            ],
            "off_diagonal_gap": 0.031770311325303016
      },
      "You: Are climate scientists exaggerating the potential risks due to global warming?\nFriend:": {
            "data": [
                  [
                        0.10105641986374633,
                        0.11149128616522286,
                        0.158672012712185
                  ],
                  [
                        0.1628802842052534,
                        0.1495387513983831,
                        0.5236668090984622
                  ],
                  [
                        0.12348989344593325,
                        0.12326737650523084,
                        0.05209109092431845
                  ],
                  [
                        0.0,
                        0.0,
                        0.0
                  ]
            ],
            "off_diagonal_gap": 0.007925466369448944
      },
      "avg": {
            "data": [
                  [
                        0.26870333365566923,
                        0.3017724054930841,
                        0.43100611159069174
                  ],
                  [
                        0.3295072155038911,
                        0.2468826836781866,
                        0.6193789655436126
                  ],
                  [
                        0.2323048142612044,
                        0.21599730999724898,
                        0.13711688870668703
                  ],
                  [
                        0.0,
                        0.0,
                        0.0
                  ]
            ],
            "off_diagonal_gap": 0.03856453455437312
      }
}