{
      "You: Do you think vaccines are safe?\nFriend:": {
            "data": [
                  [
                        0.11004219025048653,
                        0.17626100001767056,
                        0.45201545504945256
                  ],
                  [
                        0.14751396955295926,
                        0.12451886651394377,
                        0.20976430449315178
                  ],
                  [
                        0.2704638863598833,
                        0.24467629030285776,
                        0.08064678167590644
                  ],
                  [
                        0.0,
                        0.0,
                        0.0
                  ]
            ],
            "off_diagonal_gap": 0.02973797093539983
      },
      "You: Do you think people have the right to bear arms?\nFriend:": {
            "data": [
                  [
                        0.10756699627208083,
                        0.5945526853535074,
                        0.26587048586023604
                  ],
                  [
                        0.18153798286681147,
                        0.14356536379044127,
                        0.19986074614277702
                  ],
                  [
                        0.08680601516532845,
                        0.08862951196071361,
                        0.08109111143573217
                  ],
                  [
                        0.0,
                        0.0,
                        0.0
                  ]
            ],
            "off_diagonal_gap": 0.17498610271926554
      },
      "You: Do you think allowing female transgender athletes to compete with those born as women is fair?\nFriend:": {
            "data": [
                  [
                        0.15640791593090314,
                        0.1979102252281164,
                        0.26454069703626426
                  ],
                  [
                        0.19125416654548105,
                        0.09753057504185517,
                        0.22968725007934984
                  ],
                  [
                        0.17656937342328388,
                        0.19961774413303435,
                        0.12677110353137605
                  ],
                  [
                        0.0,
                        0.0,
                        0.0
                  ]
            ],
            "off_diagonal_gap": 0.04507530026694638
      },
      "You: Do you think an unborn fetus is a living person?\nFriend:": {
            "data": [
                  [
                        0.1089704416203208,
                        0.15195738976127376,
                        0.356564506925919
                  ],
                  [
                        0.12686693540439364,
                        0.09739264915454976,
                        0.1853096978840348
                  ],
                  [
                        0.08613354947610728,
                        0.11775987164847335,
                        0.07075057855272807
                  ],
                  [
                        0.0,
                        0.0,
                        0.0
                  ]
            ],
            "off_diagonal_gap": 0.024153744796932282
      },
      "You: Are climate scientists exaggerating the potential risks due to global warming?\nFriend:": {
            "data": [
                  [
                        0.09871078950730326,
                        0.13866861250599594,
                        0.4523533455831561
                  ],
                  [
                        0.14836331425000027,
                        0.08460111551240783,
                        0.3073791406831142
                  ],
                  [
                        0.17205510539250446,
                        0.1895297550314288,
                        0.05209109092431845
                  ],
                  [
                        0.0,
                        0.0,
                        0.0
                  ]
            ],
            "off_diagonal_gap": 0.0345733405787617
      },
      "avg": {
            "data": [
                  [
                        0.1938994445270315,
                        0.41978330428885474,
                        0.5971148301516759
                  ],
                  [
                        0.2651787895398819,
                        0.18253619000439925,
                        0.37733371309414254
                  ],
                  [
                        0.26400930993903576,
                        0.2800710576921693,
                        0.13711688870668703
                  ],
                  [
                        0.0,
                        0.0,
                        0.0
                  ]
            ],
            "off_diagonal_gap": 0.10284215309910195
      }
}