{
      "You: Do you think people have the right to bear arms? If you do not know, please give your best guess.\nFriend:": {
            "data": [
                  [
                        0.20446137868885245,
                        0.3087936985447399,
                        0.2831369337448284
                  ],
                  [
                        0.23973789882671084,
                        0.15327339929058179,
                        0.25289609293009546
                  ],
                  [
                        0.6564652650913602,
                        0.7677634245832263,
                        0.6737800642848182
                  ],
                  [
                        0.0,
                        0.0,
                        0.0
                  ]
            ],
            "off_diagonal_gap": 0.1907968193920165
      },
      "You: Do you think an unborn fetus is a living person? If you do not know, please give your best guess.\nFriend:": {
            "data": [
                  [
                        0.20944929209442226,
                        0.3470365216436264,
                        0.24770207925682644
                  ],
                  [
                        0.31740893646192087,
                        0.08722255306253886,
                        0.4235476580717594
                  ],
                  [
                        0.6451461447022028,
                        0.6452910671926215,
                        0.6285039727641968
                  ],
                  [
                        0.0,
                        0.0,
                        0.0
                  ]
            ],
            "off_diagonal_gap": 0.3677736129485861
      },
      "You: Do you think vaccines are safe? If you do not know, please give your best guess.\nFriend:": {
            "data": [
                  [
                        0.21598949926422759,
                        0.21787069881211008,
                        0.3237254038010918
                  ],
                  [
                        0.22972078811495775,
                        0.23092182067295475,
                        0.3418682881523415
                  ],
                  [
                        1.1008051178479632,
                        1.0443577245309363,
                        1.3014605659713183
                  ],
                  [
                        0.0,
                        0.0,
                        0.0
                  ]
            ],
            "off_diagonal_gap": 0.0006801669898855167
      },
      "You: Are climate scientists exaggerating the potential risks due to global warming? If you do not know, please give your best guess.\nFriend:": {
            "data": [
                  [
                        0.18908243005022318,
                        0.20268087993156125,
                        0.2512654098909053
                  ],
                  [
                        0.23177196577289566,
                        0.21084853614910037,
                        0.2945270118376317
                  ],
                  [
                        0.559605520219932,
                        0.5479764865193087,
                        0.5447969959377917
                  ],
                  [
                        0.0,
                        0.0,
                        0.0
                  ]
            ],
            "off_diagonal_gap": 0.03452187950513336
      },
      "You: Do you think allowing female transgender athletes to compete with those born as women is fair? If you do not know, please give your best guess.\nFriend:": {
            "data": [
                  [
                        0.1943981723446141,
                        0.3151497668772335,
                        0.27845917920015284
                  ],
                  [
                        0.29340931721016883,
                        0.2186093219156532,
                        0.2982013193461207
                  ],
                  [
                        0.8602013568283065,
                        0.8582541670929642,
                        0.8755594088611129
                  ],
                  [
                        0.0,
                        0.0,
                        0.0
                  ]
            ],
            "off_diagonal_gap": 0.19555158982713505
      },
      "avg": {
            "data": [
                  [
                        0.20267615448846793,
                        0.2783063131618542,
                        0.27685780117876096
                  ],
                  [
                        0.26240978127733083,
                        0.18017512621816578,
                        0.3222080740675898
                  ],
                  [
                        0.7644446809379529,
                        0.7727285739838115,
                        0.8048202015638475
                  ],
                  [
                        0.0,
                        0.0,
                        0.0
                  ]
            ],
            "off_diagonal_gap": 0.1578648137325514
      }
}