{
      "You: Do you think allowing female transgender athletes to compete with those born as women is fair?\nFriend:": {
            "data": [
                  [
                        0.10602884058345763,
                        0.330247044073124,
                        0.2826987427827664
                  ],
                  [
                        0.41831033919627325,
                        0.10947915609314322,
                        0.3372202688776248
                  ],
                  [
                        0.5730695332278519,
                        0.7060000427610292,
                        0.5544053274184774
                  ],
                  [
                        0.0,
                        0.0,
                        0.0
                  ]
            ],
            "off_diagonal_gap": 0.5330493865927964
      },
      "You: Do you think vaccines are safe?\nFriend:": {
            "data": [
                  [
                        0.0926590729583333,
                        0.3358868027893942,
                        0.32307434856986755
                  ],
                  [
                        0.48075304536885277,
                        0.11769291706690721,
                        0.5654564550825092
                  ],
                  [
                        0.532736044314255,
                        0.6008035233153588,
                        0.5643229821608455
                  ],
                  [
                        0.0,
                        0.0,
                        0.0
                  ]
            ],
            "off_diagonal_gap": 0.6062878581330065
      },
      "You: Do you think people have the right to bear arms?\nFriend:": {
            "data": [
                  [
                        0.09239218863589593,
                        0.320692318684266,
                        0.2833063912587271
                  ],
                  [
                        0.6711444887062434,
                        0.09082980104696095,
                        0.6501950553860968
                  ],
                  [
                        1.3962118581078424,
                        1.1881565766200421,
                        1.4143850311164767
                  ],
                  [
                        0.0,
                        0.0,
                        0.0
                  ]
            ],
            "off_diagonal_gap": 0.8086148177076526
      },
      "You: Do you think an unborn fetus is a living person?\nFriend:": {
            "data": [
                  [
                        0.11342611569210459,
                        0.3313245680019473,
                        0.41027397123994247
                  ],
                  [
                        0.9056669062445534,
                        0.19118489024399896,
                        0.9539724969986677
                  ],
                  [
                        0.6197267468857416,
                        0.6546031493182981,
                        0.571688308119746
                  ],
                  [
                        0.0,
                        0.0,
                        0.0
                  ]
            ],
            "off_diagonal_gap": 0.9323804683103971
      },
      "You: Are climate scientists exaggerating the potential risks due to global warming?\nFriend:": {
            "data": [
                  [
                        0.11442307479217995,
                        0.39016331649870384,
                        0.5861798978045989
                  ],
                  [
                        0.5855063213746813,
                        0.13018166866054937,
                        0.519922084148704
                  ],
                  [
                        0.9751823174483593,
                        1.1873077418452074,
                        1.0245082767081743
                  ],
                  [
                        0.0,
                        0.0,
                        0.0
                  ]
            ],
            "off_diagonal_gap": 0.7310648944206558
      },
      "avg": {
            "data": [
                  [
                        0.10378585853239428,
                        0.3416628100094871,
                        0.3771066703311805
                  ],
                  [
                        0.6122762201781208,
                        0.12787368662231197,
                        0.6053532720987205
                  ],
                  [
                        0.8193852999968101,
                        0.8673742067719872,
                        0.825861985104744
                  ],
                  [
                        0.0,
                        0.0,
                        0.0
                  ]
            ],
            "off_diagonal_gap": 0.7222794850329015
      }
}