{
      "You:Who was Poopdeck Pappys most famous son?\nFriend:": {
            "data": [
                  [
                        0.11380186378129753,
                        0.48671176433216956,
                        0.5433822436972622
                  ],
                  [
                        0.3611321038979358,
                        0.14744089871956467,
                        0.32014377419762485
                  ],
                  [
                        2.3078032167055786,
                        2.101364759457162,
                        2.22908442916873
                  ],
                  [
                        0.0,
                        0.0,
                        0.0
                  ]
            ],
            "off_diagonal_gap": 0.5866011057292432
      },
      "You:What was the occupation of Lovely Rita according to the song by the Beatles?\nFriend:": {
            "data": [
                  [
                        0.10286862504630509,
                        0.570994143533026,
                        0.4505853448637427
                  ],
                  [
                        0.13065563643476297,
                        0.103642692893474,
                        0.1122737751781548
                  ],
                  [
                        1.5511867328786595,
                        1.4901886078992241,
                        1.5178030232030257
                  ],
                  [
                        0.0,
                        0.0,
                        0.0
                  ]
            ],
            "off_diagonal_gap": 0.4951384620280099
      },
      "You:Miami Beach in Florida borders which ocean?\nFriend:": {
            "data": [
                  [
                        0.08149440198630879,
                        0.14203650288667052,
                        0.681009547250419
                  ],
                  [
                        0.11232623534808361,
                        0.10345921845329088,
                        0.553149859921678
                  ],
                  [
                        1.7647718142469815,
                        1.0857081099997385,
                        1.0281006995984454
                  ],
                  [
                        0.0,
                        0.0,
                        0.0
                  ]
            ],
            "off_diagonal_gap": 0.06940911779515445
      },
      "avg": {
            "data": [
                  [
                        0.09938829693797047,
                        0.3999141369172887,
                        0.5583257119371413
                  ],
                  [
                        0.20137132522692747,
                        0.11818093668877651,
                        0.32852246976581917
                  ],
                  [
                        1.8745872546104065,
                        1.559087159118708,
                        1.5916627173234004
                  ],
                  [
                        0.0,
                        0.0,
                        0.0
                  ]
            ],
            "off_diagonal_gap": 0.3837162285174692
      }
}