{
      "You:Who was Poopdeck Pappys most famous son?\nFriend:": {
            "dem": [
                  "\n\nI'm not sure.",
                  "\n\nI'm not sure.",
                  " I'm sorry, I don't know."
            ],
            "dem_logprobs": [
                  [
                        -0.54457974,
                        -8.483411e-05,
                        -0.16522731,
                        -0.095984414,
                        -0.06921244,
                        -0.0007266188,
                        -0.33802283
                  ],
                  [
                        -0.54457974,
                        -8.1256905e-05,
                        -0.15752418,
                        -0.12606598,
                        -0.09162584,
                        -0.00048620783,
                        -0.34337962
                  ],
                  [
                        -1.1119449,
                        -0.31260923,
                        -0.20228612,
                        -1.843017e-05,
                        -0.03408153,
                        -0.00036360786,
                        -6.827632e-08,
                        -0.002083099,
                        -0.0007172549
                  ]
            ],
            "repub": [
                  "\n\nI'm not sure, but I think it might have been Admiral Ackbar.",
                  "\n\nI'm not sure, but I think it might have been Admiral William \"Poopdeck\" Pappy.",
                  " I'm not sure, but I think it might have been George Washington."
            ],
            "repub_logprobs": [
                  [
                        -0.37811336,
                        -5.061746e-05,
                        -0.5585383,
                        -0.4750912,
                        -0.022652296,
                        -0.0006330945,
                        -0.027704548,
                        -0.0019385687,
                        -0.022300377,
                        -0.7961189,
                        -0.20060414,
                        -0.14956377,
                        -0.058506954,
                        -4.361666e-06,
                        -1.0960264,
                        -1.3547451,
                        -2.0575926e-05,
                        -0.05186629
                  ],
                  [
                        -0.3803007,
                        -4.2631407e-05,
                        -0.59800446,
                        -0.42998794,
                        -0.021243418,
                        -0.00041935995,
                        -0.02458824,
                        -0.0014646788,
                        -0.027443962,
                        -0.7534994,
                        -0.16643322,
                        -0.20337322,
                        -0.059144933,
                        -4.1232483e-06,
                        -1.1099792,
                        -1.4374862,
                        -0.6911155,
                        -0.5309324,
                        -0.817679,
                        -0.0026681426,
                        -1.0084622e-05,
                        -0.011324173,
                        -0.011170281,
                        -0.040075824
                  ],
                  [
                        -1.3586011,
                        -1.3703964,
                        -0.40035227,
                        -0.00010045139,
                        -0.71463805,
                        -0.047428075,
                        -0.01860719,
                        -0.055182442,
                        -0.1008219,
                        -0.64715755,
                        -0.06761329,
                        -5.550595e-05,
                        -1.4043251,
                        -0.003698175,
                        -0.0028028022
                  ]
            ],
            "SUM": [
                  "\n\nThere is some disagreement over who Poopdeck Pappy's most famous son was, but the possibilities seem to be Admiral Ackbar, Admiral William \"Poopdeck\" Pappy, or George Washington."
            ],
            "SUM_logprobs": [
                  [
                        -0.07243509,
                        -0.00044810143,
                        -0.59851587,
                        -0.48343313,
                        -0.1307993,
                        -0.14328398,
                        -0.015224393,
                        -0.00012679932,
                        -0.0009042069,
                        -9.966347e-06,
                        -6.6294406e-06,
                        -4.838501e-06,
                        -0.17629263,
                        0,
                        -0.00010319318,
                        -8.176345e-06,
                        -5.460492e-07,
                        -0.0058620833,
                        -0.054412987,
                        -0.17968126,
                        -0.3568114,
                        -1.1073804,
                        -0.5669293,
                        -6.827632e-08,
                        -1.0084622e-05,
                        -0.0011124962,
                        -0.0008741973,
                        -6.827632e-08,
                        -0.00028078974,
                        -1.5006569e-06,
                        -3.0473995e-05,
                        -1.7356348e-05,
                        0,
                        -9.055464e-07,
                        -3.595572e-05,
                        -1.3823812e-06,
                        -3.076318e-07,
                        -1.5094201e-05,
                        -1.8841804e-07,
                        -0.0038706076,
                        -2.3675353e-05,
                        -1.1398727e-05,
                        0
                  ]
            ]
      },
      "You:What was the occupation of Lovely Rita according to the song by the Beatles?\nFriend:": {
            "dem": [
                  "\n\nLovely Rita was a meter maid.",
                  "\n\nI'm not sure.",
                  "\n\nI'm not sure."
            ],
            "dem_logprobs": [
                  [
                        -0.26848873,
                        -0.02119879,
                        -1.1159675,
                        -3.7684315e-06,
                        0,
                        -0.012787241,
                        -0.4080284,
                        -0.010054382,
                        -0.00012536882,
                        -0.0030696604
                  ],
                  [
                        -0.26630133,
                        -0.022721129,
                        -0.8818939,
                        -0.0027748877,
                        -0.0082269665,
                        -0.00019463846,
                        -0.28812048
                  ],
                  [
                        -0.26848873,
                        -0.023594655,
                        -1.0105001,
                        -0.0027369342,
                        -0.0070324894,
                        -0.00019940869,
                        -0.28523526
                  ]
            ],
            "repub": [
                  "\n\nLovely Rita was an meter maid.",
                  "\n\nShe was a meter maid.",
                  "\n\nShe was a meter maid."
            ],