{
      "noprompt": {
            "total_questions": 2628,
            "correct_and_dk": 7,
            "atleastone_correct": 620,
            "all_correct": 509,
            "total_correct": 1708,
            "atleastone_DK": 25,
            "all_DK": 3,
            "total_DK": 33,
            "atleastone_correct_%": 0.7077625570776256,
            "atleastone_DK_%": 0.028538812785388126,
            "all_correct_%": 0.5810502283105023,
            "all_DK_%": 0.003424657534246575,
            "correct_and_dk_%": 0.007990867579908675,
            "total_correct_%": 0.649923896499239,
            "total_DK_%": 0.012557077625570776
      },
      "SUM": {
            "total_questions": 876,
            "correct_and_dk": 3,
            "atleastone_correct": 566,
            "all_correct": 566,
            "total_correct": 566,
            "atleastone_DK": 17,
            "all_DK": 17,
            "total_DK": 17,
            "atleastone_correct_%": 0.6461187214611872,
            "atleastone_DK_%": 0.019406392694063926,
            "all_correct_%": 0.6461187214611872,
            "all_DK_%": 0.019406392694063926,
            "correct_and_dk_%": 0.003424657534246575,
            "total_correct_%": 0.6461187214611872,
            "total_DK_%": 0.019406392694063926
      },
      "SUM_noquestion": {
            "total_questions": 876,
            "correct_and_dk": 1,
            "atleastone_correct": 566,
            "all_correct": 566,
            "total_correct": 566,
            "atleastone_DK": 15,
            "all_DK": 15,
            "total_DK": 15,
            "atleastone_correct_%": 0.6461187214611872,
            "atleastone_DK_%": 0.017123287671232876,
            "all_correct_%": 0.6461187214611872,
            "all_DK_%": 0.017123287671232876,
            "correct_and_dk_%": 0.001141552511415525,
            "total_correct_%": 0.6461187214611872,
            "total_DK_%": 0.017123287671232876
      },
      "SUM_tatsu": {
            "total_questions": 776,
            "correct_and_dk": 0,
            "atleastone_correct": 509,
            "all_correct": 509,
            "total_correct": 509,
            "atleastone_DK": 13,
            "all_DK": 13,
            "total_DK": 13,
            "atleastone_correct_%": 0.6559278350515464,
            "atleastone_DK_%": 0.01675257731958763,
            "all_correct_%": 0.6559278350515464,
            "all_DK_%": 0.01675257731958763,
            "correct_and_dk_%": 0.0,
            "total_correct_%": 0.6559278350515464,
            "total_DK_%": 0.01675257731958763
      },
      "dem": {
            "total_questions": 2628,
            "correct_and_dk": 8,
            "atleastone_correct": 613,
            "all_correct": 499,
            "total_correct": 1683,
            "atleastone_DK": 28,
            "all_DK": 6,
            "total_DK": 42,
            "atleastone_correct_%": 0.6997716894977168,
            "atleastone_DK_%": 0.0319634703196347,
            "all_correct_%": 0.569634703196347,
            "all_DK_%": 0.00684931506849315,
            "correct_and_dk_%": 0.0091324200913242,
            "total_correct_%": 0.6404109589041096,
            "total_DK_%": 0.01598173515981735
      },
      "repub": {
            "total_questions": 2628,
            "correct_and_dk": 11,
            "atleastone_correct": 609,
            "all_correct": 494,
            "total_correct": 1668,
            "atleastone_DK": 39,
            "all_DK": 8,
            "total_DK": 61,
            "atleastone_correct_%": 0.6952054794520548,
            "atleastone_DK_%": 0.04452054794520548,
            "all_correct_%": 0.5639269406392694,
            "all_DK_%": 0.0091324200913242,
            "correct_and_dk_%": 0.012557077625570776,
            "total_correct_%": 0.634703196347032,
            "total_DK_%": 0.023211567732115676
      }
}