{
      "noprompt": {
            "total_questions": 2628,
            "correct_and_dk": 7,
            "atleastone_correct": 620,
            "all_correct": 509,
            "total_correct": 1708,
            "atleastone_DK": 25,
            "all_DK": 3,
            "total_DK": 33,
            "atleastone_correct_%": 0.7077625570776256,
            "atleastone_DK_%": 0.028538812785388126,
            "all_correct_%": 0.5810502283105023,
            "all_DK_%": 0.003424657534246575,
            "correct_and_dk_%": 0.007990867579908675,
            "total_correct_%": 0.649923896499239,
            "total_DK_%": 0.012557077625570776
      },
      "SUM": {
            "total_questions": 876,
            "correct_and_dk": 9,
            "atleastone_correct": 566,
            "all_correct": 566,
            "total_correct": 566,
            "atleastone_DK": 27,
            "all_DK": 27,
            "total_DK": 27,
            "atleastone_correct_%": 0.6461187214611872,
            "atleastone_DK_%": 0.030821917808219176,
            "all_correct_%": 0.6461187214611872,
            "all_DK_%": 0.030821917808219176,
            "correct_and_dk_%": 0.010273972602739725,
            "total_correct_%": 0.6461187214611872,
            "total_DK_%": 0.030821917808219176
      },
      "SUM_noquestion": {
            "total_questions": 876,
            "correct_and_dk": 8,
            "atleastone_correct": 563,
            "all_correct": 563,
            "total_correct": 563,
            "atleastone_DK": 22,
            "all_DK": 22,
            "total_DK": 22,
            "atleastone_correct_%": 0.6426940639269406,
            "atleastone_DK_%": 0.02511415525114155,
            "all_correct_%": 0.6426940639269406,
            "all_DK_%": 0.02511415525114155,
            "correct_and_dk_%": 0.0091324200913242,
            "total_correct_%": 0.6426940639269406,
            "total_DK_%": 0.02511415525114155
      },
      "SUM_tatsu": {
            "total_questions": 776,
            "correct_and_dk": 5,
            "atleastone_correct": 507,
            "all_correct": 507,
            "total_correct": 507,
            "atleastone_DK": 22,
            "all_DK": 22,
            "total_DK": 22,
            "atleastone_correct_%": 0.6533505154639175,
            "atleastone_DK_%": 0.028350515463917526,
            "all_correct_%": 0.6533505154639175,
            "all_DK_%": 0.028350515463917526,
            "correct_and_dk_%": 0.006443298969072165,
            "total_correct_%": 0.6533505154639175,
            "total_DK_%": 0.028350515463917526
      },
      "dem": {
            "total_questions": 2628,
            "correct_and_dk": 13,
            "atleastone_correct": 602,
            "all_correct": 481,
            "total_correct": 1639,
            "atleastone_DK": 48,
            "all_DK": 11,
            "total_DK": 76,
            "atleastone_correct_%": 0.687214611872146,
            "atleastone_DK_%": 0.0547945205479452,
            "all_correct_%": 0.5490867579908676,
            "all_DK_%": 0.012557077625570776,
            "correct_and_dk_%": 0.014840182648401826,
            "total_correct_%": 0.6236681887366818,
            "total_DK_%": 0.0289193302891933
      },
      "repub": {
            "total_questions": 2628,
            "correct_and_dk": 26,
            "atleastone_correct": 595,
            "all_correct": 462,
            "total_correct": 1595,
            "atleastone_DK": 86,
            "all_DK": 17,
            "total_DK": 150,
            "atleastone_correct_%": 0.6792237442922374,
            "atleastone_DK_%": 0.09817351598173515,
            "all_correct_%": 0.5273972602739726,
            "all_DK_%": 0.019406392694063926,
            "correct_and_dk_%": 0.02968036529680365,
            "total_correct_%": 0.6069254185692542,
            "total_DK_%": 0.05707762557077625
      }
}