{
      "noprompt": {
            "total_questions": 2628,
            "correct_and_dk": 7,
            "atleastone_correct": 620,
            "all_correct": 509,
            "total_correct": 1708,
            "atleastone_DK": 25,
            "all_DK": 3,
            "total_DK": 33,
            "atleastone_correct_%": 0.7077625570776256,
            "atleastone_DK_%": 0.028538812785388126,
            "all_correct_%": 0.5810502283105023,
            "all_DK_%": 0.003424657534246575,
            "correct_and_dk_%": 0.007990867579908675,
            "total_correct_%": 0.649923896499239,
            "total_DK_%": 0.012557077625570776
      },
      "SUM": {
            "total_questions": 876,
            "correct_and_dk": 9,
            "atleastone_correct": 565,
            "all_correct": 565,
            "total_correct": 565,
            "atleastone_DK": 27,
            "all_DK": 27,
            "total_DK": 27,
            "atleastone_correct_%": 0.6449771689497716,
            "atleastone_DK_%": 0.030821917808219176,
            "all_correct_%": 0.6449771689497716,
            "all_DK_%": 0.030821917808219176,
            "correct_and_dk_%": 0.010273972602739725,
            "total_correct_%": 0.6449771689497716,
            "total_DK_%": 0.030821917808219176
      },
      "SUM_noquestion": {
            "total_questions": 876,
            "correct_and_dk": 7,
            "atleastone_correct": 562,
            "all_correct": 562,
            "total_correct": 562,
            "atleastone_DK": 22,
            "all_DK": 22,
            "total_DK": 22,
            "atleastone_correct_%": 0.6415525114155252,
            "atleastone_DK_%": 0.02511415525114155,
            "all_correct_%": 0.6415525114155252,
            "all_DK_%": 0.02511415525114155,
            "correct_and_dk_%": 0.007990867579908675,
            "total_correct_%": 0.6415525114155252,
            "total_DK_%": 0.02511415525114155
      },
      "SUM_tatsu": {
            "total_questions": 776,
            "correct_and_dk": 4,
            "atleastone_correct": 507,
            "all_correct": 507,
            "total_correct": 507,
            "atleastone_DK": 22,
            "all_DK": 22,
            "total_DK": 22,
            "atleastone_correct_%": 0.6533505154639175,
            "atleastone_DK_%": 0.028350515463917526,
            "all_correct_%": 0.6533505154639175,
            "all_DK_%": 0.028350515463917526,
            "correct_and_dk_%": 0.005154639175257732,
            "total_correct_%": 0.6533505154639175,
            "total_DK_%": 0.028350515463917526
      },
      "dem": {
            "total_questions": 2628,
            "correct_and_dk": 13,
            "atleastone_correct": 603,
            "all_correct": 483,
            "total_correct": 1643,
            "atleastone_DK": 45,
            "all_DK": 10,
            "total_DK": 71,
            "atleastone_correct_%": 0.6883561643835616,
            "atleastone_DK_%": 0.05136986301369863,
            "all_correct_%": 0.5513698630136986,
            "all_DK_%": 0.01141552511415525,
            "correct_and_dk_%": 0.014840182648401826,
            "total_correct_%": 0.6251902587519026,
            "total_DK_%": 0.027016742770167426
      },
      "repub": {
            "total_questions": 2628,
            "correct_and_dk": 24,
            "atleastone_correct": 597,
            "all_correct": 468,
            "total_correct": 1609,
            "atleastone_DK": 76,
            "all_DK": 14,
            "total_DK": 129,
            "atleastone_correct_%": 0.6815068493150684,
            "atleastone_DK_%": 0.0867579908675799,
            "all_correct_%": 0.5342465753424657,
            "all_DK_%": 0.01598173515981735,
            "correct_and_dk_%": 0.0273972602739726,
            "total_correct_%": 0.6122526636225266,
            "total_DK_%": 0.04908675799086758
      }
}