{
      "dem": {
            "total_questions": 2628,
            "correct_and_dk": 11,
            "atleastone_correct": 612,
            "all_correct": 490,
            "total_correct": 1669,
            "atleastone_DK": 36,
            "all_DK": 9,
            "total_DK": 57,
            "atleastone_correct_%": 0.6986301369863013,
            "atleastone_DK_%": 0.0410958904109589,
            "all_correct_%": 0.5593607305936072,
            "all_DK_%": 0.010273972602739725,
            "correct_and_dk_%": 0.012557077625570776,
            "total_correct_%": 0.6350837138508372,
            "total_DK_%": 0.021689497716894976
      },
      "repub": {
            "total_questions": 2628,
            "correct_and_dk": 13,
            "atleastone_correct": 604,
            "all_correct": 480,
            "total_correct": 1642,
            "atleastone_DK": 53,
            "all_DK": 12,
            "total_DK": 89,
            "atleastone_correct_%": 0.6894977168949772,
            "atleastone_DK_%": 0.06050228310502283,
            "all_correct_%": 0.547945205479452,
            "all_DK_%": 0.0136986301369863,
            "correct_and_dk_%": 0.014840182648401826,
            "total_correct_%": 0.6248097412480974,
            "total_DK_%": 0.033866057838660577
      },
      "noprompt": {
            "total_questions": 2628,
            "correct_and_dk": 7,
            "atleastone_correct": 620,
            "all_correct": 509,
            "total_correct": 1708,
            "atleastone_DK": 25,
            "all_DK": 3,
            "total_DK": 33,
            "atleastone_correct_%": 0.7077625570776256,
            "atleastone_DK_%": 0.028538812785388126,
            "all_correct_%": 0.5810502283105023,
            "all_DK_%": 0.003424657534246575,
            "correct_and_dk_%": 0.007990867579908675,
            "total_correct_%": 0.649923896499239,
            "total_DK_%": 0.012557077625570776
      },
      "SUM": {
            "total_questions": 876,
            "correct_and_dk": 4,
            "atleastone_correct": 567,
            "all_correct": 567,
            "total_correct": 567,
            "atleastone_DK": 20,
            "all_DK": 20,
            "total_DK": 20,
            "atleastone_correct_%": 0.6472602739726028,
            "atleastone_DK_%": 0.0228310502283105,
            "all_correct_%": 0.6472602739726028,
            "all_DK_%": 0.0228310502283105,
            "correct_and_dk_%": 0.0045662100456621,
            "total_correct_%": 0.6472602739726028,
            "total_DK_%": 0.0228310502283105
      },
      "SUM_noquestion": {
            "total_questions": 876,
            "correct_and_dk": 2,
            "atleastone_correct": 564,
            "all_correct": 564,
            "total_correct": 564,
            "atleastone_DK": 17,
            "all_DK": 17,
            "total_DK": 17,
            "atleastone_correct_%": 0.6438356164383562,
            "atleastone_DK_%": 0.019406392694063926,
            "all_correct_%": 0.6438356164383562,
            "all_DK_%": 0.019406392694063926,
            "correct_and_dk_%": 0.00228310502283105,
            "total_correct_%": 0.6438356164383562,
            "total_DK_%": 0.019406392694063926
      },
      "SUM_tatsu": {
            "total_questions": 776,
            "correct_and_dk": 3,
            "atleastone_correct": 510,
            "all_correct": 510,
            "total_correct": 510,
            "atleastone_DK": 18,
            "all_DK": 18,
            "total_DK": 18,
            "atleastone_correct_%": 0.6572164948453608,
            "atleastone_DK_%": 0.023195876288659795,
            "all_correct_%": 0.6572164948453608,
            "all_DK_%": 0.023195876288659795,
            "correct_and_dk_%": 0.003865979381443299,
            "total_correct_%": 0.6572164948453608,
            "total_DK_%": 0.023195876288659795
      }
}