{
      "dem": {
            "total_questions": 2628,
            "correct_and_dk": 15,
            "atleastone_correct": 597,
            "all_correct": 476,
            "total_correct": 1625,
            "atleastone_DK": 54,
            "all_DK": 14,
            "total_DK": 88,
            "atleastone_correct_%": 0.6815068493150684,
            "atleastone_DK_%": 0.06164383561643835,
            "all_correct_%": 0.54337899543379,
            "all_DK_%": 0.01598173515981735,
            "correct_and_dk_%": 0.017123287671232876,
            "total_correct_%": 0.6183409436834094,
            "total_DK_%": 0.0334855403348554
      },
      "repub": {
            "total_questions": 2628,
            "correct_and_dk": 33,
            "atleastone_correct": 592,
            "all_correct": 454,
            "total_correct": 1577,
            "atleastone_DK": 96,
            "all_DK": 20,
            "total_DK": 169,
            "atleastone_correct_%": 0.6757990867579908,
            "atleastone_DK_%": 0.1095890410958904,
            "all_correct_%": 0.5182648401826484,
            "all_DK_%": 0.0228310502283105,
            "correct_and_dk_%": 0.03767123287671233,
            "total_correct_%": 0.600076103500761,
            "total_DK_%": 0.06430745814307458
      },
      "noprompt": {
            "total_questions": 2628,
            "correct_and_dk": 7,
            "atleastone_correct": 620,
            "all_correct": 509,
            "total_correct": 1708,
            "atleastone_DK": 25,
            "all_DK": 3,
            "total_DK": 33,
            "atleastone_correct_%": 0.7077625570776256,
            "atleastone_DK_%": 0.028538812785388126,
            "all_correct_%": 0.5810502283105023,
            "all_DK_%": 0.003424657534246575,
            "correct_and_dk_%": 0.007990867579908675,
            "total_correct_%": 0.649923896499239,
            "total_DK_%": 0.012557077625570776
      },
      "SUM": {
            "total_questions": 876,
            "correct_and_dk": 11,
            "atleastone_correct": 565,
            "all_correct": 565,
            "total_correct": 565,
            "atleastone_DK": 30,
            "all_DK": 30,
            "total_DK": 30,
            "atleastone_correct_%": 0.6449771689497716,
            "atleastone_DK_%": 0.03424657534246575,
            "all_correct_%": 0.6449771689497716,
            "all_DK_%": 0.03424657534246575,
            "correct_and_dk_%": 0.012557077625570776,
            "total_correct_%": 0.6449771689497716,
            "total_DK_%": 0.03424657534246575
      },
      "SUM_noquestion": {
            "total_questions": 876,
            "correct_and_dk": 9,
            "atleastone_correct": 561,
            "all_correct": 561,
            "total_correct": 561,
            "atleastone_DK": 23,
            "all_DK": 23,
            "total_DK": 23,
            "atleastone_correct_%": 0.6404109589041096,
            "atleastone_DK_%": 0.026255707762557076,
            "all_correct_%": 0.6404109589041096,
            "all_DK_%": 0.026255707762557076,
            "correct_and_dk_%": 0.010273972602739725,
            "total_correct_%": 0.6404109589041096,
            "total_DK_%": 0.026255707762557076
      },
      "SUM_tatsu": {
            "total_questions": 776,
            "correct_and_dk": 5,
            "atleastone_correct": 507,
            "all_correct": 507,
            "total_correct": 507,
            "atleastone_DK": 24,
            "all_DK": 24,
            "total_DK": 24,
            "atleastone_correct_%": 0.6533505154639175,
            "atleastone_DK_%": 0.030927835051546393,
            "all_correct_%": 0.6533505154639175,
            "all_DK_%": 0.030927835051546393,
            "correct_and_dk_%": 0.006443298969072165,
            "total_correct_%": 0.6533505154639175,
            "total_DK_%": 0.030927835051546393
      }
}