{
      "dem": {
            "total_questions": 2628,
            "correct_and_dk": 9,
            "atleastone_correct": 613,
            "all_correct": 496,
            "total_correct": 1679,
            "atleastone_DK": 29,
            "all_DK": 7,
            "total_DK": 46,
            "atleastone_correct_%": 0.6997716894977168,
            "atleastone_DK_%": 0.033105022831050226,
            "all_correct_%": 0.5662100456621004,
            "all_DK_%": 0.007990867579908675,
            "correct_and_dk_%": 0.010273972602739725,
            "total_correct_%": 0.6388888888888888,
            "total_DK_%": 0.01750380517503805
      },
      "repub": {
            "total_questions": 2628,
            "correct_and_dk": 12,
            "atleastone_correct": 606,
            "all_correct": 488,
            "total_correct": 1655,
            "atleastone_DK": 43,
            "all_DK": 10,
            "total_DK": 71,
            "atleastone_correct_%": 0.6917808219178082,
            "atleastone_DK_%": 0.04908675799086758,
            "all_correct_%": 0.5570776255707762,
            "all_DK_%": 0.01141552511415525,
            "correct_and_dk_%": 0.0136986301369863,
            "total_correct_%": 0.6297564687975646,
            "total_DK_%": 0.027016742770167426
      },
      "noprompt": {
            "total_questions": 2628,
            "correct_and_dk": 7,
            "atleastone_correct": 620,
            "all_correct": 509,
            "total_correct": 1708,
            "atleastone_DK": 25,
            "all_DK": 3,
            "total_DK": 33,
            "atleastone_correct_%": 0.7077625570776256,
            "atleastone_DK_%": 0.028538812785388126,
            "all_correct_%": 0.5810502283105023,
            "all_DK_%": 0.003424657534246575,
            "correct_and_dk_%": 0.007990867579908675,
            "total_correct_%": 0.649923896499239,
            "total_DK_%": 0.012557077625570776
      },
      "SUM": {
            "total_questions": 876,
            "correct_and_dk": 4,
            "atleastone_correct": 566,
            "all_correct": 566,
            "total_correct": 566,
            "atleastone_DK": 18,
            "all_DK": 18,
            "total_DK": 18,
            "atleastone_correct_%": 0.6461187214611872,
            "atleastone_DK_%": 0.02054794520547945,
            "all_correct_%": 0.6461187214611872,
            "all_DK_%": 0.02054794520547945,
            "correct_and_dk_%": 0.0045662100456621,
            "total_correct_%": 0.6461187214611872,
            "total_DK_%": 0.02054794520547945
      },
      "SUM_noquestion": {
            "total_questions": 876,
            "correct_and_dk": 1,
            "atleastone_correct": 564,
            "all_correct": 564,
            "total_correct": 564,
            "atleastone_DK": 15,
            "all_DK": 15,
            "total_DK": 15,
            "atleastone_correct_%": 0.6438356164383562,
            "atleastone_DK_%": 0.017123287671232876,
            "all_correct_%": 0.6438356164383562,
            "all_DK_%": 0.017123287671232876,
            "correct_and_dk_%": 0.001141552511415525,
            "total_correct_%": 0.6438356164383562,
            "total_DK_%": 0.017123287671232876
      },
      "SUM_tatsu": {
            "total_questions": 776,
            "correct_and_dk": 1,
            "atleastone_correct": 509,
            "all_correct": 509,
            "total_correct": 509,
            "atleastone_DK": 14,
            "all_DK": 14,
            "total_DK": 14,
            "atleastone_correct_%": 0.6559278350515464,
            "atleastone_DK_%": 0.01804123711340206,
            "all_correct_%": 0.6559278350515464,
            "all_DK_%": 0.01804123711340206,
            "correct_and_dk_%": 0.001288659793814433,
            "total_correct_%": 0.6559278350515464,
            "total_DK_%": 0.01804123711340206
      }
}