{
      "noprompt": {
            "total_questions": 2628,
            "correct_and_dk": 7,
            "atleastone_correct": 620,
            "all_correct": 509,
            "total_correct": 1708,
            "atleastone_DK": 25,
            "all_DK": 3,
            "total_DK": 33,
            "atleastone_correct_%": 0.7077625570776256,
            "atleastone_DK_%": 0.028538812785388126,
            "all_correct_%": 0.5810502283105023,
            "all_DK_%": 0.003424657534246575,
            "correct_and_dk_%": 0.007990867579908675,
            "total_correct_%": 0.649923896499239,
            "total_DK_%": 0.012557077625570776
      },
      "SUM": {
            "total_questions": 876,
            "correct_and_dk": 3,
            "atleastone_correct": 567,
            "all_correct": 567,
            "total_correct": 567,
            "atleastone_DK": 16,
            "all_DK": 16,
            "total_DK": 16,
            "atleastone_correct_%": 0.6472602739726028,
            "atleastone_DK_%": 0.0182648401826484,
            "all_correct_%": 0.6472602739726028,
            "all_DK_%": 0.0182648401826484,
            "correct_and_dk_%": 0.003424657534246575,
            "total_correct_%": 0.6472602739726028,
            "total_DK_%": 0.0182648401826484
      },
      "SUM_noquestion": {
            "total_questions": 876,
            "correct_and_dk": 1,
            "atleastone_correct": 567,
            "all_correct": 567,
            "total_correct": 567,
            "atleastone_DK": 15,
            "all_DK": 15,
            "total_DK": 15,
            "atleastone_correct_%": 0.6472602739726028,
            "atleastone_DK_%": 0.017123287671232876,
            "all_correct_%": 0.6472602739726028,
            "all_DK_%": 0.017123287671232876,
            "correct_and_dk_%": 0.001141552511415525,
            "total_correct_%": 0.6472602739726028,
            "total_DK_%": 0.017123287671232876
      },
      "SUM_tatsu": {
            "total_questions": 776,
            "correct_and_dk": 0,
            "atleastone_correct": 510,
            "all_correct": 510,
            "total_correct": 510,
            "atleastone_DK": 13,
            "all_DK": 13,
            "total_DK": 13,
            "atleastone_correct_%": 0.6572164948453608,
            "atleastone_DK_%": 0.01675257731958763,
            "all_correct_%": 0.6572164948453608,
            "all_DK_%": 0.01675257731958763,
            "correct_and_dk_%": 0.0,
            "total_correct_%": 0.6572164948453608,
            "total_DK_%": 0.01675257731958763
      },
      "dem": {
            "total_questions": 2628,
            "correct_and_dk": 8,
            "atleastone_correct": 614,
            "all_correct": 500,
            "total_correct": 1686,
            "atleastone_DK": 27,
            "all_DK": 6,
            "total_DK": 41,
            "atleastone_correct_%": 0.7009132420091324,
            "atleastone_DK_%": 0.030821917808219176,
            "all_correct_%": 0.5707762557077625,
            "all_DK_%": 0.00684931506849315,
            "correct_and_dk_%": 0.0091324200913242,
            "total_correct_%": 0.6415525114155252,
            "total_DK_%": 0.015601217656012176
      },
      "repub": {
            "total_questions": 2628,
            "correct_and_dk": 11,
            "atleastone_correct": 610,
            "all_correct": 495,
            "total_correct": 1671,
            "atleastone_DK": 38,
            "all_DK": 8,
            "total_DK": 60,
            "atleastone_correct_%": 0.6963470319634703,
            "atleastone_DK_%": 0.04337899543378995,
            "all_correct_%": 0.565068493150685,
            "all_DK_%": 0.0091324200913242,
            "correct_and_dk_%": 0.012557077625570776,
            "total_correct_%": 0.6358447488584474,
            "total_DK_%": 0.0228310502283105
      }
}