{
      "noprompt": {
            "total_questions": 2628,
            "correct_and_dk": 7,
            "atleastone_correct": 620,
            "all_correct": 509,
            "total_correct": 1708,
            "atleastone_DK": 25,
            "all_DK": 3,
            "total_DK": 33,
            "atleastone_correct_%": 0.7077625570776256,
            "atleastone_DK_%": 0.028538812785388126,
            "all_correct_%": 0.5810502283105023,
            "all_DK_%": 0.003424657534246575,
            "correct_and_dk_%": 0.007990867579908675,
            "total_correct_%": 0.649923896499239,
            "total_DK_%": 0.012557077625570776
      },
      "SUM": {
            "total_questions": 876,
            "correct_and_dk": 11,
            "atleastone_correct": 565,
            "all_correct": 565,
            "total_correct": 565,
            "atleastone_DK": 32,
            "all_DK": 32,
            "total_DK": 32,
            "atleastone_correct_%": 0.6449771689497716,
            "atleastone_DK_%": 0.0365296803652968,
            "all_correct_%": 0.6449771689497716,
            "all_DK_%": 0.0365296803652968,
            "correct_and_dk_%": 0.012557077625570776,
            "total_correct_%": 0.6449771689497716,
            "total_DK_%": 0.0365296803652968
      },
      "SUM_noquestion": {
            "total_questions": 876,
            "correct_and_dk": 9,
            "atleastone_correct": 558,
            "all_correct": 558,
            "total_correct": 558,
            "atleastone_DK": 23,
            "all_DK": 23,
            "total_DK": 23,
            "atleastone_correct_%": 0.636986301369863,
            "atleastone_DK_%": 0.026255707762557076,
            "all_correct_%": 0.636986301369863,
            "all_DK_%": 0.026255707762557076,
            "correct_and_dk_%": 0.010273972602739725,
            "total_correct_%": 0.636986301369863,
            "total_DK_%": 0.026255707762557076
      },
      "SUM_tatsu": {
            "total_questions": 776,
            "correct_and_dk": 5,
            "atleastone_correct": 505,
            "all_correct": 505,
            "total_correct": 505,
            "atleastone_DK": 26,
            "all_DK": 26,
            "total_DK": 26,
            "atleastone_correct_%": 0.6507731958762887,
            "atleastone_DK_%": 0.03350515463917526,
            "all_correct_%": 0.6507731958762887,
            "all_DK_%": 0.03350515463917526,
            "correct_and_dk_%": 0.006443298969072165,
            "total_correct_%": 0.6507731958762887,
            "total_DK_%": 0.03350515463917526
      },
      "dem": {
            "total_questions": 2628,
            "correct_and_dk": 17,
            "atleastone_correct": 596,
            "all_correct": 471,
            "total_correct": 1616,
            "atleastone_DK": 59,
            "all_DK": 15,
            "total_DK": 96,
            "atleastone_correct_%": 0.6803652968036529,
            "atleastone_DK_%": 0.06735159817351598,
            "all_correct_%": 0.5376712328767124,
            "all_DK_%": 0.017123287671232876,
            "correct_and_dk_%": 0.019406392694063926,
            "total_correct_%": 0.6149162861491628,
            "total_DK_%": 0.0365296803652968
      },
      "repub": {
            "total_questions": 2628,
            "correct_and_dk": 36,
            "atleastone_correct": 590,
            "all_correct": 446,
            "total_correct": 1564,
            "atleastone_DK": 103,
            "all_DK": 20,
            "total_DK": 179,
            "atleastone_correct_%": 0.6735159817351598,
            "atleastone_DK_%": 0.11757990867579908,
            "all_correct_%": 0.5091324200913242,
            "all_DK_%": 0.0228310502283105,
            "correct_and_dk_%": 0.0410958904109589,
            "total_correct_%": 0.5951293759512938,
            "total_DK_%": 0.06811263318112633
      }
}