{
      "dem": {
            "total_questions": 2628,
            "correct_and_dk": 67,
            "atleastone_correct": 520,
            "all_correct": 351,
            "total_correct": 1322,
            "atleastone_DK": 238,
            "all_DK": 58,
            "total_DK": 418,
            "atleastone_correct_%": 0.593607305936073,
            "atleastone_DK_%": 0.271689497716895,
            "all_correct_%": 0.40068493150684936,
            "all_DK_%": 0.06621004566210045,
            "correct_and_dk_%": 0.07648401826484018,
            "total_correct_%": 0.5030441400304414,
            "total_DK_%": 0.15905631659056316
      },
      "repub": {
            "total_questions": 2628,
            "correct_and_dk": 104,
            "atleastone_correct": 507,
            "all_correct": 314,
            "total_correct": 1237,
            "atleastone_DK": 317,
            "all_DK": 74,
            "total_DK": 567,
            "atleastone_correct_%": 0.5787671232876712,
            "atleastone_DK_%": 0.3618721461187214,
            "all_correct_%": 0.35844748858447484,
            "all_DK_%": 0.08447488584474885,
            "correct_and_dk_%": 0.1187214611872146,
            "total_correct_%": 0.4707001522070015,
            "total_DK_%": 0.21575342465753425
      },
      "noprompt": {
            "total_questions": 2628,
            "correct_and_dk": 7,
            "atleastone_correct": 620,
            "all_correct": 509,
            "total_correct": 1708,
            "atleastone_DK": 25,
            "all_DK": 3,
            "total_DK": 33,
            "atleastone_correct_%": 0.7077625570776256,
            "atleastone_DK_%": 0.028538812785388126,
            "all_correct_%": 0.5810502283105023,
            "all_DK_%": 0.003424657534246575,
            "correct_and_dk_%": 0.007990867579908675,
            "total_correct_%": 0.649923896499239,
            "total_DK_%": 0.012557077625570776
      },
      "SUM": {
            "total_questions": 876,
            "correct_and_dk": 28,
            "atleastone_correct": 539,
            "all_correct": 539,
            "total_correct": 539,
            "atleastone_DK": 109,
            "all_DK": 109,
            "total_DK": 109,
            "atleastone_correct_%": 0.615296803652968,
            "atleastone_DK_%": 0.12442922374429223,
            "all_correct_%": 0.615296803652968,
            "all_DK_%": 0.12442922374429223,
            "correct_and_dk_%": 0.0319634703196347,
            "total_correct_%": 0.615296803652968,
            "total_DK_%": 0.12442922374429223
      },
      "SUM_noquestion": {
            "total_questions": 876,
            "correct_and_dk": 21,
            "atleastone_correct": 504,
            "all_correct": 504,
            "total_correct": 504,
            "atleastone_DK": 63,
            "all_DK": 63,
            "total_DK": 63,
            "atleastone_correct_%": 0.5753424657534246,
            "atleastone_DK_%": 0.07191780821917808,
            "all_correct_%": 0.5753424657534246,
            "all_DK_%": 0.07191780821917808,
            "correct_and_dk_%": 0.023972602739726026,
            "total_correct_%": 0.5753424657534246,
            "total_DK_%": 0.07191780821917808
      },
      "SUM_tatsu": {
            "total_questions": 776,
            "correct_and_dk": 10,
            "atleastone_correct": 438,
            "all_correct": 438,
            "total_correct": 438,
            "atleastone_DK": 98,
            "all_DK": 98,
            "total_DK": 98,
            "atleastone_correct_%": 0.5644329896907216,
            "atleastone_DK_%": 0.12628865979381443,
            "all_correct_%": 0.5644329896907216,
            "all_DK_%": 0.12628865979381443,
            "correct_and_dk_%": 0.01288659793814433,
            "total_correct_%": 0.5644329896907216,
            "total_DK_%": 0.12628865979381443
      }
}