{
      "dem": {
            "total_questions": 2628,
            "correct_and_dk": 11,
            "atleastone_correct": 610,
            "all_correct": 489,
            "total_correct": 1664,
            "atleastone_DK": 38,
            "all_DK": 9,
            "total_DK": 60,
            "atleastone_correct_%": 0.6963470319634703,
            "atleastone_DK_%": 0.04337899543378995,
            "all_correct_%": 0.5582191780821918,
            "all_DK_%": 0.010273972602739725,
            "correct_and_dk_%": 0.012557077625570776,
            "total_correct_%": 0.6331811263318112,
            "total_DK_%": 0.0228310502283105
      },
      "repub": {
            "total_questions": 2628,
            "correct_and_dk": 14,
            "atleastone_correct": 603,
            "all_correct": 479,
            "total_correct": 1638,
            "atleastone_DK": 55,
            "all_DK": 13,
            "total_DK": 93,
            "atleastone_correct_%": 0.6883561643835616,
            "atleastone_DK_%": 0.06278538812785388,
            "all_correct_%": 0.5468036529680366,
            "all_DK_%": 0.014840182648401826,
            "correct_and_dk_%": 0.01598173515981735,
            "total_correct_%": 0.6232876712328768,
            "total_DK_%": 0.03538812785388128
      },
      "noprompt": {
            "total_questions": 2628,
            "correct_and_dk": 7,
            "atleastone_correct": 620,
            "all_correct": 509,
            "total_correct": 1708,
            "atleastone_DK": 25,
            "all_DK": 3,
            "total_DK": 33,
            "atleastone_correct_%": 0.7077625570776256,
            "atleastone_DK_%": 0.028538812785388126,
            "all_correct_%": 0.5810502283105023,
            "all_DK_%": 0.003424657534246575,
            "correct_and_dk_%": 0.007990867579908675,
            "total_correct_%": 0.649923896499239,
            "total_DK_%": 0.012557077625570776
      },
      "SUM": {
            "total_questions": 876,
            "correct_and_dk": 4,
            "atleastone_correct": 567,
            "all_correct": 567,
            "total_correct": 567,
            "atleastone_DK": 21,
            "all_DK": 21,
            "total_DK": 21,
            "atleastone_correct_%": 0.6472602739726028,
            "atleastone_DK_%": 0.023972602739726026,
            "all_correct_%": 0.6472602739726028,
            "all_DK_%": 0.023972602739726026,
            "correct_and_dk_%": 0.0045662100456621,
            "total_correct_%": 0.6472602739726028,
            "total_DK_%": 0.023972602739726026
      },
      "SUM_noquestion": {
            "total_questions": 876,
            "correct_and_dk": 3,
            "atleastone_correct": 564,
            "all_correct": 564,
            "total_correct": 564,
            "atleastone_DK": 18,
            "all_DK": 18,
            "total_DK": 18,
            "atleastone_correct_%": 0.6438356164383562,
            "atleastone_DK_%": 0.02054794520547945,
            "all_correct_%": 0.6438356164383562,
            "all_DK_%": 0.02054794520547945,
            "correct_and_dk_%": 0.003424657534246575,
            "total_correct_%": 0.6438356164383562,
            "total_DK_%": 0.02054794520547945
      },
      "SUM_tatsu": {
            "total_questions": 776,
            "correct_and_dk": 3,
            "atleastone_correct": 510,
            "all_correct": 510,
            "total_correct": 510,
            "atleastone_DK": 19,
            "all_DK": 19,
            "total_DK": 19,
            "atleastone_correct_%": 0.6572164948453608,
            "atleastone_DK_%": 0.024484536082474227,
            "all_correct_%": 0.6572164948453608,
            "all_DK_%": 0.024484536082474227,
            "correct_and_dk_%": 0.003865979381443299,
            "total_correct_%": 0.6572164948453608,
            "total_DK_%": 0.024484536082474227
      }
}