{
      "dem": {
            "total_questions": 2628,
            "correct_and_dk": 8,
            "atleastone_correct": 614,
            "all_correct": 499,
            "total_correct": 1685,
            "atleastone_DK": 27,
            "all_DK": 6,
            "total_DK": 41,
            "atleastone_correct_%": 0.7009132420091324,
            "atleastone_DK_%": 0.030821917808219176,
            "all_correct_%": 0.569634703196347,
            "all_DK_%": 0.00684931506849315,
            "correct_and_dk_%": 0.0091324200913242,
            "total_correct_%": 0.64117199391172,
            "total_DK_%": 0.015601217656012176
      },
      "repub": {
            "total_questions": 2628,
            "correct_and_dk": 11,
            "atleastone_correct": 611,
            "all_correct": 496,
            "total_correct": 1675,
            "atleastone_DK": 36,
            "all_DK": 7,
            "total_DK": 55,
            "atleastone_correct_%": 0.6974885844748858,
            "atleastone_DK_%": 0.0410958904109589,
            "all_correct_%": 0.5662100456621004,
            "all_DK_%": 0.007990867579908675,
            "correct_and_dk_%": 0.012557077625570776,
            "total_correct_%": 0.6373668188736682,
            "total_DK_%": 0.020928462709284626
      },
      "noprompt": {
            "total_questions": 2628,
            "correct_and_dk": 7,
            "atleastone_correct": 620,
            "all_correct": 509,
            "total_correct": 1708,
            "atleastone_DK": 25,
            "all_DK": 3,
            "total_DK": 33,
            "atleastone_correct_%": 0.7077625570776256,
            "atleastone_DK_%": 0.028538812785388126,
            "all_correct_%": 0.5810502283105023,
            "all_DK_%": 0.003424657534246575,
            "correct_and_dk_%": 0.007990867579908675,
            "total_correct_%": 0.649923896499239,
            "total_DK_%": 0.012557077625570776
      },
      "SUM": {
            "total_questions": 876,
            "correct_and_dk": 2,
            "atleastone_correct": 566,
            "all_correct": 566,
            "total_correct": 566,
            "atleastone_DK": 15,
            "all_DK": 15,
            "total_DK": 15,
            "atleastone_correct_%": 0.6461187214611872,
            "atleastone_DK_%": 0.017123287671232876,
            "all_correct_%": 0.6461187214611872,
            "all_DK_%": 0.017123287671232876,
            "correct_and_dk_%": 0.00228310502283105,
            "total_correct_%": 0.6461187214611872,
            "total_DK_%": 0.017123287671232876
      },
      "SUM_noquestion": {
            "total_questions": 876,
            "correct_and_dk": 1,
            "atleastone_correct": 566,
            "all_correct": 566,
            "total_correct": 566,
            "atleastone_DK": 15,
            "all_DK": 15,
            "total_DK": 15,
            "atleastone_correct_%": 0.6461187214611872,
            "atleastone_DK_%": 0.017123287671232876,
            "all_correct_%": 0.6461187214611872,
            "all_DK_%": 0.017123287671232876,
            "correct_and_dk_%": 0.001141552511415525,
            "total_correct_%": 0.6461187214611872,
            "total_DK_%": 0.017123287671232876
      },
      "SUM_tatsu": {
            "total_questions": 776,
            "correct_and_dk": 0,
            "atleastone_correct": 509,
            "all_correct": 509,
            "total_correct": 509,
            "atleastone_DK": 13,
            "all_DK": 13,
            "total_DK": 13,
            "atleastone_correct_%": 0.6559278350515464,
            "atleastone_DK_%": 0.01675257731958763,
            "all_correct_%": 0.6559278350515464,
            "all_DK_%": 0.01675257731958763,
            "correct_and_dk_%": 0.0,
            "total_correct_%": 0.6559278350515464,
            "total_DK_%": 0.01675257731958763
      }
}