{
      "noprompt": {
            "total_questions": 2628,
            "correct_and_dk": 7,
            "atleastone_correct": 620,
            "all_correct": 509,
            "total_correct": 1708,
            "atleastone_DK": 25,
            "all_DK": 3,
            "total_DK": 33,
            "atleastone_correct_%": 0.7077625570776256,
            "atleastone_DK_%": 0.028538812785388126,
            "all_correct_%": 0.5810502283105023,
            "all_DK_%": 0.003424657534246575,
            "correct_and_dk_%": 0.007990867579908675,
            "total_correct_%": 0.649923896499239,
            "total_DK_%": 0.012557077625570776
      },
      "SUM": {
            "total_questions": 876,
            "correct_and_dk": 25,
            "atleastone_correct": 551,
            "all_correct": 551,
            "total_correct": 551,
            "atleastone_DK": 92,
            "all_DK": 92,
            "total_DK": 92,
            "atleastone_correct_%": 0.6289954337899544,
            "atleastone_DK_%": 0.1050228310502283,
            "all_correct_%": 0.6289954337899544,
            "all_DK_%": 0.1050228310502283,
            "correct_and_dk_%": 0.028538812785388126,
            "total_correct_%": 0.6289954337899544,
            "total_DK_%": 0.1050228310502283
      },
      "SUM_noquestion": {
            "total_questions": 876,
            "correct_and_dk": 19,
            "atleastone_correct": 525,
            "all_correct": 525,
            "total_correct": 525,
            "atleastone_DK": 55,
            "all_DK": 55,
            "total_DK": 55,
            "atleastone_correct_%": 0.5993150684931506,
            "atleastone_DK_%": 0.06278538812785388,
            "all_correct_%": 0.5993150684931506,
            "all_DK_%": 0.06278538812785388,
            "correct_and_dk_%": 0.021689497716894976,
            "total_correct_%": 0.5993150684931506,
            "total_DK_%": 0.06278538812785388
      },
      "SUM_tatsu": {
            "total_questions": 776,
            "correct_and_dk": 9,
            "atleastone_correct": 464,
            "all_correct": 464,
            "total_correct": 464,
            "atleastone_DK": 72,
            "all_DK": 72,
            "total_DK": 72,
            "atleastone_correct_%": 0.5979381443298969,
            "atleastone_DK_%": 0.09278350515463918,
            "all_correct_%": 0.5979381443298969,
            "all_DK_%": 0.09278350515463918,
            "correct_and_dk_%": 0.011597938144329897,
            "total_correct_%": 0.5979381443298969,
            "total_DK_%": 0.09278350515463918
      },
      "dem": {
            "total_questions": 2628,
            "correct_and_dk": 59,
            "atleastone_correct": 547,
            "all_correct": 385,
            "total_correct": 1416,
            "atleastone_DK": 196,
            "all_DK": 37,
            "total_DK": 321,
            "atleastone_correct_%": 0.6244292237442922,
            "atleastone_DK_%": 0.2237442922374429,
            "all_correct_%": 0.4394977168949772,
            "all_DK_%": 0.04223744292237443,
            "correct_and_dk_%": 0.06735159817351598,
            "total_correct_%": 0.5388127853881278,
            "total_DK_%": 0.12214611872146118
      },
      "repub": {
            "total_questions": 2628,
            "correct_and_dk": 91,
            "atleastone_correct": 530,
            "all_correct": 350,
            "total_correct": 1329,
            "atleastone_DK": 271,
            "all_DK": 58,
            "total_DK": 472,
            "atleastone_correct_%": 0.6050228310502282,
            "atleastone_DK_%": 0.3093607305936073,
            "all_correct_%": 0.3995433789954338,
            "all_DK_%": 0.06621004566210045,
            "correct_and_dk_%": 0.10388127853881278,
            "total_correct_%": 0.5057077625570776,
            "total_DK_%": 0.1796042617960426
      }
}