{
      "noprompt": {
            "total_questions": 2628,
            "correct_and_dk": 7,
            "atleastone_correct": 620,
            "all_correct": 509,
            "total_correct": 1708,
            "atleastone_DK": 25,
            "all_DK": 3,
            "total_DK": 33,
            "atleastone_correct_%": 0.7077625570776256,
            "atleastone_DK_%": 0.028538812785388126,
            "all_correct_%": 0.5810502283105023,
            "all_DK_%": 0.003424657534246575,
            "correct_and_dk_%": 0.007990867579908675,
            "total_correct_%": 0.649923896499239,
            "total_DK_%": 0.012557077625570776
      },
      "SUM": {
            "total_questions": 876,
            "correct_and_dk": 21,
            "atleastone_correct": 556,
            "all_correct": 556,
            "total_correct": 556,
            "atleastone_DK": 78,
            "all_DK": 78,
            "total_DK": 78,
            "atleastone_correct_%": 0.634703196347032,
            "atleastone_DK_%": 0.08904109589041095,
            "all_correct_%": 0.634703196347032,
            "all_DK_%": 0.08904109589041095,
            "correct_and_dk_%": 0.023972602739726026,
            "total_correct_%": 0.634703196347032,
            "total_DK_%": 0.08904109589041095
      },
      "SUM_noquestion": {
            "total_questions": 876,
            "correct_and_dk": 17,
            "atleastone_correct": 534,
            "all_correct": 534,
            "total_correct": 534,
            "atleastone_DK": 49,
            "all_DK": 49,
            "total_DK": 49,
            "atleastone_correct_%": 0.6095890410958904,
            "atleastone_DK_%": 0.05593607305936073,
            "all_correct_%": 0.6095890410958904,
            "all_DK_%": 0.05593607305936073,
            "correct_and_dk_%": 0.019406392694063926,
            "total_correct_%": 0.6095890410958904,
            "total_DK_%": 0.05593607305936073
      },
      "SUM_tatsu": {
            "total_questions": 776,
            "correct_and_dk": 9,
            "atleastone_correct": 477,
            "all_correct": 477,
            "total_correct": 477,
            "atleastone_DK": 63,
            "all_DK": 63,
            "total_DK": 63,
            "atleastone_correct_%": 0.6146907216494846,
            "atleastone_DK_%": 0.08118556701030928,
            "all_correct_%": 0.6146907216494846,
            "all_DK_%": 0.08118556701030928,
            "correct_and_dk_%": 0.011597938144329897,
            "total_correct_%": 0.6146907216494846,
            "total_DK_%": 0.08118556701030928
      },
      "dem": {
            "total_questions": 2628,
            "correct_and_dk": 52,
            "atleastone_correct": 556,
            "all_correct": 409,
            "total_correct": 1464,
            "atleastone_DK": 168,
            "all_DK": 30,
            "total_DK": 271,
            "atleastone_correct_%": 0.634703196347032,
            "atleastone_DK_%": 0.1917808219178082,
            "all_correct_%": 0.4668949771689498,
            "all_DK_%": 0.03424657534246575,
            "correct_and_dk_%": 0.0593607305936073,
            "total_correct_%": 0.5570776255707762,
            "total_DK_%": 0.10312024353120243
      },
      "repub": {
            "total_questions": 2628,
            "correct_and_dk": 82,
            "atleastone_correct": 543,
            "all_correct": 374,
            "total_correct": 1382,
            "atleastone_DK": 240,
            "all_DK": 52,
            "total_DK": 420,
            "atleastone_correct_%": 0.6198630136986302,
            "atleastone_DK_%": 0.273972602739726,
            "all_correct_%": 0.4269406392694064,
            "all_DK_%": 0.0593607305936073,
            "correct_and_dk_%": 0.09360730593607305,
            "total_correct_%": 0.525875190258752,
            "total_DK_%": 0.1598173515981735
      }
}