{
      "dem": {
            "total_questions": 2628,
            "correct_and_dk": 35,
            "atleastone_correct": 573,
            "all_correct": 437,
            "total_correct": 1526,
            "atleastone_DK": 121,
            "all_DK": 23,
            "total_DK": 198,
            "atleastone_correct_%": 0.654109589041096,
            "atleastone_DK_%": 0.13812785388127852,
            "all_correct_%": 0.4988584474885845,
            "all_DK_%": 0.026255707762557076,
            "correct_and_dk_%": 0.03995433789954338,
            "total_correct_%": 0.5806697108066972,
            "total_DK_%": 0.07534246575342465
      },
      "repub": {
            "total_questions": 2628,
            "correct_and_dk": 64,
            "atleastone_correct": 561,
            "all_correct": 405,
            "total_correct": 1455,
            "atleastone_DK": 186,
            "all_DK": 42,
            "total_DK": 332,
            "atleastone_correct_%": 0.6404109589041096,
            "atleastone_DK_%": 0.21232876712328766,
            "all_correct_%": 0.4623287671232877,
            "all_DK_%": 0.04794520547945205,
            "correct_and_dk_%": 0.0730593607305936,
            "total_correct_%": 0.5536529680365296,
            "total_DK_%": 0.1263318112633181
      },
      "noprompt": {
            "total_questions": 2628,
            "correct_and_dk": 7,
            "atleastone_correct": 620,
            "all_correct": 509,
            "total_correct": 1708,
            "atleastone_DK": 25,
            "all_DK": 3,
            "total_DK": 33,
            "atleastone_correct_%": 0.7077625570776256,
            "atleastone_DK_%": 0.028538812785388126,
            "all_correct_%": 0.5810502283105023,
            "all_DK_%": 0.003424657534246575,
            "correct_and_dk_%": 0.007990867579908675,
            "total_correct_%": 0.649923896499239,
            "total_DK_%": 0.012557077625570776
      },
      "SUM": {
            "total_questions": 876,
            "correct_and_dk": 18,
            "atleastone_correct": 563,
            "all_correct": 563,
            "total_correct": 563,
            "atleastone_DK": 61,
            "all_DK": 61,
            "total_DK": 61,
            "atleastone_correct_%": 0.6426940639269406,
            "atleastone_DK_%": 0.06963470319634703,
            "all_correct_%": 0.6426940639269406,
            "all_DK_%": 0.06963470319634703,
            "correct_and_dk_%": 0.02054794520547945,
            "total_correct_%": 0.6426940639269406,
            "total_DK_%": 0.06963470319634703
      },
      "SUM_noquestion": {
            "total_questions": 876,
            "correct_and_dk": 16,
            "atleastone_correct": 548,
            "all_correct": 548,
            "total_correct": 548,
            "atleastone_DK": 40,
            "all_DK": 40,
            "total_DK": 40,
            "atleastone_correct_%": 0.6255707762557078,
            "atleastone_DK_%": 0.045662100456621,
            "all_correct_%": 0.6255707762557078,
            "all_DK_%": 0.045662100456621,
            "correct_and_dk_%": 0.0182648401826484,
            "total_correct_%": 0.6255707762557078,
            "total_DK_%": 0.045662100456621
      },
      "SUM_tatsu": {
            "total_questions": 776,
            "correct_and_dk": 8,
            "atleastone_correct": 488,
            "all_correct": 488,
            "total_correct": 488,
            "atleastone_DK": 49,
            "all_DK": 49,
            "total_DK": 49,
            "atleastone_correct_%": 0.6288659793814433,
            "atleastone_DK_%": 0.06314432989690721,
            "all_correct_%": 0.6288659793814433,
            "all_DK_%": 0.06314432989690721,
            "correct_and_dk_%": 0.010309278350515464,
            "total_correct_%": 0.6288659793814433,
            "total_DK_%": 0.06314432989690721
      }
}