{
      "noprompt": {
            "total_questions": 2628,
            "correct_and_dk": 7,
            "atleastone_correct": 620,
            "all_correct": 509,
            "total_correct": 1708,
            "atleastone_DK": 25,
            "all_DK": 3,
            "total_DK": 33,
            "atleastone_correct_%": 0.7077625570776256,
            "atleastone_DK_%": 0.028538812785388126,
            "all_correct_%": 0.5810502283105023,
            "all_DK_%": 0.003424657534246575,
            "correct_and_dk_%": 0.007990867579908675,
            "total_correct_%": 0.649923896499239,
            "total_DK_%": 0.012557077625570776
      },
      "SUM": {
            "total_questions": 876,
            "correct_and_dk": 15,
            "atleastone_correct": 560,
            "all_correct": 560,
            "total_correct": 560,
            "atleastone_DK": 47,
            "all_DK": 47,
            "total_DK": 47,
            "atleastone_correct_%": 0.639269406392694,
            "atleastone_DK_%": 0.05365296803652968,
            "all_correct_%": 0.639269406392694,
            "all_DK_%": 0.05365296803652968,
            "correct_and_dk_%": 0.017123287671232876,
            "total_correct_%": 0.639269406392694,
            "total_DK_%": 0.05365296803652968
      },
      "SUM_noquestion": {
            "total_questions": 876,
            "correct_and_dk": 12,
            "atleastone_correct": 549,
            "all_correct": 549,
            "total_correct": 549,
            "atleastone_DK": 32,
            "all_DK": 32,
            "total_DK": 32,
            "atleastone_correct_%": 0.6267123287671232,
            "atleastone_DK_%": 0.0365296803652968,
            "all_correct_%": 0.6267123287671232,
            "all_DK_%": 0.0365296803652968,
            "correct_and_dk_%": 0.0136986301369863,
            "total_correct_%": 0.6267123287671232,
            "total_DK_%": 0.0365296803652968
      },
      "SUM_tatsu": {
            "total_questions": 776,
            "correct_and_dk": 8,
            "atleastone_correct": 493,
            "all_correct": 493,
            "total_correct": 493,
            "atleastone_DK": 39,
            "all_DK": 39,
            "total_DK": 39,
            "atleastone_correct_%": 0.6353092783505154,
            "atleastone_DK_%": 0.05025773195876289,
            "all_correct_%": 0.6353092783505154,
            "all_DK_%": 0.05025773195876289,
            "correct_and_dk_%": 0.010309278350515464,
            "total_correct_%": 0.6353092783505154,
            "total_DK_%": 0.05025773195876289
      },
      "dem": {
            "total_questions": 2628,
            "correct_and_dk": 27,
            "atleastone_correct": 585,
            "all_correct": 448,
            "total_correct": 1560,
            "atleastone_DK": 92,
            "all_DK": 20,
            "total_DK": 151,
            "atleastone_correct_%": 0.6678082191780822,
            "atleastone_DK_%": 0.1050228310502283,
            "all_correct_%": 0.5114155251141552,
            "all_DK_%": 0.0228310502283105,
            "correct_and_dk_%": 0.030821917808219176,
            "total_correct_%": 0.593607305936073,
            "total_DK_%": 0.05745814307458143
      },
      "repub": {
            "total_questions": 2628,
            "correct_and_dk": 50,
            "atleastone_correct": 574,
            "all_correct": 419,
            "total_correct": 1495,
            "atleastone_DK": 147,
            "all_DK": 33,
            "total_DK": 265,
            "atleastone_correct_%": 0.6552511415525114,
            "atleastone_DK_%": 0.1678082191780822,
            "all_correct_%": 0.478310502283105,
            "all_DK_%": 0.03767123287671233,
            "correct_and_dk_%": 0.05707762557077625,
            "total_correct_%": 0.5688736681887366,
            "total_DK_%": 0.10083713850837138
      }
}