{
      "dem": {
            "total_questions": 2628,
            "correct_and_dk": 8,
            "atleastone_correct": 616,
            "all_correct": 502,
            "total_correct": 1692,
            "atleastone_DK": 27,
            "all_DK": 6,
            "total_DK": 41,
            "atleastone_correct_%": 0.7031963470319634,
            "atleastone_DK_%": 0.030821917808219176,
            "all_correct_%": 0.5730593607305936,
            "all_DK_%": 0.00684931506849315,
            "correct_and_dk_%": 0.0091324200913242,
            "total_correct_%": 0.6438356164383562,
            "total_DK_%": 0.015601217656012176
      },
      "repub": {
            "total_questions": 2628,
            "correct_and_dk": 9,
            "atleastone_correct": 614,
            "all_correct": 500,
            "total_correct": 1687,
            "atleastone_DK": 32,
            "all_DK": 5,
            "total_DK": 46,
            "atleastone_correct_%": 0.7009132420091324,
            "atleastone_DK_%": 0.0365296803652968,
            "all_correct_%": 0.5707762557077625,
            "all_DK_%": 0.005707762557077625,
            "correct_and_dk_%": 0.010273972602739725,
            "total_correct_%": 0.6419330289193302,
            "total_DK_%": 0.01750380517503805
      },
      "noprompt": {
            "total_questions": 2628,
            "correct_and_dk": 7,
            "atleastone_correct": 620,
            "all_correct": 509,
            "total_correct": 1708,
            "atleastone_DK": 25,
            "all_DK": 3,
            "total_DK": 33,
            "atleastone_correct_%": 0.7077625570776256,
            "atleastone_DK_%": 0.028538812785388126,
            "all_correct_%": 0.5810502283105023,
            "all_DK_%": 0.003424657534246575,
            "correct_and_dk_%": 0.007990867579908675,
            "total_correct_%": 0.649923896499239,
            "total_DK_%": 0.012557077625570776
      },
      "SUM": {
            "total_questions": 876,
            "correct_and_dk": 0,
            "atleastone_correct": 568,
            "all_correct": 568,
            "total_correct": 568,
            "atleastone_DK": 12,
            "all_DK": 12,
            "total_DK": 12,
            "atleastone_correct_%": 0.6484018264840182,
            "atleastone_DK_%": 0.0136986301369863,
            "all_correct_%": 0.6484018264840182,
            "all_DK_%": 0.0136986301369863,
            "correct_and_dk_%": 0.0,
            "total_correct_%": 0.6484018264840182,
            "total_DK_%": 0.0136986301369863
      },
      "SUM_noquestion": {
            "total_questions": 876,
            "correct_and_dk": 1,
            "atleastone_correct": 568,
            "all_correct": 568,
            "total_correct": 568,
            "atleastone_DK": 15,
            "all_DK": 15,
            "total_DK": 15,
            "atleastone_correct_%": 0.6484018264840182,
            "atleastone_DK_%": 0.017123287671232876,
            "all_correct_%": 0.6484018264840182,
            "all_DK_%": 0.017123287671232876,
            "correct_and_dk_%": 0.001141552511415525,
            "total_correct_%": 0.6484018264840182,
            "total_DK_%": 0.017123287671232876
      },
      "SUM_tatsu": {
            "total_questions": 776,
            "correct_and_dk": 0,
            "atleastone_correct": 512,
            "all_correct": 512,
            "total_correct": 512,
            "atleastone_DK": 12,
            "all_DK": 12,
            "total_DK": 12,
            "atleastone_correct_%": 0.6597938144329897,
            "atleastone_DK_%": 0.015463917525773196,
            "all_correct_%": 0.6597938144329897,
            "all_DK_%": 0.015463917525773196,
            "correct_and_dk_%": 0.0,
            "total_correct_%": 0.6597938144329897,
            "total_DK_%": 0.015463917525773196
      }
}