{
      "dem": {
            "total_questions": 2628,
            "correct_and_dk": 8,
            "atleastone_correct": 615,
            "all_correct": 500,
            "total_correct": 1688,
            "atleastone_DK": 27,
            "all_DK": 6,
            "total_DK": 41,
            "atleastone_correct_%": 0.702054794520548,
            "atleastone_DK_%": 0.030821917808219176,
            "all_correct_%": 0.5707762557077625,
            "all_DK_%": 0.00684931506849315,
            "correct_and_dk_%": 0.0091324200913242,
            "total_correct_%": 0.6423135464231354,
            "total_DK_%": 0.015601217656012176
      },
      "repub": {
            "total_questions": 2628,
            "correct_and_dk": 11,
            "atleastone_correct": 613,
            "all_correct": 498,
            "total_correct": 1681,
            "atleastone_DK": 34,
            "all_DK": 5,
            "total_DK": 49,
            "atleastone_correct_%": 0.6997716894977168,
            "atleastone_DK_%": 0.03881278538812785,
            "all_correct_%": 0.5684931506849314,
            "all_DK_%": 0.005707762557077625,
            "correct_and_dk_%": 0.012557077625570776,
            "total_correct_%": 0.6396499238964992,
            "total_DK_%": 0.018645357686453576
      },
      "noprompt": {
            "total_questions": 2628,
            "correct_and_dk": 7,
            "atleastone_correct": 620,
            "all_correct": 509,
            "total_correct": 1708,
            "atleastone_DK": 25,
            "all_DK": 3,
            "total_DK": 33,
            "atleastone_correct_%": 0.7077625570776256,
            "atleastone_DK_%": 0.028538812785388126,
            "all_correct_%": 0.5810502283105023,
            "all_DK_%": 0.003424657534246575,
            "correct_and_dk_%": 0.007990867579908675,
            "total_correct_%": 0.649923896499239,
            "total_DK_%": 0.012557077625570776
      },
      "SUM": {
            "total_questions": 876,
            "correct_and_dk": 1,
            "atleastone_correct": 567,
            "all_correct": 567,
            "total_correct": 567,
            "atleastone_DK": 13,
            "all_DK": 13,
            "total_DK": 13,
            "atleastone_correct_%": 0.6472602739726028,
            "atleastone_DK_%": 0.014840182648401826,
            "all_correct_%": 0.6472602739726028,
            "all_DK_%": 0.014840182648401826,
            "correct_and_dk_%": 0.001141552511415525,
            "total_correct_%": 0.6472602739726028,
            "total_DK_%": 0.014840182648401826
      },
      "SUM_noquestion": {
            "total_questions": 876,
            "correct_and_dk": 1,
            "atleastone_correct": 567,
            "all_correct": 567,
            "total_correct": 567,
            "atleastone_DK": 15,
            "all_DK": 15,
            "total_DK": 15,
            "atleastone_correct_%": 0.6472602739726028,
            "atleastone_DK_%": 0.017123287671232876,
            "all_correct_%": 0.6472602739726028,
            "all_DK_%": 0.017123287671232876,
            "correct_and_dk_%": 0.001141552511415525,
            "total_correct_%": 0.6472602739726028,
            "total_DK_%": 0.017123287671232876
      },
      "SUM_tatsu": {
            "total_questions": 776,
            "correct_and_dk": 0,
            "atleastone_correct": 510,
            "all_correct": 510,
            "total_correct": 510,
            "atleastone_DK": 13,
            "all_DK": 13,
            "total_DK": 13,
            "atleastone_correct_%": 0.6572164948453608,
            "atleastone_DK_%": 0.01675257731958763,
            "all_correct_%": 0.6572164948453608,
            "all_DK_%": 0.01675257731958763,
            "correct_and_dk_%": 0.0,
            "total_correct_%": 0.6572164948453608,
            "total_DK_%": 0.01675257731958763
      }
}