{
      "dem": {
            "total_questions": 2628,
            "correct_and_dk": 15,
            "atleastone_correct": 599,
            "all_correct": 477,
            "total_correct": 1629,
            "atleastone_DK": 52,
            "all_DK": 13,
            "total_DK": 85,
            "atleastone_correct_%": 0.6837899543378996,
            "atleastone_DK_%": 0.0593607305936073,
            "all_correct_%": 0.5445205479452055,
            "all_DK_%": 0.014840182648401826,
            "correct_and_dk_%": 0.017123287671232876,
            "total_correct_%": 0.6198630136986302,
            "total_DK_%": 0.032343987823439876
      },
      "repub": {
            "total_questions": 2628,
            "correct_and_dk": 31,
            "atleastone_correct": 594,
            "all_correct": 457,
            "total_correct": 1584,
            "atleastone_DK": 91,
            "all_DK": 18,
            "total_DK": 159,
            "atleastone_correct_%": 0.6780821917808219,
            "atleastone_DK_%": 0.10388127853881278,
            "all_correct_%": 0.521689497716895,
            "all_DK_%": 0.02054794520547945,
            "correct_and_dk_%": 0.03538812785388128,
            "total_correct_%": 0.6027397260273972,
            "total_DK_%": 0.06050228310502283
      },
      "noprompt": {
            "total_questions": 2628,
            "correct_and_dk": 7,
            "atleastone_correct": 620,
            "all_correct": 509,
            "total_correct": 1708,
            "atleastone_DK": 25,
            "all_DK": 3,
            "total_DK": 33,
            "atleastone_correct_%": 0.7077625570776256,
            "atleastone_DK_%": 0.028538812785388126,
            "all_correct_%": 0.5810502283105023,
            "all_DK_%": 0.003424657534246575,
            "correct_and_dk_%": 0.007990867579908675,
            "total_correct_%": 0.649923896499239,
            "total_DK_%": 0.012557077625570776
      },
      "SUM": {
            "total_questions": 876,
            "correct_and_dk": 11,
            "atleastone_correct": 565,
            "all_correct": 565,
            "total_correct": 565,
            "atleastone_DK": 30,
            "all_DK": 30,
            "total_DK": 30,
            "atleastone_correct_%": 0.6449771689497716,
            "atleastone_DK_%": 0.03424657534246575,
            "all_correct_%": 0.6449771689497716,
            "all_DK_%": 0.03424657534246575,
            "correct_and_dk_%": 0.012557077625570776,
            "total_correct_%": 0.6449771689497716,
            "total_DK_%": 0.03424657534246575
      },
      "SUM_noquestion": {
            "total_questions": 876,
            "correct_and_dk": 9,
            "atleastone_correct": 562,
            "all_correct": 562,
            "total_correct": 562,
            "atleastone_DK": 22,
            "all_DK": 22,
            "total_DK": 22,
            "atleastone_correct_%": 0.6415525114155252,
            "atleastone_DK_%": 0.02511415525114155,
            "all_correct_%": 0.6415525114155252,
            "all_DK_%": 0.02511415525114155,
            "correct_and_dk_%": 0.010273972602739725,
            "total_correct_%": 0.6415525114155252,
            "total_DK_%": 0.02511415525114155
      },
      "SUM_tatsu": {
            "total_questions": 776,
            "correct_and_dk": 5,
            "atleastone_correct": 507,
            "all_correct": 507,
            "total_correct": 507,
            "atleastone_DK": 23,
            "all_DK": 23,
            "total_DK": 23,
            "atleastone_correct_%": 0.6533505154639175,
            "atleastone_DK_%": 0.029639175257731958,
            "all_correct_%": 0.6533505154639175,
            "all_DK_%": 0.029639175257731958,
            "correct_and_dk_%": 0.006443298969072165,
            "total_correct_%": 0.6533505154639175,
            "total_DK_%": 0.029639175257731958
      }
}