{
      "dem": {
            "total_questions": 2628,
            "correct_and_dk": 10,
            "atleastone_correct": 612,
            "all_correct": 491,
            "total_correct": 1670,
            "atleastone_DK": 34,
            "all_DK": 8,
            "total_DK": 53,
            "atleastone_correct_%": 0.6986301369863013,
            "atleastone_DK_%": 0.03881278538812785,
            "all_correct_%": 0.5605022831050228,
            "all_DK_%": 0.0091324200913242,
            "correct_and_dk_%": 0.01141552511415525,
            "total_correct_%": 0.6354642313546424,
            "total_DK_%": 0.020167427701674276
      },
      "repub": {
            "total_questions": 2628,
            "correct_and_dk": 14,
            "atleastone_correct": 606,
            "all_correct": 481,
            "total_correct": 1647,
            "atleastone_DK": 52,
            "all_DK": 11,
            "total_DK": 85,
            "atleastone_correct_%": 0.6917808219178082,
            "atleastone_DK_%": 0.0593607305936073,
            "all_correct_%": 0.5490867579908676,
            "all_DK_%": 0.012557077625570776,
            "correct_and_dk_%": 0.01598173515981735,
            "total_correct_%": 0.6267123287671232,
            "total_DK_%": 0.032343987823439876
      },
      "noprompt": {
            "total_questions": 2628,
            "correct_and_dk": 7,
            "atleastone_correct": 620,
            "all_correct": 509,
            "total_correct": 1708,
            "atleastone_DK": 25,
            "all_DK": 3,
            "total_DK": 33,
            "atleastone_correct_%": 0.7077625570776256,
            "atleastone_DK_%": 0.028538812785388126,
            "all_correct_%": 0.5810502283105023,
            "all_DK_%": 0.003424657534246575,
            "correct_and_dk_%": 0.007990867579908675,
            "total_correct_%": 0.649923896499239,
            "total_DK_%": 0.012557077625570776
      },
      "SUM": {
            "total_questions": 876,
            "correct_and_dk": 4,
            "atleastone_correct": 566,
            "all_correct": 566,
            "total_correct": 566,
            "atleastone_DK": 20,
            "all_DK": 20,
            "total_DK": 20,
            "atleastone_correct_%": 0.6461187214611872,
            "atleastone_DK_%": 0.0228310502283105,
            "all_correct_%": 0.6461187214611872,
            "all_DK_%": 0.0228310502283105,
            "correct_and_dk_%": 0.0045662100456621,
            "total_correct_%": 0.6461187214611872,
            "total_DK_%": 0.0228310502283105
      },
      "SUM_noquestion": {
            "total_questions": 876,
            "correct_and_dk": 1,
            "atleastone_correct": 564,
            "all_correct": 564,
            "total_correct": 564,
            "atleastone_DK": 17,
            "all_DK": 17,
            "total_DK": 17,
            "atleastone_correct_%": 0.6438356164383562,
            "atleastone_DK_%": 0.019406392694063926,
            "all_correct_%": 0.6438356164383562,
            "all_DK_%": 0.019406392694063926,
            "correct_and_dk_%": 0.001141552511415525,
            "total_correct_%": 0.6438356164383562,
            "total_DK_%": 0.019406392694063926
      },
      "SUM_tatsu": {
            "total_questions": 776,
            "correct_and_dk": 2,
            "atleastone_correct": 509,
            "all_correct": 509,
            "total_correct": 509,
            "atleastone_DK": 17,
            "all_DK": 17,
            "total_DK": 17,
            "atleastone_correct_%": 0.6559278350515464,
            "atleastone_DK_%": 0.02190721649484536,
            "all_correct_%": 0.6559278350515464,
            "all_DK_%": 0.02190721649484536,
            "correct_and_dk_%": 0.002577319587628866,
            "total_correct_%": 0.6559278350515464,
            "total_DK_%": 0.02190721649484536
      }
}