{
      "dem": {
            "total_questions": 2628,
            "correct_and_dk": 24,
            "atleastone_correct": 586,
            "all_correct": 455,
            "total_correct": 1570,
            "atleastone_DK": 84,
            "all_DK": 20,
            "total_DK": 141,
            "atleastone_correct_%": 0.6689497716894977,
            "atleastone_DK_%": 0.0958904109589041,
            "all_correct_%": 0.519406392694064,
            "all_DK_%": 0.0228310502283105,
            "correct_and_dk_%": 0.0273972602739726,
            "total_correct_%": 0.5974124809741248,
            "total_DK_%": 0.05365296803652968
      },
      "repub": {
            "total_questions": 2628,
            "correct_and_dk": 47,
            "atleastone_correct": 579,
            "all_correct": 427,
            "total_correct": 1514,
            "atleastone_DK": 131,
            "all_DK": 29,
            "total_DK": 234,
            "atleastone_correct_%": 0.660958904109589,
            "atleastone_DK_%": 0.1495433789954338,
            "all_correct_%": 0.4874429223744292,
            "all_DK_%": 0.033105022831050226,
            "correct_and_dk_%": 0.05365296803652968,
            "total_correct_%": 0.576103500761035,
            "total_DK_%": 0.08904109589041095
      },
      "noprompt": {
            "total_questions": 2628,
            "correct_and_dk": 7,
            "atleastone_correct": 620,
            "all_correct": 509,
            "total_correct": 1708,
            "atleastone_DK": 25,
            "all_DK": 3,
            "total_DK": 33,
            "atleastone_correct_%": 0.7077625570776256,
            "atleastone_DK_%": 0.028538812785388126,
            "all_correct_%": 0.5810502283105023,
            "all_DK_%": 0.003424657534246575,
            "correct_and_dk_%": 0.007990867579908675,
            "total_correct_%": 0.649923896499239,
            "total_DK_%": 0.012557077625570776
      },
      "SUM": {
            "total_questions": 876,
            "correct_and_dk": 14,
            "atleastone_correct": 562,
            "all_correct": 562,
            "total_correct": 562,
            "atleastone_DK": 43,
            "all_DK": 43,
            "total_DK": 43,
            "atleastone_correct_%": 0.6415525114155252,
            "atleastone_DK_%": 0.04908675799086758,
            "all_correct_%": 0.6415525114155252,
            "all_DK_%": 0.04908675799086758,
            "correct_and_dk_%": 0.01598173515981735,
            "total_correct_%": 0.6415525114155252,
            "total_DK_%": 0.04908675799086758
      },
      "SUM_noquestion": {
            "total_questions": 876,
            "correct_and_dk": 10,
            "atleastone_correct": 551,
            "all_correct": 551,
            "total_correct": 551,
            "atleastone_DK": 28,
            "all_DK": 28,
            "total_DK": 28,
            "atleastone_correct_%": 0.6289954337899544,
            "atleastone_DK_%": 0.0319634703196347,
            "all_correct_%": 0.6289954337899544,
            "all_DK_%": 0.0319634703196347,
            "correct_and_dk_%": 0.01141552511415525,
            "total_correct_%": 0.6289954337899544,
            "total_DK_%": 0.0319634703196347
      },
      "SUM_tatsu": {
            "total_questions": 776,
            "correct_and_dk": 7,
            "atleastone_correct": 495,
            "all_correct": 495,
            "total_correct": 495,
            "atleastone_DK": 35,
            "all_DK": 35,
            "total_DK": 35,
            "atleastone_correct_%": 0.6378865979381443,
            "atleastone_DK_%": 0.045103092783505154,
            "all_correct_%": 0.6378865979381443,
            "all_DK_%": 0.045103092783505154,
            "correct_and_dk_%": 0.00902061855670103,
            "total_correct_%": 0.6378865979381443,
            "total_DK_%": 0.045103092783505154
      }
}