{
      "dem": {
            "total_questions": 2628,
            "correct_and_dk": 12,
            "atleastone_correct": 605,
            "all_correct": 486,
            "total_correct": 1651,
            "atleastone_DK": 41,
            "all_DK": 8,
            "total_DK": 62,
            "atleastone_correct_%": 0.6906392694063928,
            "atleastone_DK_%": 0.04680365296803653,
            "all_correct_%": 0.5547945205479452,
            "all_DK_%": 0.0091324200913242,
            "correct_and_dk_%": 0.0136986301369863,
            "total_correct_%": 0.628234398782344,
            "total_DK_%": 0.02359208523592085
      },
      "repub": {
            "total_questions": 2628,
            "correct_and_dk": 18,
            "atleastone_correct": 598,
            "all_correct": 473,
            "total_correct": 1619,
            "atleastone_DK": 67,
            "all_DK": 13,
            "total_DK": 114,
            "atleastone_correct_%": 0.682648401826484,
            "atleastone_DK_%": 0.07648401826484018,
            "all_correct_%": 0.5399543378995434,
            "all_DK_%": 0.014840182648401826,
            "correct_and_dk_%": 0.02054794520547945,
            "total_correct_%": 0.6160578386605784,
            "total_DK_%": 0.04337899543378995
      },
      "noprompt": {
            "total_questions": 2628,
            "correct_and_dk": 7,
            "atleastone_correct": 620,
            "all_correct": 509,
            "total_correct": 1708,
            "atleastone_DK": 25,
            "all_DK": 3,
            "total_DK": 33,
            "atleastone_correct_%": 0.7077625570776256,
            "atleastone_DK_%": 0.028538812785388126,
            "all_correct_%": 0.5810502283105023,
            "all_DK_%": 0.003424657534246575,
            "correct_and_dk_%": 0.007990867579908675,
            "total_correct_%": 0.649923896499239,
            "total_DK_%": 0.012557077625570776
      },
      "SUM": {
            "total_questions": 876,
            "correct_and_dk": 6,
            "atleastone_correct": 566,
            "all_correct": 566,
            "total_correct": 566,
            "atleastone_DK": 23,
            "all_DK": 23,
            "total_DK": 23,
            "atleastone_correct_%": 0.6461187214611872,
            "atleastone_DK_%": 0.026255707762557076,
            "all_correct_%": 0.6461187214611872,
            "all_DK_%": 0.026255707762557076,
            "correct_and_dk_%": 0.00684931506849315,
            "total_correct_%": 0.6461187214611872,
            "total_DK_%": 0.026255707762557076
      },
      "SUM_noquestion": {
            "total_questions": 876,
            "correct_and_dk": 5,
            "atleastone_correct": 563,
            "all_correct": 563,
            "total_correct": 563,
            "atleastone_DK": 20,
            "all_DK": 20,
            "total_DK": 20,
            "atleastone_correct_%": 0.6426940639269406,
            "atleastone_DK_%": 0.0228310502283105,
            "all_correct_%": 0.6426940639269406,
            "all_DK_%": 0.0228310502283105,
            "correct_and_dk_%": 0.005707762557077625,
            "total_correct_%": 0.6426940639269406,
            "total_DK_%": 0.0228310502283105
      },
      "SUM_tatsu": {
            "total_questions": 776,
            "correct_and_dk": 4,
            "atleastone_correct": 508,
            "all_correct": 508,
            "total_correct": 508,
            "atleastone_DK": 19,
            "all_DK": 19,
            "total_DK": 19,
            "atleastone_correct_%": 0.654639175257732,
            "atleastone_DK_%": 0.024484536082474227,
            "all_correct_%": 0.654639175257732,
            "all_DK_%": 0.024484536082474227,
            "correct_and_dk_%": 0.005154639175257732,
            "total_correct_%": 0.654639175257732,
            "total_DK_%": 0.024484536082474227
      }
}