{
      "noprompt": {
            "total_questions": 2628,
            "correct_and_dk": 7,
            "atleastone_correct": 620,
            "all_correct": 509,
            "total_correct": 1708,
            "atleastone_DK": 25,
            "all_DK": 3,
            "total_DK": 33,
            "atleastone_correct_%": 0.7077625570776256,
            "atleastone_DK_%": 0.028538812785388126,
            "all_correct_%": 0.5810502283105023,
            "all_DK_%": 0.003424657534246575,
            "correct_and_dk_%": 0.007990867579908675,
            "total_correct_%": 0.649923896499239,
            "total_DK_%": 0.012557077625570776
      },
      "SUM": {
            "total_questions": 876,
            "correct_and_dk": 4,
            "atleastone_correct": 567,
            "all_correct": 567,
            "total_correct": 567,
            "atleastone_DK": 20,
            "all_DK": 20,
            "total_DK": 20,
            "atleastone_correct_%": 0.6472602739726028,
            "atleastone_DK_%": 0.0228310502283105,
            "all_correct_%": 0.6472602739726028,
            "all_DK_%": 0.0228310502283105,
            "correct_and_dk_%": 0.0045662100456621,
            "total_correct_%": 0.6472602739726028,
            "total_DK_%": 0.0228310502283105
      },
      "SUM_noquestion": {
            "total_questions": 876,
            "correct_and_dk": 1,
            "atleastone_correct": 565,
            "all_correct": 565,
            "total_correct": 565,
            "atleastone_DK": 17,
            "all_DK": 17,
            "total_DK": 17,
            "atleastone_correct_%": 0.6449771689497716,
            "atleastone_DK_%": 0.019406392694063926,
            "all_correct_%": 0.6449771689497716,
            "all_DK_%": 0.019406392694063926,
            "correct_and_dk_%": 0.001141552511415525,
            "total_correct_%": 0.6449771689497716,
            "total_DK_%": 0.019406392694063926
      },
      "SUM_tatsu": {
            "total_questions": 776,
            "correct_and_dk": 1,
            "atleastone_correct": 510,
            "all_correct": 510,
            "total_correct": 510,
            "atleastone_DK": 15,
            "all_DK": 15,
            "total_DK": 15,
            "atleastone_correct_%": 0.6572164948453608,
            "atleastone_DK_%": 0.019329896907216496,
            "all_correct_%": 0.6572164948453608,
            "all_DK_%": 0.019329896907216496,
            "correct_and_dk_%": 0.001288659793814433,
            "total_correct_%": 0.6572164948453608,
            "total_DK_%": 0.019329896907216496
      },
      "dem": {
            "total_questions": 2628,
            "correct_and_dk": 10,
            "atleastone_correct": 614,
            "all_correct": 493,
            "total_correct": 1676,
            "atleastone_DK": 31,
            "all_DK": 7,
            "total_DK": 48,
            "atleastone_correct_%": 0.7009132420091324,
            "atleastone_DK_%": 0.03538812785388128,
            "all_correct_%": 0.562785388127854,
            "all_DK_%": 0.007990867579908675,
            "correct_and_dk_%": 0.01141552511415525,
            "total_correct_%": 0.6377473363774734,
            "total_DK_%": 0.0182648401826484
      },
      "repub": {
            "total_questions": 2628,
            "correct_and_dk": 14,
            "atleastone_correct": 607,
            "all_correct": 483,
            "total_correct": 1651,
            "atleastone_DK": 50,
            "all_DK": 11,
            "total_DK": 82,
            "atleastone_correct_%": 0.6929223744292238,
            "atleastone_DK_%": 0.05707762557077625,
            "all_correct_%": 0.5513698630136986,
            "all_DK_%": 0.012557077625570776,
            "correct_and_dk_%": 0.01598173515981735,
            "total_correct_%": 0.628234398782344,
            "total_DK_%": 0.03120243531202435
      }
}