{
      "dem": {
            "total_questions": 2628,
            "correct_and_dk": 9,
            "atleastone_correct": 613,
            "all_correct": 495,
            "total_correct": 1678,
            "atleastone_DK": 29,
            "all_DK": 7,
            "total_DK": 46,
            "atleastone_correct_%": 0.6997716894977168,
            "atleastone_DK_%": 0.033105022831050226,
            "all_correct_%": 0.565068493150685,
            "all_DK_%": 0.007990867579908675,
            "correct_and_dk_%": 0.010273972602739725,
            "total_correct_%": 0.6385083713850838,
            "total_DK_%": 0.01750380517503805
      },
      "repub": {
            "total_questions": 2628,
            "correct_and_dk": 12,
            "atleastone_correct": 605,
            "all_correct": 487,
            "total_correct": 1652,
            "atleastone_DK": 45,
            "all_DK": 11,
            "total_DK": 76,
            "atleastone_correct_%": 0.6906392694063928,
            "atleastone_DK_%": 0.05136986301369863,
            "all_correct_%": 0.5559360730593608,
            "all_DK_%": 0.012557077625570776,
            "correct_and_dk_%": 0.0136986301369863,
            "total_correct_%": 0.6286149162861492,
            "total_DK_%": 0.0289193302891933
      },
      "noprompt": {
            "total_questions": 2628,
            "correct_and_dk": 7,
            "atleastone_correct": 620,
            "all_correct": 509,
            "total_correct": 1708,
            "atleastone_DK": 25,
            "all_DK": 3,
            "total_DK": 33,
            "atleastone_correct_%": 0.7077625570776256,
            "atleastone_DK_%": 0.028538812785388126,
            "all_correct_%": 0.5810502283105023,
            "all_DK_%": 0.003424657534246575,
            "correct_and_dk_%": 0.007990867579908675,
            "total_correct_%": 0.649923896499239,
            "total_DK_%": 0.012557077625570776
      },
      "SUM": {
            "total_questions": 876,
            "correct_and_dk": 4,
            "atleastone_correct": 566,
            "all_correct": 566,
            "total_correct": 566,
            "atleastone_DK": 19,
            "all_DK": 19,
            "total_DK": 19,
            "atleastone_correct_%": 0.6461187214611872,
            "atleastone_DK_%": 0.021689497716894976,
            "all_correct_%": 0.6461187214611872,
            "all_DK_%": 0.021689497716894976,
            "correct_and_dk_%": 0.0045662100456621,
            "total_correct_%": 0.6461187214611872,
            "total_DK_%": 0.021689497716894976
      },
      "SUM_noquestion": {
            "total_questions": 876,
            "correct_and_dk": 1,
            "atleastone_correct": 564,
            "all_correct": 564,
            "total_correct": 564,
            "atleastone_DK": 16,
            "all_DK": 16,
            "total_DK": 16,
            "atleastone_correct_%": 0.6438356164383562,
            "atleastone_DK_%": 0.0182648401826484,
            "all_correct_%": 0.6438356164383562,
            "all_DK_%": 0.0182648401826484,
            "correct_and_dk_%": 0.001141552511415525,
            "total_correct_%": 0.6438356164383562,
            "total_DK_%": 0.0182648401826484
      },
      "SUM_tatsu": {
            "total_questions": 776,
            "correct_and_dk": 1,
            "atleastone_correct": 509,
            "all_correct": 509,
            "total_correct": 509,
            "atleastone_DK": 14,
            "all_DK": 14,
            "total_DK": 14,
            "atleastone_correct_%": 0.6559278350515464,
            "atleastone_DK_%": 0.01804123711340206,
            "all_correct_%": 0.6559278350515464,
            "all_DK_%": 0.01804123711340206,
            "correct_and_dk_%": 0.001288659793814433,
            "total_correct_%": 0.6559278350515464,
            "total_DK_%": 0.01804123711340206
      }
}