{
      "noprompt": {
            "total_questions": 2628,
            "correct_and_dk": 7,
            "atleastone_correct": 620,
            "all_correct": 509,
            "total_correct": 1708,
            "atleastone_DK": 25,
            "all_DK": 3,
            "total_DK": 33,
            "atleastone_correct_%": 0.7077625570776256,
            "atleastone_DK_%": 0.028538812785388126,
            "all_correct_%": 0.5810502283105023,
            "all_DK_%": 0.003424657534246575,
            "correct_and_dk_%": 0.007990867579908675,
            "total_correct_%": 0.649923896499239,
            "total_DK_%": 0.012557077625570776
      },
      "SUM": {
            "total_questions": 876,
            "correct_and_dk": 9,
            "atleastone_correct": 566,
            "all_correct": 566,
            "total_correct": 566,
            "atleastone_DK": 28,
            "all_DK": 28,
            "total_DK": 28,
            "atleastone_correct_%": 0.6461187214611872,
            "atleastone_DK_%": 0.0319634703196347,
            "all_correct_%": 0.6461187214611872,
            "all_DK_%": 0.0319634703196347,
            "correct_and_dk_%": 0.010273972602739725,
            "total_correct_%": 0.6461187214611872,
            "total_DK_%": 0.0319634703196347
      },
      "SUM_noquestion": {
            "total_questions": 876,
            "correct_and_dk": 8,
            "atleastone_correct": 563,
            "all_correct": 563,
            "total_correct": 563,
            "atleastone_DK": 23,
            "all_DK": 23,
            "total_DK": 23,
            "atleastone_correct_%": 0.6426940639269406,
            "atleastone_DK_%": 0.026255707762557076,
            "all_correct_%": 0.6426940639269406,
            "all_DK_%": 0.026255707762557076,
            "correct_and_dk_%": 0.0091324200913242,
            "total_correct_%": 0.6426940639269406,
            "total_DK_%": 0.026255707762557076
      },
      "SUM_tatsu": {
            "total_questions": 776,
            "correct_and_dk": 5,
            "atleastone_correct": 507,
            "all_correct": 507,
            "total_correct": 507,
            "atleastone_DK": 23,
            "all_DK": 23,
            "total_DK": 23,
            "atleastone_correct_%": 0.6533505154639175,
            "atleastone_DK_%": 0.029639175257731958,
            "all_correct_%": 0.6533505154639175,
            "all_DK_%": 0.029639175257731958,
            "correct_and_dk_%": 0.006443298969072165,
            "total_correct_%": 0.6533505154639175,
            "total_DK_%": 0.029639175257731958
      },
      "dem": {
            "total_questions": 2628,
            "correct_and_dk": 14,
            "atleastone_correct": 603,
            "all_correct": 482,
            "total_correct": 1642,
            "atleastone_DK": 49,
            "all_DK": 11,
            "total_DK": 77,
            "atleastone_correct_%": 0.6883561643835616,
            "atleastone_DK_%": 0.05593607305936073,
            "all_correct_%": 0.550228310502283,
            "all_DK_%": 0.012557077625570776,
            "correct_and_dk_%": 0.01598173515981735,
            "total_correct_%": 0.6248097412480974,
            "total_DK_%": 0.029299847792998476
      },
      "repub": {
            "total_questions": 2628,
            "correct_and_dk": 26,
            "atleastone_correct": 597,
            "all_correct": 464,
            "total_correct": 1602,
            "atleastone_DK": 84,
            "all_DK": 16,
            "total_DK": 144,
            "atleastone_correct_%": 0.6815068493150684,
            "atleastone_DK_%": 0.0958904109589041,
            "all_correct_%": 0.5296803652968036,
            "all_DK_%": 0.0182648401826484,
            "correct_and_dk_%": 0.02968036529680365,
            "total_correct_%": 0.6095890410958904,
            "total_DK_%": 0.0547945205479452
      }
}