{
      "dem": {
            "total_questions": 2628,
            "correct_and_dk": 14,
            "atleastone_correct": 603,
            "all_correct": 482,
            "total_correct": 1642,
            "atleastone_DK": 47,
            "all_DK": 10,
            "total_DK": 73,
            "atleastone_correct_%": 0.6883561643835616,
            "atleastone_DK_%": 0.05365296803652968,
            "all_correct_%": 0.550228310502283,
            "all_DK_%": 0.01141552511415525,
            "correct_and_dk_%": 0.01598173515981735,
            "total_correct_%": 0.6248097412480974,
            "total_DK_%": 0.027777777777777776
      },
      "repub": {
            "total_questions": 2628,
            "correct_and_dk": 25,
            "atleastone_correct": 597,
            "all_correct": 467,
            "total_correct": 1608,
            "atleastone_DK": 80,
            "all_DK": 14,
            "total_DK": 135,
            "atleastone_correct_%": 0.6815068493150684,
            "atleastone_DK_%": 0.091324200913242,
            "all_correct_%": 0.5331050228310502,
            "all_DK_%": 0.01598173515981735,
            "correct_and_dk_%": 0.028538812785388126,
            "total_correct_%": 0.6118721461187214,
            "total_DK_%": 0.05136986301369863
      },
      "noprompt": {
            "total_questions": 2628,
            "correct_and_dk": 7,
            "atleastone_correct": 620,
            "all_correct": 509,
            "total_correct": 1708,
            "atleastone_DK": 25,
            "all_DK": 3,
            "total_DK": 33,
            "atleastone_correct_%": 0.7077625570776256,
            "atleastone_DK_%": 0.028538812785388126,
            "all_correct_%": 0.5810502283105023,
            "all_DK_%": 0.003424657534246575,
            "correct_and_dk_%": 0.007990867579908675,
            "total_correct_%": 0.649923896499239,
            "total_DK_%": 0.012557077625570776
      },
      "SUM": {
            "total_questions": 876,
            "correct_and_dk": 9,
            "atleastone_correct": 565,
            "all_correct": 565,
            "total_correct": 565,
            "atleastone_DK": 28,
            "all_DK": 28,
            "total_DK": 28,
            "atleastone_correct_%": 0.6449771689497716,
            "atleastone_DK_%": 0.0319634703196347,
            "all_correct_%": 0.6449771689497716,
            "all_DK_%": 0.0319634703196347,
            "correct_and_dk_%": 0.010273972602739725,
            "total_correct_%": 0.6449771689497716,
            "total_DK_%": 0.0319634703196347
      },
      "SUM_noquestion": {
            "total_questions": 876,
            "correct_and_dk": 7,
            "atleastone_correct": 562,
            "all_correct": 562,
            "total_correct": 562,
            "atleastone_DK": 22,
            "all_DK": 22,
            "total_DK": 22,
            "atleastone_correct_%": 0.6415525114155252,
            "atleastone_DK_%": 0.02511415525114155,
            "all_correct_%": 0.6415525114155252,
            "all_DK_%": 0.02511415525114155,
            "correct_and_dk_%": 0.007990867579908675,
            "total_correct_%": 0.6415525114155252,
            "total_DK_%": 0.02511415525114155
      },
      "SUM_tatsu": {
            "total_questions": 776,
            "correct_and_dk": 4,
            "atleastone_correct": 507,
            "all_correct": 507,
            "total_correct": 507,
            "atleastone_DK": 22,
            "all_DK": 22,
            "total_DK": 22,
            "atleastone_correct_%": 0.6533505154639175,
            "atleastone_DK_%": 0.028350515463917526,
            "all_correct_%": 0.6533505154639175,
            "all_DK_%": 0.028350515463917526,
            "correct_and_dk_%": 0.005154639175257732,
            "total_correct_%": 0.6533505154639175,
            "total_DK_%": 0.028350515463917526
      }
}