{
      "dem": {
            "total_questions": 2628,
            "correct_and_dk": 8,
            "atleastone_correct": 617,
            "all_correct": 502,
            "total_correct": 1693,
            "atleastone_DK": 27,
            "all_DK": 5,
            "total_DK": 39,
            "atleastone_correct_%": 0.704337899543379,
            "atleastone_DK_%": 0.030821917808219176,
            "all_correct_%": 0.5730593607305936,
            "all_DK_%": 0.005707762557077625,
            "correct_and_dk_%": 0.0091324200913242,
            "total_correct_%": 0.6442161339421614,
            "total_DK_%": 0.014840182648401826
      },
      "repub": {
            "total_questions": 2628,
            "correct_and_dk": 9,
            "atleastone_correct": 615,
            "all_correct": 500,
            "total_correct": 1688,
            "atleastone_DK": 32,
            "all_DK": 5,
            "total_DK": 45,
            "atleastone_correct_%": 0.702054794520548,
            "atleastone_DK_%": 0.0365296803652968,
            "all_correct_%": 0.5707762557077625,
            "all_DK_%": 0.005707762557077625,
            "correct_and_dk_%": 0.010273972602739725,
            "total_correct_%": 0.6423135464231354,
            "total_DK_%": 0.017123287671232876
      },
      "noprompt": {
            "total_questions": 2628,
            "correct_and_dk": 7,
            "atleastone_correct": 620,
            "all_correct": 509,
            "total_correct": 1708,
            "atleastone_DK": 25,
            "all_DK": 3,
            "total_DK": 33,
            "atleastone_correct_%": 0.7077625570776256,
            "atleastone_DK_%": 0.028538812785388126,
            "all_correct_%": 0.5810502283105023,
            "all_DK_%": 0.003424657534246575,
            "correct_and_dk_%": 0.007990867579908675,
            "total_correct_%": 0.649923896499239,
            "total_DK_%": 0.012557077625570776
      },
      "SUM": {
            "total_questions": 876,
            "correct_and_dk": 0,
            "atleastone_correct": 568,
            "all_correct": 568,
            "total_correct": 568,
            "atleastone_DK": 12,
            "all_DK": 12,
            "total_DK": 12,
            "atleastone_correct_%": 0.6484018264840182,
            "atleastone_DK_%": 0.0136986301369863,
            "all_correct_%": 0.6484018264840182,
            "all_DK_%": 0.0136986301369863,
            "correct_and_dk_%": 0.0,
            "total_correct_%": 0.6484018264840182,
            "total_DK_%": 0.0136986301369863
      },
      "SUM_noquestion": {
            "total_questions": 876,
            "correct_and_dk": 1,
            "atleastone_correct": 568,
            "all_correct": 568,
            "total_correct": 568,
            "atleastone_DK": 14,
            "all_DK": 14,
            "total_DK": 14,
            "atleastone_correct_%": 0.6484018264840182,
            "atleastone_DK_%": 0.01598173515981735,
            "all_correct_%": 0.6484018264840182,
            "all_DK_%": 0.01598173515981735,
            "correct_and_dk_%": 0.001141552511415525,
            "total_correct_%": 0.6484018264840182,
            "total_DK_%": 0.01598173515981735
      },
      "SUM_tatsu": {
            "total_questions": 776,
            "correct_and_dk": 0,
            "atleastone_correct": 512,
            "all_correct": 512,
            "total_correct": 512,
            "atleastone_DK": 11,
            "all_DK": 11,
            "total_DK": 11,
            "atleastone_correct_%": 0.6597938144329897,
            "atleastone_DK_%": 0.014175257731958763,
            "all_correct_%": 0.6597938144329897,
            "all_DK_%": 0.014175257731958763,
            "correct_and_dk_%": 0.0,
            "total_correct_%": 0.6597938144329897,
            "total_DK_%": 0.014175257731958763
      }
}