{
      "dem": {
            "total_questions": 2628,
            "correct_and_dk": 43,
            "atleastone_correct": 562,
            "all_correct": 421,
            "total_correct": 1485,
            "atleastone_DK": 145,
            "all_DK": 28,
            "total_DK": 239,
            "atleastone_correct_%": 0.641552511415525,
            "atleastone_DK_%": 0.16552511415525112,
            "all_correct_%": 0.4805936073059361,
            "all_DK_%": 0.0319634703196347,
            "correct_and_dk_%": 0.04908675799086758,
            "total_correct_%": 0.565068493150685,
            "total_DK_%": 0.09094368340943683
      },
      "repub": {
            "total_questions": 2628,
            "correct_and_dk": 75,
            "atleastone_correct": 549,
            "all_correct": 385,
            "total_correct": 1409,
            "atleastone_DK": 218,
            "all_DK": 47,
            "total_DK": 385,
            "atleastone_correct_%": 0.6267123287671232,
            "atleastone_DK_%": 0.24885844748858446,
            "all_correct_%": 0.4394977168949772,
            "all_DK_%": 0.05365296803652968,
            "correct_and_dk_%": 0.08561643835616438,
            "total_correct_%": 0.5361491628614916,
            "total_DK_%": 0.1464992389649924
      },
      "noprompt": {
            "total_questions": 2628,
            "correct_and_dk": 7,
            "atleastone_correct": 620,
            "all_correct": 509,
            "total_correct": 1708,
            "atleastone_DK": 25,
            "all_DK": 3,
            "total_DK": 33,
            "atleastone_correct_%": 0.7077625570776256,
            "atleastone_DK_%": 0.028538812785388126,
            "all_correct_%": 0.5810502283105023,
            "all_DK_%": 0.003424657534246575,
            "correct_and_dk_%": 0.007990867579908675,
            "total_correct_%": 0.649923896499239,
            "total_DK_%": 0.012557077625570776
      },
      "SUM": {
            "total_questions": 876,
            "correct_and_dk": 20,
            "atleastone_correct": 559,
            "all_correct": 559,
            "total_correct": 559,
            "atleastone_DK": 71,
            "all_DK": 71,
            "total_DK": 71,
            "atleastone_correct_%": 0.6381278538812786,
            "atleastone_DK_%": 0.08105022831050228,
            "all_correct_%": 0.6381278538812786,
            "all_DK_%": 0.08105022831050228,
            "correct_and_dk_%": 0.0228310502283105,
            "total_correct_%": 0.6381278538812786,
            "total_DK_%": 0.08105022831050228
      },
      "SUM_noquestion": {
            "total_questions": 876,
            "correct_and_dk": 16,
            "atleastone_correct": 539,
            "all_correct": 539,
            "total_correct": 539,
            "atleastone_DK": 45,
            "all_DK": 45,
            "total_DK": 45,
            "atleastone_correct_%": 0.615296803652968,
            "atleastone_DK_%": 0.05136986301369863,
            "all_correct_%": 0.615296803652968,
            "all_DK_%": 0.05136986301369863,
            "correct_and_dk_%": 0.0182648401826484,
            "total_correct_%": 0.615296803652968,
            "total_DK_%": 0.05136986301369863
      },
      "SUM_tatsu": {
            "total_questions": 776,
            "correct_and_dk": 8,
            "atleastone_correct": 482,
            "all_correct": 482,
            "total_correct": 482,
            "atleastone_DK": 56,
            "all_DK": 56,
            "total_DK": 56,
            "atleastone_correct_%": 0.6211340206185567,
            "atleastone_DK_%": 0.07216494845360824,
            "all_correct_%": 0.6211340206185567,
            "all_DK_%": 0.07216494845360824,
            "correct_and_dk_%": 0.010309278350515464,
            "total_correct_%": 0.6211340206185567,
            "total_DK_%": 0.07216494845360824
      }
}