{
      "dem": {
            "total_questions": 2628,
            "correct_and_dk": 9,
            "atleastone_correct": 613,
            "all_correct": 497,
            "total_correct": 1680,
            "atleastone_DK": 29,
            "all_DK": 7,
            "total_DK": 46,
            "atleastone_correct_%": 0.6997716894977168,
            "atleastone_DK_%": 0.033105022831050226,
            "all_correct_%": 0.567351598173516,
            "all_DK_%": 0.007990867579908675,
            "correct_and_dk_%": 0.010273972602739725,
            "total_correct_%": 0.639269406392694,
            "total_DK_%": 0.01750380517503805
      },
      "repub": {
            "total_questions": 2628,
            "correct_and_dk": 12,
            "atleastone_correct": 607,
            "all_correct": 490,
            "total_correct": 1659,
            "atleastone_DK": 42,
            "all_DK": 10,
            "total_DK": 69,
            "atleastone_correct_%": 0.6929223744292238,
            "atleastone_DK_%": 0.04794520547945205,
            "all_correct_%": 0.5593607305936072,
            "all_DK_%": 0.01141552511415525,
            "correct_and_dk_%": 0.0136986301369863,
            "total_correct_%": 0.6312785388127854,
            "total_DK_%": 0.026255707762557076
      },
      "noprompt": {
            "total_questions": 2628,
            "correct_and_dk": 7,
            "atleastone_correct": 620,
            "all_correct": 509,
            "total_correct": 1708,
            "atleastone_DK": 25,
            "all_DK": 3,
            "total_DK": 33,
            "atleastone_correct_%": 0.7077625570776256,
            "atleastone_DK_%": 0.028538812785388126,
            "all_correct_%": 0.5810502283105023,
            "all_DK_%": 0.003424657534246575,
            "correct_and_dk_%": 0.007990867579908675,
            "total_correct_%": 0.649923896499239,
            "total_DK_%": 0.012557077625570776
      },
      "SUM": {
            "total_questions": 876,
            "correct_and_dk": 3,
            "atleastone_correct": 566,
            "all_correct": 566,
            "total_correct": 566,
            "atleastone_DK": 17,
            "all_DK": 17,
            "total_DK": 17,
            "atleastone_correct_%": 0.6461187214611872,
            "atleastone_DK_%": 0.019406392694063926,
            "all_correct_%": 0.6461187214611872,
            "all_DK_%": 0.019406392694063926,
            "correct_and_dk_%": 0.003424657534246575,
            "total_correct_%": 0.6461187214611872,
            "total_DK_%": 0.019406392694063926
      },
      "SUM_noquestion": {
            "total_questions": 876,
            "correct_and_dk": 1,
            "atleastone_correct": 564,
            "all_correct": 564,
            "total_correct": 564,
            "atleastone_DK": 15,
            "all_DK": 15,
            "total_DK": 15,
            "atleastone_correct_%": 0.6438356164383562,
            "atleastone_DK_%": 0.017123287671232876,
            "all_correct_%": 0.6438356164383562,
            "all_DK_%": 0.017123287671232876,
            "correct_and_dk_%": 0.001141552511415525,
            "total_correct_%": 0.6438356164383562,
            "total_DK_%": 0.017123287671232876
      },
      "SUM_tatsu": {
            "total_questions": 776,
            "correct_and_dk": 0,
            "atleastone_correct": 509,
            "all_correct": 509,
            "total_correct": 509,
            "atleastone_DK": 13,
            "all_DK": 13,
            "total_DK": 13,
            "atleastone_correct_%": 0.6559278350515464,
            "atleastone_DK_%": 0.01675257731958763,
            "all_correct_%": 0.6559278350515464,
            "all_DK_%": 0.01675257731958763,
            "correct_and_dk_%": 0.0,
            "total_correct_%": 0.6559278350515464,
            "total_DK_%": 0.01675257731958763
      }
}