{
      "dem": {
            "total_questions": 2628,
            "correct_and_dk": 32,
            "atleastone_correct": 577,
            "all_correct": 442,
            "total_correct": 1537,
            "atleastone_DK": 112,
            "all_DK": 21,
            "total_DK": 181,
            "atleastone_correct_%": 0.658675799086758,
            "atleastone_DK_%": 0.1278538812785388,
            "all_correct_%": 0.504566210045662,
            "all_DK_%": 0.023972602739726026,
            "correct_and_dk_%": 0.0365296803652968,
            "total_correct_%": 0.584855403348554,
            "total_DK_%": 0.06887366818873668
      },
      "repub": {
            "total_questions": 2628,
            "correct_and_dk": 59,
            "atleastone_correct": 566,
            "all_correct": 409,
            "total_correct": 1467,
            "atleastone_DK": 170,
            "all_DK": 37,
            "total_DK": 302,
            "atleastone_correct_%": 0.6461187214611872,
            "atleastone_DK_%": 0.19406392694063926,
            "all_correct_%": 0.4668949771689498,
            "all_DK_%": 0.04223744292237443,
            "correct_and_dk_%": 0.06735159817351598,
            "total_correct_%": 0.5582191780821918,
            "total_DK_%": 0.11491628614916286
      },
      "noprompt": {
            "total_questions": 2628,
            "correct_and_dk": 7,
            "atleastone_correct": 620,
            "all_correct": 509,
            "total_correct": 1708,
            "atleastone_DK": 25,
            "all_DK": 3,
            "total_DK": 33,
            "atleastone_correct_%": 0.7077625570776256,
            "atleastone_DK_%": 0.028538812785388126,
            "all_correct_%": 0.5810502283105023,
            "all_DK_%": 0.003424657534246575,
            "correct_and_dk_%": 0.007990867579908675,
            "total_correct_%": 0.649923896499239,
            "total_DK_%": 0.012557077625570776
      },
      "SUM": {
            "total_questions": 876,
            "correct_and_dk": 18,
            "atleastone_correct": 556,
            "all_correct": 556,
            "total_correct": 556,
            "atleastone_DK": 58,
            "all_DK": 58,
            "total_DK": 58,
            "atleastone_correct_%": 0.634703196347032,
            "atleastone_DK_%": 0.06621004566210045,
            "all_correct_%": 0.634703196347032,
            "all_DK_%": 0.06621004566210045,
            "correct_and_dk_%": 0.02054794520547945,
            "total_correct_%": 0.634703196347032,
            "total_DK_%": 0.06621004566210045
      },
      "SUM_noquestion": {
            "total_questions": 876,
            "correct_and_dk": 13,
            "atleastone_correct": 544,
            "all_correct": 544,
            "total_correct": 544,
            "atleastone_DK": 37,
            "all_DK": 37,
            "total_DK": 37,
            "atleastone_correct_%": 0.6210045662100456,
            "atleastone_DK_%": 0.04223744292237443,
            "all_correct_%": 0.6210045662100456,
            "all_DK_%": 0.04223744292237443,
            "correct_and_dk_%": 0.014840182648401826,
            "total_correct_%": 0.6210045662100456,
            "total_DK_%": 0.04223744292237443
      },
      "SUM_tatsu": {
            "total_questions": 776,
            "correct_and_dk": 8,
            "atleastone_correct": 489,
            "all_correct": 489,
            "total_correct": 489,
            "atleastone_DK": 44,
            "all_DK": 44,
            "total_DK": 44,
            "atleastone_correct_%": 0.6301546391752577,
            "atleastone_DK_%": 0.05670103092783505,
            "all_correct_%": 0.6301546391752577,
            "all_DK_%": 0.05670103092783505,
            "correct_and_dk_%": 0.010309278350515464,
            "total_correct_%": 0.6301546391752577,
            "total_DK_%": 0.05670103092783505
      }
}