{
      "dem": {
            "total_questions": 2628,
            "correct_and_dk": 12,
            "atleastone_correct": 609,
            "all_correct": 488,
            "total_correct": 1660,
            "atleastone_DK": 39,
            "all_DK": 9,
            "total_DK": 61,
            "atleastone_correct_%": 0.6952054794520548,
            "atleastone_DK_%": 0.04452054794520548,
            "all_correct_%": 0.5570776255707762,
            "all_DK_%": 0.010273972602739725,
            "correct_and_dk_%": 0.0136986301369863,
            "total_correct_%": 0.6316590563165906,
            "total_DK_%": 0.023211567732115676
      },
      "repub": {
            "total_questions": 2628,
            "correct_and_dk": 16,
            "atleastone_correct": 601,
            "all_correct": 476,
            "total_correct": 1629,
            "atleastone_DK": 60,
            "all_DK": 13,
            "total_DK": 101,
            "atleastone_correct_%": 0.6860730593607306,
            "atleastone_DK_%": 0.0684931506849315,
            "all_correct_%": 0.54337899543379,
            "all_DK_%": 0.014840182648401826,
            "correct_and_dk_%": 0.0182648401826484,
            "total_correct_%": 0.6198630136986302,
            "total_DK_%": 0.03843226788432268
      },
      "noprompt": {
            "total_questions": 2628,
            "correct_and_dk": 7,
            "atleastone_correct": 620,
            "all_correct": 509,
            "total_correct": 1708,
            "atleastone_DK": 25,
            "all_DK": 3,
            "total_DK": 33,
            "atleastone_correct_%": 0.7077625570776256,
            "atleastone_DK_%": 0.028538812785388126,
            "all_correct_%": 0.5810502283105023,
            "all_DK_%": 0.003424657534246575,
            "correct_and_dk_%": 0.007990867579908675,
            "total_correct_%": 0.649923896499239,
            "total_DK_%": 0.012557077625570776
      },
      "SUM": {
            "total_questions": 876,
            "correct_and_dk": 5,
            "atleastone_correct": 566,
            "all_correct": 566,
            "total_correct": 566,
            "atleastone_DK": 22,
            "all_DK": 22,
            "total_DK": 22,
            "atleastone_correct_%": 0.6461187214611872,
            "atleastone_DK_%": 0.02511415525114155,
            "all_correct_%": 0.6461187214611872,
            "all_DK_%": 0.02511415525114155,
            "correct_and_dk_%": 0.005707762557077625,
            "total_correct_%": 0.6461187214611872,
            "total_DK_%": 0.02511415525114155
      },
      "SUM_noquestion": {
            "total_questions": 876,
            "correct_and_dk": 4,
            "atleastone_correct": 563,
            "all_correct": 563,
            "total_correct": 563,
            "atleastone_DK": 19,
            "all_DK": 19,
            "total_DK": 19,
            "atleastone_correct_%": 0.6426940639269406,
            "atleastone_DK_%": 0.021689497716894976,
            "all_correct_%": 0.6426940639269406,
            "all_DK_%": 0.021689497716894976,
            "correct_and_dk_%": 0.0045662100456621,
            "total_correct_%": 0.6426940639269406,
            "total_DK_%": 0.021689497716894976
      },
      "SUM_tatsu": {
            "total_questions": 776,
            "correct_and_dk": 3,
            "atleastone_correct": 509,
            "all_correct": 509,
            "total_correct": 509,
            "atleastone_DK": 19,
            "all_DK": 19,
            "total_DK": 19,
            "atleastone_correct_%": 0.6559278350515464,
            "atleastone_DK_%": 0.024484536082474227,
            "all_correct_%": 0.6559278350515464,
            "all_DK_%": 0.024484536082474227,
            "correct_and_dk_%": 0.003865979381443299,
            "total_correct_%": 0.6559278350515464,
            "total_DK_%": 0.024484536082474227
      }
}