{
      "dem": {
            "total_questions": 2628,
            "correct_and_dk": 77,
            "atleastone_correct": 504,
            "all_correct": 326,
            "total_correct": 1264,
            "atleastone_DK": 275,
            "all_DK": 71,
            "total_DK": 493,
            "atleastone_correct_%": 0.5753424657534246,
            "atleastone_DK_%": 0.3139269406392694,
            "all_correct_%": 0.3721461187214612,
            "all_DK_%": 0.08105022831050228,
            "correct_and_dk_%": 0.08789954337899543,
            "total_correct_%": 0.4809741248097412,
            "total_DK_%": 0.1875951293759513
      },
      "repub": {
            "total_questions": 2628,
            "correct_and_dk": 109,
            "atleastone_correct": 494,
            "all_correct": 291,
            "total_correct": 1185,
            "atleastone_DK": 344,
            "all_DK": 81,
            "total_DK": 621,
            "atleastone_correct_%": 0.5639269406392694,
            "atleastone_DK_%": 0.3926940639269406,
            "all_correct_%": 0.3321917808219178,
            "all_DK_%": 0.09246575342465753,
            "correct_and_dk_%": 0.12442922374429223,
            "total_correct_%": 0.4509132420091324,
            "total_DK_%": 0.2363013698630137
      },
      "noprompt": {
            "total_questions": 2628,
            "correct_and_dk": 7,
            "atleastone_correct": 620,
            "all_correct": 509,
            "total_correct": 1708,
            "atleastone_DK": 25,
            "all_DK": 3,
            "total_DK": 33,
            "atleastone_correct_%": 0.7077625570776256,
            "atleastone_DK_%": 0.028538812785388126,
            "all_correct_%": 0.5810502283105023,
            "all_DK_%": 0.003424657534246575,
            "correct_and_dk_%": 0.007990867579908675,
            "total_correct_%": 0.649923896499239,
            "total_DK_%": 0.012557077625570776
      },
      "SUM": {
            "total_questions": 876,
            "correct_and_dk": 34,
            "atleastone_correct": 534,
            "all_correct": 534,
            "total_correct": 534,
            "atleastone_DK": 124,
            "all_DK": 124,
            "total_DK": 124,
            "atleastone_correct_%": 0.6095890410958904,
            "atleastone_DK_%": 0.1415525114155251,
            "all_correct_%": 0.6095890410958904,
            "all_DK_%": 0.1415525114155251,
            "correct_and_dk_%": 0.03881278538812785,
            "total_correct_%": 0.6095890410958904,
            "total_DK_%": 0.1415525114155251
      },
      "SUM_noquestion": {
            "total_questions": 876,
            "correct_and_dk": 24,
            "atleastone_correct": 495,
            "all_correct": 495,
            "total_correct": 495,
            "atleastone_DK": 66,
            "all_DK": 66,
            "total_DK": 66,
            "atleastone_correct_%": 0.565068493150685,
            "atleastone_DK_%": 0.07534246575342465,
            "all_correct_%": 0.565068493150685,
            "all_DK_%": 0.07534246575342465,
            "correct_and_dk_%": 0.0273972602739726,
            "total_correct_%": 0.565068493150685,
            "total_DK_%": 0.07534246575342465
      },
      "SUM_tatsu": {
            "total_questions": 776,
            "correct_and_dk": 10,
            "atleastone_correct": 429,
            "all_correct": 429,
            "total_correct": 429,
            "atleastone_DK": 107,
            "all_DK": 107,
            "total_DK": 107,
            "atleastone_correct_%": 0.5528350515463918,
            "atleastone_DK_%": 0.13788659793814434,
            "all_correct_%": 0.5528350515463918,
            "all_DK_%": 0.13788659793814434,
            "correct_and_dk_%": 0.01288659793814433,
            "total_correct_%": 0.5528350515463918,
            "total_DK_%": 0.13788659793814434
      }
}