{
      "dem": {
            "total_questions": 2628,
            "correct_and_dk": 8,
            "atleastone_correct": 616,
            "all_correct": 501,
            "total_correct": 1691,
            "atleastone_DK": 27,
            "all_DK": 6,
            "total_DK": 41,
            "atleastone_correct_%": 0.7031963470319634,
            "atleastone_DK_%": 0.030821917808219176,
            "all_correct_%": 0.571917808219178,
            "all_DK_%": 0.00684931506849315,
            "correct_and_dk_%": 0.0091324200913242,
            "total_correct_%": 0.643455098934551,
            "total_DK_%": 0.015601217656012176
      },
      "repub": {
            "total_questions": 2628,
            "correct_and_dk": 10,
            "atleastone_correct": 614,
            "all_correct": 499,
            "total_correct": 1685,
            "atleastone_DK": 33,
            "all_DK": 5,
            "total_DK": 47,
            "atleastone_correct_%": 0.7009132420091324,
            "atleastone_DK_%": 0.03767123287671233,
            "all_correct_%": 0.569634703196347,
            "all_DK_%": 0.005707762557077625,
            "correct_and_dk_%": 0.01141552511415525,
            "total_correct_%": 0.64117199391172,
            "total_DK_%": 0.017884322678843226
      },
      "noprompt": {
            "total_questions": 2628,
            "correct_and_dk": 7,
            "atleastone_correct": 620,
            "all_correct": 509,
            "total_correct": 1708,
            "atleastone_DK": 25,
            "all_DK": 3,
            "total_DK": 33,
            "atleastone_correct_%": 0.7077625570776256,
            "atleastone_DK_%": 0.028538812785388126,
            "all_correct_%": 0.5810502283105023,
            "all_DK_%": 0.003424657534246575,
            "correct_and_dk_%": 0.007990867579908675,
            "total_correct_%": 0.649923896499239,
            "total_DK_%": 0.012557077625570776
      },
      "SUM": {
            "total_questions": 876,
            "correct_and_dk": 0,
            "atleastone_correct": 568,
            "all_correct": 568,
            "total_correct": 568,
            "atleastone_DK": 12,
            "all_DK": 12,
            "total_DK": 12,
            "atleastone_correct_%": 0.6484018264840182,
            "atleastone_DK_%": 0.0136986301369863,
            "all_correct_%": 0.6484018264840182,
            "all_DK_%": 0.0136986301369863,
            "correct_and_dk_%": 0.0,
            "total_correct_%": 0.6484018264840182,
            "total_DK_%": 0.0136986301369863
      },
      "SUM_noquestion": {
            "total_questions": 876,
            "correct_and_dk": 1,
            "atleastone_correct": 568,
            "all_correct": 568,
            "total_correct": 568,
            "atleastone_DK": 15,
            "all_DK": 15,
            "total_DK": 15,
            "atleastone_correct_%": 0.6484018264840182,
            "atleastone_DK_%": 0.017123287671232876,
            "all_correct_%": 0.6484018264840182,
            "all_DK_%": 0.017123287671232876,
            "correct_and_dk_%": 0.001141552511415525,
            "total_correct_%": 0.6484018264840182,
            "total_DK_%": 0.017123287671232876
      },
      "SUM_tatsu": {
            "total_questions": 776,
            "correct_and_dk": 0,
            "atleastone_correct": 512,
            "all_correct": 512,
            "total_correct": 512,
            "atleastone_DK": 12,
            "all_DK": 12,
            "total_DK": 12,
            "atleastone_correct_%": 0.6597938144329897,
            "atleastone_DK_%": 0.015463917525773196,
            "all_correct_%": 0.6597938144329897,
            "all_DK_%": 0.015463917525773196,
            "correct_and_dk_%": 0.0,
            "total_correct_%": 0.6597938144329897,
            "total_DK_%": 0.015463917525773196
      }
}