{
      "noprompt": {
            "total_questions": 2628,
            "correct_and_dk": 7,
            "atleastone_correct": 620,
            "all_correct": 509,
            "total_correct": 1708,
            "atleastone_DK": 25,
            "all_DK": 3,
            "total_DK": 33,
            "atleastone_correct_%": 0.7077625570776256,
            "atleastone_DK_%": 0.028538812785388126,
            "all_correct_%": 0.5810502283105023,
            "all_DK_%": 0.003424657534246575,
            "correct_and_dk_%": 0.007990867579908675,
            "total_correct_%": 0.649923896499239,
            "total_DK_%": 0.012557077625570776
      },
      "SUM": {
            "total_questions": 876,
            "correct_and_dk": 4,
            "atleastone_correct": 568,
            "all_correct": 568,
            "total_correct": 568,
            "atleastone_DK": 20,
            "all_DK": 20,
            "total_DK": 20,
            "atleastone_correct_%": 0.6484018264840182,
            "atleastone_DK_%": 0.0228310502283105,
            "all_correct_%": 0.6484018264840182,
            "all_DK_%": 0.0228310502283105,
            "correct_and_dk_%": 0.0045662100456621,
            "total_correct_%": 0.6484018264840182,
            "total_DK_%": 0.0228310502283105
      },
      "SUM_noquestion": {
            "total_questions": 876,
            "correct_and_dk": 3,
            "atleastone_correct": 565,
            "all_correct": 565,
            "total_correct": 565,
            "atleastone_DK": 18,
            "all_DK": 18,
            "total_DK": 18,
            "atleastone_correct_%": 0.6449771689497716,
            "atleastone_DK_%": 0.02054794520547945,
            "all_correct_%": 0.6449771689497716,
            "all_DK_%": 0.02054794520547945,
            "correct_and_dk_%": 0.003424657534246575,
            "total_correct_%": 0.6449771689497716,
            "total_DK_%": 0.02054794520547945
      },
      "SUM_tatsu": {
            "total_questions": 776,
            "correct_and_dk": 3,
            "atleastone_correct": 511,
            "all_correct": 511,
            "total_correct": 511,
            "atleastone_DK": 18,
            "all_DK": 18,
            "total_DK": 18,
            "atleastone_correct_%": 0.6585051546391752,
            "atleastone_DK_%": 0.023195876288659795,
            "all_correct_%": 0.6585051546391752,
            "all_DK_%": 0.023195876288659795,
            "correct_and_dk_%": 0.003865979381443299,
            "total_correct_%": 0.6585051546391752,
            "total_DK_%": 0.023195876288659795
      },
      "dem": {
            "total_questions": 2628,
            "correct_and_dk": 11,
            "atleastone_correct": 611,
            "all_correct": 490,
            "total_correct": 1667,
            "atleastone_DK": 37,
            "all_DK": 9,
            "total_DK": 58,
            "atleastone_correct_%": 0.6974885844748858,
            "atleastone_DK_%": 0.04223744292237443,
            "all_correct_%": 0.5593607305936072,
            "all_DK_%": 0.010273972602739725,
            "correct_and_dk_%": 0.012557077625570776,
            "total_correct_%": 0.6343226788432268,
            "total_DK_%": 0.02207001522070015
      },
      "repub": {
            "total_questions": 2628,
            "correct_and_dk": 14,
            "atleastone_correct": 604,
            "all_correct": 480,
            "total_correct": 1641,
            "atleastone_DK": 55,
            "all_DK": 13,
            "total_DK": 93,
            "atleastone_correct_%": 0.6894977168949772,
            "atleastone_DK_%": 0.06278538812785388,
            "all_correct_%": 0.547945205479452,
            "all_DK_%": 0.014840182648401826,
            "correct_and_dk_%": 0.01598173515981735,
            "total_correct_%": 0.6244292237442922,
            "total_DK_%": 0.03538812785388128
      }
}