{
      "dem": {
            "total_questions": 2628,
            "correct_and_dk": 15,
            "atleastone_correct": 601,
            "all_correct": 479,
            "total_correct": 1635,
            "atleastone_DK": 50,
            "all_DK": 11,
            "total_DK": 79,
            "atleastone_correct_%": 0.6860730593607306,
            "atleastone_DK_%": 0.05707762557077625,
            "all_correct_%": 0.5468036529680366,
            "all_DK_%": 0.012557077625570776,
            "correct_and_dk_%": 0.017123287671232876,
            "total_correct_%": 0.6221461187214612,
            "total_DK_%": 0.030060882800608826
      },
      "repub": {
            "total_questions": 2628,
            "correct_and_dk": 29,
            "atleastone_correct": 594,
            "all_correct": 459,
            "total_correct": 1588,
            "atleastone_DK": 90,
            "all_DK": 17,
            "total_DK": 155,
            "atleastone_correct_%": 0.6780821917808219,
            "atleastone_DK_%": 0.10273972602739725,
            "all_correct_%": 0.523972602739726,
            "all_DK_%": 0.019406392694063926,
            "correct_and_dk_%": 0.033105022831050226,
            "total_correct_%": 0.604261796042618,
            "total_DK_%": 0.05898021308980213
      },
      "noprompt": {
            "total_questions": 2628,
            "correct_and_dk": 7,
            "atleastone_correct": 620,
            "all_correct": 509,
            "total_correct": 1708,
            "atleastone_DK": 25,
            "all_DK": 3,
            "total_DK": 33,
            "atleastone_correct_%": 0.7077625570776256,
            "atleastone_DK_%": 0.028538812785388126,
            "all_correct_%": 0.5810502283105023,
            "all_DK_%": 0.003424657534246575,
            "correct_and_dk_%": 0.007990867579908675,
            "total_correct_%": 0.649923896499239,
            "total_DK_%": 0.012557077625570776
      },
      "SUM": {
            "total_questions": 876,
            "correct_and_dk": 10,
            "atleastone_correct": 565,
            "all_correct": 565,
            "total_correct": 565,
            "atleastone_DK": 28,
            "all_DK": 28,
            "total_DK": 28,
            "atleastone_correct_%": 0.6449771689497716,
            "atleastone_DK_%": 0.0319634703196347,
            "all_correct_%": 0.6449771689497716,
            "all_DK_%": 0.0319634703196347,
            "correct_and_dk_%": 0.01141552511415525,
            "total_correct_%": 0.6449771689497716,
            "total_DK_%": 0.0319634703196347
      },
      "SUM_noquestion": {
            "total_questions": 876,
            "correct_and_dk": 9,
            "atleastone_correct": 563,
            "all_correct": 563,
            "total_correct": 563,
            "atleastone_DK": 23,
            "all_DK": 23,
            "total_DK": 23,
            "atleastone_correct_%": 0.6426940639269406,
            "atleastone_DK_%": 0.026255707762557076,
            "all_correct_%": 0.6426940639269406,
            "all_DK_%": 0.026255707762557076,
            "correct_and_dk_%": 0.010273972602739725,
            "total_correct_%": 0.6426940639269406,
            "total_DK_%": 0.026255707762557076
      },
      "SUM_tatsu": {
            "total_questions": 776,
            "correct_and_dk": 5,
            "atleastone_correct": 507,
            "all_correct": 507,
            "total_correct": 507,
            "atleastone_DK": 22,
            "all_DK": 22,
            "total_DK": 22,
            "atleastone_correct_%": 0.6533505154639175,
            "atleastone_DK_%": 0.028350515463917526,
            "all_correct_%": 0.6533505154639175,
            "all_DK_%": 0.028350515463917526,
            "correct_and_dk_%": 0.006443298969072165,
            "total_correct_%": 0.6533505154639175,
            "total_DK_%": 0.028350515463917526
      }
}