{
      "noprompt": {
            "total_questions": 2628,
            "correct_and_dk": 7,
            "atleastone_correct": 620,
            "all_correct": 509,
            "total_correct": 1708,
            "atleastone_DK": 25,
            "all_DK": 3,
            "total_DK": 33,
            "atleastone_correct_%": 0.7077625570776256,
            "atleastone_DK_%": 0.028538812785388126,
            "all_correct_%": 0.5810502283105023,
            "all_DK_%": 0.003424657534246575,
            "correct_and_dk_%": 0.007990867579908675,
            "total_correct_%": 0.649923896499239,
            "total_DK_%": 0.012557077625570776
      },
      "SUM": {
            "total_questions": 876,
            "correct_and_dk": 11,
            "atleastone_correct": 565,
            "all_correct": 565,
            "total_correct": 565,
            "atleastone_DK": 33,
            "all_DK": 33,
            "total_DK": 33,
            "atleastone_correct_%": 0.6449771689497716,
            "atleastone_DK_%": 0.03767123287671233,
            "all_correct_%": 0.6449771689497716,
            "all_DK_%": 0.03767123287671233,
            "correct_and_dk_%": 0.012557077625570776,
            "total_correct_%": 0.6449771689497716,
            "total_DK_%": 0.03767123287671233
      },
      "SUM_noquestion": {
            "total_questions": 876,
            "correct_and_dk": 9,
            "atleastone_correct": 557,
            "all_correct": 557,
            "total_correct": 557,
            "atleastone_DK": 24,
            "all_DK": 24,
            "total_DK": 24,
            "atleastone_correct_%": 0.6358447488584474,
            "atleastone_DK_%": 0.0273972602739726,
            "all_correct_%": 0.6358447488584474,
            "all_DK_%": 0.0273972602739726,
            "correct_and_dk_%": 0.010273972602739725,
            "total_correct_%": 0.6358447488584474,
            "total_DK_%": 0.0273972602739726
      },
      "SUM_tatsu": {
            "total_questions": 776,
            "correct_and_dk": 5,
            "atleastone_correct": 504,
            "all_correct": 504,
            "total_correct": 504,
            "atleastone_DK": 27,
            "all_DK": 27,
            "total_DK": 27,
            "atleastone_correct_%": 0.6494845360824743,
            "atleastone_DK_%": 0.03479381443298969,
            "all_correct_%": 0.6494845360824743,
            "all_DK_%": 0.03479381443298969,
            "correct_and_dk_%": 0.006443298969072165,
            "total_correct_%": 0.6494845360824743,
            "total_DK_%": 0.03479381443298969
      },
      "dem": {
            "total_questions": 2628,
            "correct_and_dk": 17,
            "atleastone_correct": 596,
            "all_correct": 470,
            "total_correct": 1614,
            "atleastone_DK": 62,
            "all_DK": 15,
            "total_DK": 99,
            "atleastone_correct_%": 0.6803652968036529,
            "atleastone_DK_%": 0.07077625570776255,
            "all_correct_%": 0.5365296803652968,
            "all_DK_%": 0.017123287671232876,
            "correct_and_dk_%": 0.019406392694063926,
            "total_correct_%": 0.6141552511415526,
            "total_DK_%": 0.03767123287671233
      },
      "repub": {
            "total_questions": 2628,
            "correct_and_dk": 38,
            "atleastone_correct": 590,
            "all_correct": 444,
            "total_correct": 1560,
            "atleastone_DK": 107,
            "all_DK": 20,
            "total_DK": 184,
            "atleastone_correct_%": 0.6735159817351598,
            "atleastone_DK_%": 0.12214611872146118,
            "all_correct_%": 0.5068493150684932,
            "all_DK_%": 0.0228310502283105,
            "correct_and_dk_%": 0.04337899543378995,
            "total_correct_%": 0.593607305936073,
            "total_DK_%": 0.0700152207001522
      }
}