{
      "noprompt": {
            "total_questions": 2628,
            "correct_and_dk": 7,
            "atleastone_correct": 620,
            "all_correct": 509,
            "total_correct": 1708,
            "atleastone_DK": 25,
            "all_DK": 3,
            "total_DK": 33,
            "atleastone_correct_%": 0.7077625570776256,
            "atleastone_DK_%": 0.028538812785388126,
            "all_correct_%": 0.5810502283105023,
            "all_DK_%": 0.003424657534246575,
            "correct_and_dk_%": 0.007990867579908675,
            "total_correct_%": 0.649923896499239,
            "total_DK_%": 0.012557077625570776
      },
      "SUM": {
            "total_questions": 876,
            "correct_and_dk": 6,
            "atleastone_correct": 566,
            "all_correct": 566,
            "total_correct": 566,
            "atleastone_DK": 23,
            "all_DK": 23,
            "total_DK": 23,
            "atleastone_correct_%": 0.6461187214611872,
            "atleastone_DK_%": 0.026255707762557076,
            "all_correct_%": 0.6461187214611872,
            "all_DK_%": 0.026255707762557076,
            "correct_and_dk_%": 0.00684931506849315,
            "total_correct_%": 0.6461187214611872,
            "total_DK_%": 0.026255707762557076
      },
      "SUM_noquestion": {
            "total_questions": 876,
            "correct_and_dk": 5,
            "atleastone_correct": 562,
            "all_correct": 562,
            "total_correct": 562,
            "atleastone_DK": 20,
            "all_DK": 20,
            "total_DK": 20,
            "atleastone_correct_%": 0.6415525114155252,
            "atleastone_DK_%": 0.0228310502283105,
            "all_correct_%": 0.6415525114155252,
            "all_DK_%": 0.0228310502283105,
            "correct_and_dk_%": 0.005707762557077625,
            "total_correct_%": 0.6415525114155252,
            "total_DK_%": 0.0228310502283105
      },
      "SUM_tatsu": {
            "total_questions": 776,
            "correct_and_dk": 4,
            "atleastone_correct": 507,
            "all_correct": 507,
            "total_correct": 507,
            "atleastone_DK": 19,
            "all_DK": 19,
            "total_DK": 19,
            "atleastone_correct_%": 0.6533505154639175,
            "atleastone_DK_%": 0.024484536082474227,
            "all_correct_%": 0.6533505154639175,
            "all_DK_%": 0.024484536082474227,
            "correct_and_dk_%": 0.005154639175257732,
            "total_correct_%": 0.6533505154639175,
            "total_DK_%": 0.024484536082474227
      },
      "dem": {
            "total_questions": 2628,
            "correct_and_dk": 12,
            "atleastone_correct": 606,
            "all_correct": 486,
            "total_correct": 1653,
            "atleastone_DK": 40,
            "all_DK": 8,
            "total_DK": 61,
            "atleastone_correct_%": 0.6917808219178082,
            "atleastone_DK_%": 0.045662100456621,
            "all_correct_%": 0.5547945205479452,
            "all_DK_%": 0.0091324200913242,
            "correct_and_dk_%": 0.0136986301369863,
            "total_correct_%": 0.6289954337899544,
            "total_DK_%": 0.023211567732115676
      },
      "repub": {
            "total_questions": 2628,
            "correct_and_dk": 17,
            "atleastone_correct": 600,
            "all_correct": 474,
            "total_correct": 1624,
            "atleastone_DK": 63,
            "all_DK": 12,
            "total_DK": 105,
            "atleastone_correct_%": 0.684931506849315,
            "atleastone_DK_%": 0.07191780821917808,
            "all_correct_%": 0.5410958904109588,
            "all_DK_%": 0.0136986301369863,
            "correct_and_dk_%": 0.019406392694063926,
            "total_correct_%": 0.6179604261796042,
            "total_DK_%": 0.03995433789954338
      }
}