{
      "noprompt": {
            "total_questions": 2628,
            "correct_and_dk": 7,
            "atleastone_correct": 620,
            "all_correct": 509,
            "total_correct": 1708,
            "atleastone_DK": 25,
            "all_DK": 3,
            "total_DK": 33,
            "atleastone_correct_%": 0.7077625570776256,
            "atleastone_DK_%": 0.028538812785388126,
            "all_correct_%": 0.5810502283105023,
            "all_DK_%": 0.003424657534246575,
            "correct_and_dk_%": 0.007990867579908675,
            "total_correct_%": 0.649923896499239,
            "total_DK_%": 0.012557077625570776
      },
      "SUM": {
            "total_questions": 876,
            "correct_and_dk": 12,
            "atleastone_correct": 564,
            "all_correct": 564,
            "total_correct": 564,
            "atleastone_DK": 36,
            "all_DK": 36,
            "total_DK": 36,
            "atleastone_correct_%": 0.6438356164383562,
            "atleastone_DK_%": 0.0410958904109589,
            "all_correct_%": 0.6438356164383562,
            "all_DK_%": 0.0410958904109589,
            "correct_and_dk_%": 0.0136986301369863,
            "total_correct_%": 0.6438356164383562,
            "total_DK_%": 0.0410958904109589
      },
      "SUM_noquestion": {
            "total_questions": 876,
            "correct_and_dk": 9,
            "atleastone_correct": 555,
            "all_correct": 555,
            "total_correct": 555,
            "atleastone_DK": 25,
            "all_DK": 25,
            "total_DK": 25,
            "atleastone_correct_%": 0.6335616438356164,
            "atleastone_DK_%": 0.028538812785388126,
            "all_correct_%": 0.6335616438356164,
            "all_DK_%": 0.028538812785388126,
            "correct_and_dk_%": 0.010273972602739725,
            "total_correct_%": 0.6335616438356164,
            "total_DK_%": 0.028538812785388126
      },
      "SUM_tatsu": {
            "total_questions": 776,
            "correct_and_dk": 5,
            "atleastone_correct": 501,
            "all_correct": 501,
            "total_correct": 501,
            "atleastone_DK": 30,
            "all_DK": 30,
            "total_DK": 30,
            "atleastone_correct_%": 0.645618556701031,
            "atleastone_DK_%": 0.03865979381443299,
            "all_correct_%": 0.645618556701031,
            "all_DK_%": 0.03865979381443299,
            "correct_and_dk_%": 0.006443298969072165,
            "total_correct_%": 0.645618556701031,
            "total_DK_%": 0.03865979381443299
      },
      "dem": {
            "total_questions": 2628,
            "correct_and_dk": 19,
            "atleastone_correct": 594,
            "all_correct": 465,
            "total_correct": 1602,
            "atleastone_DK": 67,
            "all_DK": 15,
            "total_DK": 108,
            "atleastone_correct_%": 0.6780821917808219,
            "atleastone_DK_%": 0.07648401826484018,
            "all_correct_%": 0.5308219178082192,
            "all_DK_%": 0.017123287671232876,
            "correct_and_dk_%": 0.021689497716894976,
            "total_correct_%": 0.6095890410958904,
            "total_DK_%": 0.0410958904109589
      },
      "repub": {
            "total_questions": 2628,
            "correct_and_dk": 40,
            "atleastone_correct": 586,
            "all_correct": 438,
            "total_correct": 1545,
            "atleastone_DK": 114,
            "all_DK": 22,
            "total_DK": 198,
            "atleastone_correct_%": 0.6689497716894977,
            "atleastone_DK_%": 0.13013698630136986,
            "all_correct_%": 0.5,
            "all_DK_%": 0.02511415525114155,
            "correct_and_dk_%": 0.045662100456621,
            "total_correct_%": 0.5878995433789954,
            "total_DK_%": 0.07534246575342465
      }
}