{
      "dem": {
            "total_questions": 2628,
            "correct_and_dk": 8,
            "atleastone_correct": 613,
            "all_correct": 498,
            "total_correct": 1682,
            "atleastone_DK": 28,
            "all_DK": 7,
            "total_DK": 44,
            "atleastone_correct_%": 0.6997716894977168,
            "atleastone_DK_%": 0.0319634703196347,
            "all_correct_%": 0.5684931506849314,
            "all_DK_%": 0.007990867579908675,
            "correct_and_dk_%": 0.0091324200913242,
            "total_correct_%": 0.6400304414003044,
            "total_DK_%": 0.0167427701674277
      },
      "repub": {
            "total_questions": 2628,
            "correct_and_dk": 12,
            "atleastone_correct": 608,
            "all_correct": 491,
            "total_correct": 1662,
            "atleastone_DK": 41,
            "all_DK": 9,
            "total_DK": 66,
            "atleastone_correct_%": 0.6940639269406392,
            "atleastone_DK_%": 0.04680365296803653,
            "all_correct_%": 0.5605022831050228,
            "all_DK_%": 0.010273972602739725,
            "correct_and_dk_%": 0.0136986301369863,
            "total_correct_%": 0.632420091324201,
            "total_DK_%": 0.02511415525114155
      },
      "noprompt": {
            "total_questions": 2628,
            "correct_and_dk": 7,
            "atleastone_correct": 620,
            "all_correct": 509,
            "total_correct": 1708,
            "atleastone_DK": 25,
            "all_DK": 3,
            "total_DK": 33,
            "atleastone_correct_%": 0.7077625570776256,
            "atleastone_DK_%": 0.028538812785388126,
            "all_correct_%": 0.5810502283105023,
            "all_DK_%": 0.003424657534246575,
            "correct_and_dk_%": 0.007990867579908675,
            "total_correct_%": 0.649923896499239,
            "total_DK_%": 0.012557077625570776
      },
      "SUM": {
            "total_questions": 876,
            "correct_and_dk": 3,
            "atleastone_correct": 566,
            "all_correct": 566,
            "total_correct": 566,
            "atleastone_DK": 17,
            "all_DK": 17,
            "total_DK": 17,
            "atleastone_correct_%": 0.6461187214611872,
            "atleastone_DK_%": 0.019406392694063926,
            "all_correct_%": 0.6461187214611872,
            "all_DK_%": 0.019406392694063926,
            "correct_and_dk_%": 0.003424657534246575,
            "total_correct_%": 0.6461187214611872,
            "total_DK_%": 0.019406392694063926
      },
      "SUM_noquestion": {
            "total_questions": 876,
            "correct_and_dk": 1,
            "atleastone_correct": 565,
            "all_correct": 565,
            "total_correct": 565,
            "atleastone_DK": 15,
            "all_DK": 15,
            "total_DK": 15,
            "atleastone_correct_%": 0.6449771689497716,
            "atleastone_DK_%": 0.017123287671232876,
            "all_correct_%": 0.6449771689497716,
            "all_DK_%": 0.017123287671232876,
            "correct_and_dk_%": 0.001141552511415525,
            "total_correct_%": 0.6449771689497716,
            "total_DK_%": 0.017123287671232876
      },
      "SUM_tatsu": {
            "total_questions": 776,
            "correct_and_dk": 0,
            "atleastone_correct": 509,
            "all_correct": 509,
            "total_correct": 509,
            "atleastone_DK": 13,
            "all_DK": 13,
            "total_DK": 13,
            "atleastone_correct_%": 0.6559278350515464,
            "atleastone_DK_%": 0.01675257731958763,
            "all_correct_%": 0.6559278350515464,
            "all_DK_%": 0.01675257731958763,
            "correct_and_dk_%": 0.0,
            "total_correct_%": 0.6559278350515464,
            "total_DK_%": 0.01675257731958763
      }
}