{
      "dem": {
            "dem": 19.408133485216556,
            "repub": 16.795641551767456,
            "no_prompt": 20.13714663715887
      },
      "repub": {
            "dem": 27.62684352345139,
            "repub": 20.39579856064103,
            "no_prompt": 15.467072146662634
      },
      "no_prompt": {
            "dem": 24.537053462519445,
            "repub": 21.71177205844,
            "no_prompt": 17.139972976037882
      },
      "agreeable": {
            "dem": 17.87089451193242,
            "repub": 16.54500452468804,
            "no_prompt": 16.631528354948557
      }
}