{
      "dem": {
            "dem": 27.734160922305385,
            "repub": 25.363762135300636,
            "no_prompt": 23.349404602719677
      },
      "repub": {
            "dem": 30.980168632128482,
            "repub": 27.756934708491634,
            "no_prompt": 21.338070858529072
      },
      "no_prompt": {
            "dem": 13.945690741942283,
            "repub": 14.728722678758354,
            "no_prompt": 12.090060819855657
      },
      "agreeable": {
            "dem": 24.414610880556324,
            "repub": 22.427254307406734,
            "no_prompt": 16.08920917915067
      }
}