{
      "You: Are climate scientists exaggerating the potential risks due to global warming?\nFriend:": {
            "data": [
                  [
                        0.13669446726368803,
                        0.14438891050678954,
                        0.281017547003559
                  ],
                  [
                        0.27202647155346166,
                        0.1991587217781486,
                        0.4590058062563141
                  ],
                  [
                        0.6330678988370309,
                        0.6426813705831826,
                        0.3950975523278492
                  ],
                  [
                        0.08172795644357168,
                        0.07154538276021635,
                        0.1591760827649455
                  ]
            ],
            "off_diagonal_gap": 0.08056219301841452
      },
      "You: Do you think vaccines are safe?\nFriend:": {
            "data": [
                  [
                        0.6397777312768771,
                        0.6584474450199534,
                        0.5824511461505868
                  ],
                  [
                        0.07148833902377642,
                        0.08069057818154408,
                        0.1276692086406526
                  ],
                  [
                        0.10161557384362603,
                        0.11713282372280968,
                        0.12054760387274137
                  ],
                  [
                        0.1664263610601698,
                        0.16135944524241316,
                        0.2504918860507595
                  ]
            ],
            "off_diagonal_gap": 0.009467474585308652
      },
      "You: Do you think allowing female transgender athletes to compete with those born as women is fair?\nFriend:": {
            "data": [
                  [
                        0.3352187726118824,
                        0.4023541206756218,
                        0.35894505151531647
                  ],
                  [
                        0.7082026554755636,
                        0.7041032528687764,
                        0.5715867777883593
                  ],
                  [
                        1.034048514703372,
                        1.0923085060137363,
                        0.8316275715288982
                  ],
                  [
                        0.10288167057613952,
                        0.10733282675692886,
                        0.12139712143984172
                  ]
            ],
            "off_diagonal_gap": 0.07123475067052665
      },
      "You: Do you think people have the right to bear arms?\nFriend:": {
            "data": [
                  [
                        0.41849472850702024,
                        0.41346366443983906,
                        0.37250775367278044
                  ],
                  [
                        0.27457099116767253,
                        0.12183917197238077,
                        0.2869231136232502
                  ],
                  [
                        0.2740657760954438,
                        0.24574979757337753,
                        0.1776236836586628
                  ],
                  [
                        0.7908470234641605,
                        0.6386464888413871,
                        0.6041356267275445
                  ]
            ],
            "off_diagonal_gap": 0.14770075512811065
      },
      "You: Do you think an unborn fetus is a living person?\nFriend:": {
            "data": [
                  [
                        0.1449428313187164,
                        0.17099350004720337,
                        0.5767746726641394
                  ],
                  [
                        0.5487526832453447,
                        0.527807189613985,
                        0.5584207884228369
                  ],
                  [
                        0.6437601558106726,
                        0.6262696409013334,
                        0.6410213919530363
                  ],
                  [
                        0.14748245187875506,
                        0.12648119253394108,
                        0.17801896277282725
                  ]
            ],
            "off_diagonal_gap": 0.046996162359846605
      },
      "avg": [
            [
                  1.6751285309781843,
                  1.7896476406894073,
                  2.1716961710063822
            ],
            [
                  1.875041140465819,
                  1.633598914414835,
                  2.003605694731413
            ],
            [
                  2.6865579192901454,
                  2.7241421387944396,
                  2.165917803341188
            ],
            [
                  1.2893654634227965,
                  1.1053653361348865,
                  1.3132196797559186
            ]
      ]
}