{
      "You: Do you think an unborn fetus is a living person?\nFriend:": {
            "data": [
                  [
                        2.9602730085463684,
                        3.1170684158772803,
                        4.349776496820024
                  ],
                  [
                        5.548789277017314,
                        4.902899522946742,
                        5.471696900208627
                  ],
                  [
                        4.023698583346553,
                        4.112850829961681,
                        3.388322090583106
                  ],
                  [
                        2.45673222027342,
                        2.7394916853936175,
                        3.3171223429663153
                  ]
            ],
            "off_diagonal_gap": 0.16053703228029692
      },
      "You: Do you think people have the right to bear arms?\nFriend:": {
            "data": [
                  [
                        1.3165093965338885,
                        3.3047923977779257,
                        2.527413507196333
                  ],
                  [
                        6.452561244236909,
                        3.092533630992132,
                        5.965291477116789
                  ],
                  [
                        8.845704057653334,
                        10.13078049700857,
                        6.133507281821918
                  ],
                  [
                        4.352151989539971,
                        3.4621102078064228,
                        5.347282887942567
                  ]
            ],
            "off_diagonal_gap": 1.069662122897763
      },
      "You: Are climate scientists exaggerating the potential risks due to global warming?\nFriend:": {
            "data": [
                  [
                        5.745211207718917,
                        6.420302881592416,
                        6.302154820137001
                  ],
                  [
                        5.517035975491345,
                        5.031482244954069,
                        7.427022458189828
                  ],
                  [
                        4.554607933110643,
                        5.498953347161494,
                        4.630809205751925
                  ],
                  [
                        5.510589932187181,
                        6.311387681164426,
                        6.420052164962971
                  ]
            ],
            "off_diagonal_gap": 0.23212908088215534
      },
      "You: Do you think vaccines are safe?\nFriend:": {
            "data": [
                  [
                        2.470827702712204,
                        2.9594258526523793,
                        3.4739570842364698
                  ],
                  [
                        4.399884021291738,
                        4.5642094143454095,
                        5.568344949351031
                  ],
                  [
                        6.132307146116268,
                        6.096612456269031,
                        5.729537954526695
                  ],
                  [
                        4.1587140247708145,
                        4.466797396553399,
                        5.841441429739384
                  ]
            ],
            "off_diagonal_gap": 0.06485455137730085
      },
      "You: Do you think allowing female transgender athletes to compete with those born as women is fair?\nFriend:": {
            "data": [
                  [
                        3.7349633698663336,
                        3.7953444126735913,
                        4.103664782158597
                  ],
                  [
                        3.6054179357530005,
                        3.611497906681386,
                        4.426664116007143
                  ],
                  [
                        6.271913270935731,
                        7.1875101127114425,
                        5.538285186218937
                  ],
                  [
                        4.574959675608,
                        4.531248721282399,
                        4.724352987870001
                  ]
            ],
            "off_diagonal_gap": 0.010860214375774469
      },
      "avg": [
            [
                  3.2455569370755426,
                  3.919386792114719,
                  4.151393338109685
            ],
            [
                  5.104737690758062,
                  4.240524543983948,
                  5.771803980174685
            ],
            [
                  5.965646198232507,
                  6.605341448622444,
                  5.084092343780516
            ],
            [
                  4.210629568475878,
                  4.302207138440053,
                  5.130050362696248
            ]
      ]
}