{
      "You: Miami Beach in Florida borders which ocean?\nFriend:": {
            "data": [
                  [
                        0.15400879391887465,
                        0.1267396157678,
                        0.297195597339776
                  ],
                  [
                        0.19146414560732522,
                        0.1446867871268442,
                        0.3097427470617107
                  ],
                  [
                        2.552575475541399,
                        2.5211014554899,
                        2.5972499446791377
                  ],
                  [
                        0.0,
                        0.0,
                        0.0
                  ]
            ],
            "off_diagonal_gap": 0.01950818032940632
      },
      "You: Who was Poopdeck Pappys most famous son?\nFriend:": {
            "data": [
                  [
                        0.11256798384536888,
                        0.11523736722321094,
                        0.4346897790706744
                  ],
                  [
                        0.1255798695352109,
                        0.11405222869780453,
                        0.4824245439589444
                  ],
                  [
                        1.9469937059218434,
                        1.9114928892957328,
                        1.957613865355871
                  ],
                  [
                        0.0,
                        0.0,
                        0.0
                  ]
            ],
            "off_diagonal_gap": 0.014197024215248419
      },
      "You: The Nazi regime was Germany's Third Reich; which was the first Reich?\nFriend:": {
            "data": [
                  [
                        0.09611230437129417,
                        0.10644820498279241,
                        0.08651177617118967
                  ],
                  [
                        0.08435641928679868,
                        0.08960627945882232,
                        0.07888597581657106
                  ],
                  [
                        0.45627671177749374,
                        0.44893487532755194,
                        0.43299151021885773
                  ],
                  [
                        0.0,
                        0.0,
                        0.0
                  ]
            ],
            "off_diagonal_gap": 0.0050860404394746095
      },
      "You: What was the occupation of Lovely Rita according to the song by the Beatles?\nFriend:": {
            "data": [
                  [
                        0.055710087292243776,
                        0.07307594749997305,
                        0.16348841786464824
                  ],
                  [
                        0.1262924223402787,
                        0.11030477210252936,
                        0.5659394191111439
                  ],
                  [
                        1.6038805157790643,
                        1.62017989616419,
                        1.5528220786523914
                  ],
                  [
                        0.0,
                        0.0,
                        0.0
                  ]
            ],
            "off_diagonal_gap": 0.033353510445478615
      },
      "You: At which English racecourse did two horses collapse and die in the parade ring due to electrocution, in February 2011?\nFriend:": {
            "data": [
                  [
                        0.13377041662921246,
                        0.12937413157988614,
                        0.4367918670595987
                  ],
                  [
                        0.13567199800905744,
                        0.11986779422280128,
                        0.359854286790145
                  ],
                  [
                        0.84740662831413,
                        0.794169279012138,
                        0.7654900158848866
                  ],
                  [
                        0.0,
                        0.0,
                        0.0
                  ]
            ],
            "off_diagonal_gap": 0.01140791873692984
      },
      "avg": {
            "data": [
                  [
                        0.1104339172113988,
                        0.1101750534107325,
                        0.2837354875011774
                  ],
                  [
                        0.13267297095573422,
                        0.11570357232176035,
                        0.359369394547703
                  ],
                  [
                        1.4814266074667861,
                        1.4591756790579027,
                        1.461233482958229
                  ],
                  [
                        0.0,
                        0.0,
                        0.0
                  ]
            ],
            "off_diagonal_gap": 0.01671053483330756
      }
}