{
      "noprompt": {
            "total_questions": 2628,
            "f1": 0.3931852935656759,
            "correct_and_dk": 7,
            "atleastone_correct": 647,
            "all_correct": 534,
            "total_correct": 1787,
            "exact_match_atleastone_correct": 293,
            "exact_match_all_correct": 108,
            "exact_match_total_correct": 588,
            "atleastone_DK": 25,
            "all_DK": 3,
            "total_DK": 66,
            "atleastone_correct_%": 0.7385844748858448,
            "atleastone_DK_%": 0.028538812785388126,
            "all_correct_%": 0.6095890410958904,
            "all_DK_%": 0.003424657534246575,
            "correct_and_dk_%": 0.007990867579908675,
            "total_correct_%": 0.6799847792998478,
            "total_DK_%": 0.02511415525114155,
            "exact_match_atleastone_correct_%": 0.3344748858447488,
            "exact_match_all_correct_%": 0.1232876712328767,
            "exact_match_total_correct_%": 0.2237442922374429
      },
      "SUM": {
            "total_questions": 876,
            "f1": 0.3783881372242692,
            "correct_and_dk": 2,
            "atleastone_correct": 591,
            "all_correct": 591,
            "total_correct": 591,
            "exact_match_atleastone_correct": 182,
            "exact_match_all_correct": 182,
            "exact_match_total_correct": 182,
            "atleastone_DK": 15,
            "all_DK": 15,
            "total_DK": 30,
            "atleastone_correct_%": 0.6746575342465754,
            "atleastone_DK_%": 0.017123287671232876,
            "all_correct_%": 0.6746575342465754,
            "all_DK_%": 0.017123287671232876,
            "correct_and_dk_%": 0.00228310502283105,
            "total_correct_%": 0.6746575342465754,
            "total_DK_%": 0.03424657534246575,
            "exact_match_atleastone_correct_%": 0.20776255707762556,
            "exact_match_all_correct_%": 0.20776255707762556,
            "exact_match_total_correct_%": 0.20776255707762556
      },
      "dem": {
            "total_questions": 2628,
            "f1": 0.38830022924318186,
            "correct_and_dk": 8,
            "atleastone_correct": 641,
            "all_correct": 523,
            "total_correct": 1762,
            "exact_match_atleastone_correct": 291,
            "exact_match_all_correct": 105,
            "exact_match_total_correct": 585,
            "atleastone_DK": 27,
            "all_DK": 6,
            "total_DK": 82,
            "atleastone_correct_%": 0.7317351598173516,
            "atleastone_DK_%": 0.030821917808219176,
            "all_correct_%": 0.5970319634703196,
            "all_DK_%": 0.00684931506849315,
            "correct_and_dk_%": 0.0091324200913242,
            "total_correct_%": 0.6704718417047184,
            "total_DK_%": 0.03120243531202435,
            "exact_match_atleastone_correct_%": 0.3321917808219178,
            "exact_match_all_correct_%": 0.11986301369863013,
            "exact_match_total_correct_%": 0.2226027397260274
      },
      "repub": {
            "total_questions": 2628,
            "f1": 0.3848791009902812,
            "correct_and_dk": 11,
            "atleastone_correct": 638,
            "all_correct": 521,
            "total_correct": 1754,
            "exact_match_atleastone_correct": 287,
            "exact_match_all_correct": 105,
            "exact_match_total_correct": 574,
            "atleastone_DK": 36,
            "all_DK": 7,
            "total_DK": 110,
            "atleastone_correct_%": 0.728310502283105,
            "atleastone_DK_%": 0.0410958904109589,
            "all_correct_%": 0.5947488584474886,
            "all_DK_%": 0.007990867579908675,
            "correct_and_dk_%": 0.012557077625570776,
            "total_correct_%": 0.667427701674277,
            "total_DK_%": 0.04185692541856925,
            "exact_match_atleastone_correct_%": 0.3276255707762557,
            "exact_match_all_correct_%": 0.11986301369863013,
            "exact_match_total_correct_%": 0.21841704718417046
      }
}