{
      "noprompt": {
            "total_questions": 2628,
            "f1": 0.3931852935656759,
            "correct_and_dk": 7,
            "atleastone_correct": 647,
            "all_correct": 534,
            "total_correct": 1787,
            "exact_match_atleastone_correct": 293,
            "exact_match_all_correct": 108,
            "exact_match_total_correct": 588,
            "atleastone_DK": 25,
            "all_DK": 3,
            "total_DK": 66,
            "atleastone_correct_%": 0.7385844748858448,
            "atleastone_DK_%": 0.028538812785388126,
            "all_correct_%": 0.6095890410958904,
            "all_DK_%": 0.003424657534246575,
            "correct_and_dk_%": 0.007990867579908675,
            "total_correct_%": 0.6799847792998478,
            "total_DK_%": 0.02511415525114155,
            "exact_match_atleastone_correct_%": 0.3344748858447488,
            "exact_match_all_correct_%": 0.1232876712328767,
            "exact_match_total_correct_%": 0.2237442922374429
      },
      "SUM": {
            "total_questions": 876,
            "f1": 0.3449397923458045,
            "correct_and_dk": 10,
            "atleastone_correct": 591,
            "all_correct": 591,
            "total_correct": 591,
            "exact_match_atleastone_correct": 159,
            "exact_match_all_correct": 159,
            "exact_match_total_correct": 159,
            "atleastone_DK": 28,
            "all_DK": 28,
            "total_DK": 56,
            "atleastone_correct_%": 0.6746575342465754,
            "atleastone_DK_%": 0.0319634703196347,
            "all_correct_%": 0.6746575342465754,
            "all_DK_%": 0.0319634703196347,
            "correct_and_dk_%": 0.01141552511415525,
            "total_correct_%": 0.6746575342465754,
            "total_DK_%": 0.0639269406392694,
            "exact_match_atleastone_correct_%": 0.1815068493150685,
            "exact_match_all_correct_%": 0.1815068493150685,
            "exact_match_total_correct_%": 0.1815068493150685
      },
      "dem": {
            "total_questions": 2628,
            "f1": 0.3822612018146371,
            "correct_and_dk": 14,
            "atleastone_correct": 630,
            "all_correct": 506,
            "total_correct": 1719,
            "exact_match_atleastone_correct": 291,
            "exact_match_all_correct": 105,
            "exact_match_total_correct": 587,
            "atleastone_DK": 49,
            "all_DK": 11,
            "total_DK": 154,
            "atleastone_correct_%": 0.7191780821917808,
            "atleastone_DK_%": 0.05593607305936073,
            "all_correct_%": 0.5776255707762556,
            "all_DK_%": 0.012557077625570776,
            "correct_and_dk_%": 0.01598173515981735,
            "total_correct_%": 0.6541095890410958,
            "total_DK_%": 0.05859969558599695,
            "exact_match_atleastone_correct_%": 0.3321917808219178,
            "exact_match_all_correct_%": 0.11986301369863013,
            "exact_match_total_correct_%": 0.22336377473363775
      },
      "repub": {
            "total_questions": 2628,
            "f1": 0.36668853270250007,
            "correct_and_dk": 28,
            "atleastone_correct": 624,
            "all_correct": 488,
            "total_correct": 1680,
            "exact_match_atleastone_correct": 279,
            "exact_match_all_correct": 94,
            "exact_match_total_correct": 544,
            "atleastone_DK": 84,
            "all_DK": 16,
            "total_DK": 288,
            "atleastone_correct_%": 0.7123287671232876,
            "atleastone_DK_%": 0.0958904109589041,
            "all_correct_%": 0.5570776255707762,
            "all_DK_%": 0.0182648401826484,
            "correct_and_dk_%": 0.0319634703196347,
            "total_correct_%": 0.639269406392694,
            "total_DK_%": 0.1095890410958904,
            "exact_match_atleastone_correct_%": 0.3184931506849315,
            "exact_match_all_correct_%": 0.10730593607305935,
            "exact_match_total_correct_%": 0.2070015220700152
      }
}