{
      "noprompt": {
            "total_questions": 2628,
            "f1": 0.3931852935656759,
            "correct_and_dk": 7,
            "atleastone_correct": 647,
            "all_correct": 534,
            "total_correct": 1787,
            "exact_match_atleastone_correct": 293,
            "exact_match_all_correct": 108,
            "exact_match_total_correct": 588,
            "atleastone_DK": 25,
            "all_DK": 3,
            "total_DK": 66,
            "atleastone_correct_%": 0.7385844748858448,
            "atleastone_DK_%": 0.028538812785388126,
            "all_correct_%": 0.6095890410958904,
            "all_DK_%": 0.003424657534246575,
            "correct_and_dk_%": 0.007990867579908675,
            "total_correct_%": 0.6799847792998478,
            "total_DK_%": 0.02511415525114155,
            "exact_match_atleastone_correct_%": 0.3344748858447488,
            "exact_match_all_correct_%": 0.1232876712328767,
            "exact_match_total_correct_%": 0.2237442922374429
      },
      "SUM": {
            "total_questions": 876,
            "f1": 0.3613661162540989,
            "correct_and_dk": 4,
            "atleastone_correct": 592,
            "all_correct": 592,
            "total_correct": 592,
            "exact_match_atleastone_correct": 170,
            "exact_match_all_correct": 170,
            "exact_match_total_correct": 170,
            "atleastone_DK": 20,
            "all_DK": 20,
            "total_DK": 40,
            "atleastone_correct_%": 0.6757990867579908,
            "atleastone_DK_%": 0.0228310502283105,
            "all_correct_%": 0.6757990867579908,
            "all_DK_%": 0.0228310502283105,
            "correct_and_dk_%": 0.0045662100456621,
            "total_correct_%": 0.6757990867579908,
            "total_DK_%": 0.045662100456621,
            "exact_match_atleastone_correct_%": 0.19406392694063926,
            "exact_match_all_correct_%": 0.19406392694063926,
            "exact_match_total_correct_%": 0.19406392694063926
      },
      "dem": {
            "total_questions": 2628,
            "f1": 0.3878514827965842,
            "correct_and_dk": 11,
            "atleastone_correct": 639,
            "all_correct": 514,
            "total_correct": 1746,
            "exact_match_atleastone_correct": 294,
            "exact_match_all_correct": 107,
            "exact_match_total_correct": 594,
            "atleastone_DK": 36,
            "all_DK": 9,
            "total_DK": 114,
            "atleastone_correct_%": 0.7294520547945206,
            "atleastone_DK_%": 0.0410958904109589,
            "all_correct_%": 0.5867579908675798,
            "all_DK_%": 0.010273972602739725,
            "correct_and_dk_%": 0.012557077625570776,
            "total_correct_%": 0.6643835616438356,
            "total_DK_%": 0.04337899543378995,
            "exact_match_atleastone_correct_%": 0.3356164383561644,
            "exact_match_all_correct_%": 0.12214611872146118,
            "exact_match_total_correct_%": 0.22602739726027396
      },
      "repub": {
            "total_questions": 2628,
            "f1": 0.3760169828530489,
            "correct_and_dk": 13,
            "atleastone_correct": 631,
            "all_correct": 505,
            "total_correct": 1721,
            "exact_match_atleastone_correct": 284,
            "exact_match_all_correct": 99,
            "exact_match_total_correct": 559,
            "atleastone_DK": 53,
            "all_DK": 12,
            "total_DK": 178,
            "atleastone_correct_%": 0.7203196347031964,
            "atleastone_DK_%": 0.06050228310502283,
            "all_correct_%": 0.5764840182648402,
            "all_DK_%": 0.0136986301369863,
            "correct_and_dk_%": 0.014840182648401826,
            "total_correct_%": 0.6548706240487062,
            "total_DK_%": 0.06773211567732115,
            "exact_match_atleastone_correct_%": 0.3242009132420091,
            "exact_match_all_correct_%": 0.11301369863013698,
            "exact_match_total_correct_%": 0.21270928462709285
      }
}