{
      "noprompt": {
            "total_questions": 2628,
            "f1": 0.3931852935656759,
            "correct_and_dk": 7,
            "atleastone_correct": 647,
            "all_correct": 534,
            "total_correct": 1787,
            "exact_match_atleastone_correct": 293,
            "exact_match_all_correct": 108,
            "exact_match_total_correct": 588,
            "atleastone_DK": 25,
            "all_DK": 3,
            "total_DK": 66,
            "atleastone_correct_%": 0.7385844748858448,
            "atleastone_DK_%": 0.028538812785388126,
            "all_correct_%": 0.6095890410958904,
            "all_DK_%": 0.003424657534246575,
            "correct_and_dk_%": 0.007990867579908675,
            "total_correct_%": 0.6799847792998478,
            "total_DK_%": 0.02511415525114155,
            "exact_match_atleastone_correct_%": 0.3344748858447488,
            "exact_match_all_correct_%": 0.1232876712328767,
            "exact_match_total_correct_%": 0.2237442922374429
      },
      "SUM": {
            "total_questions": 876,
            "f1": 0.3394243272426537,
            "correct_and_dk": 10,
            "atleastone_correct": 590,
            "all_correct": 590,
            "total_correct": 590,
            "exact_match_atleastone_correct": 156,
            "exact_match_all_correct": 156,
            "exact_match_total_correct": 156,
            "atleastone_DK": 27,
            "all_DK": 27,
            "total_DK": 54,
            "atleastone_correct_%": 0.6735159817351598,
            "atleastone_DK_%": 0.030821917808219176,
            "all_correct_%": 0.6735159817351598,
            "all_DK_%": 0.030821917808219176,
            "correct_and_dk_%": 0.01141552511415525,
            "total_correct_%": 0.6735159817351598,
            "total_DK_%": 0.06164383561643835,
            "exact_match_atleastone_correct_%": 0.1780821917808219,
            "exact_match_all_correct_%": 0.1780821917808219,
            "exact_match_total_correct_%": 0.1780821917808219
      },
      "dem": {
            "total_questions": 2628,
            "f1": 0.3815188658191743,
            "correct_and_dk": 14,
            "atleastone_correct": 628,
            "all_correct": 503,
            "total_correct": 1712,
            "exact_match_atleastone_correct": 291,
            "exact_match_all_correct": 106,
            "exact_match_total_correct": 589,
            "atleastone_DK": 49,
            "all_DK": 11,
            "total_DK": 154,
            "atleastone_correct_%": 0.7168949771689497,
            "atleastone_DK_%": 0.05593607305936073,
            "all_correct_%": 0.5742009132420092,
            "all_DK_%": 0.012557077625570776,
            "correct_and_dk_%": 0.01598173515981735,
            "total_correct_%": 0.6514459665144596,
            "total_DK_%": 0.05859969558599695,
            "exact_match_atleastone_correct_%": 0.3321917808219178,
            "exact_match_all_correct_%": 0.12100456621004566,
            "exact_match_total_correct_%": 0.2241248097412481
      },
      "repub": {
            "total_questions": 2628,
            "f1": 0.3651846890068756,
            "correct_and_dk": 29,
            "atleastone_correct": 622,
            "all_correct": 483,
            "total_correct": 1667,
            "exact_match_atleastone_correct": 279,
            "exact_match_all_correct": 95,
            "exact_match_total_correct": 545,
            "atleastone_DK": 87,
            "all_DK": 17,
            "total_DK": 302,
            "atleastone_correct_%": 0.7100456621004566,
            "atleastone_DK_%": 0.09931506849315068,
            "all_correct_%": 0.5513698630136986,
            "all_DK_%": 0.019406392694063926,
            "correct_and_dk_%": 0.033105022831050226,
            "total_correct_%": 0.6343226788432268,
            "total_DK_%": 0.11491628614916286,
            "exact_match_atleastone_correct_%": 0.3184931506849315,
            "exact_match_all_correct_%": 0.10844748858447488,
            "exact_match_total_correct_%": 0.2073820395738204
      }
}