{
      "noprompt": {
            "total_questions": 2628,
            "f1": 0.3931852935656759,
            "correct_and_dk": 7,
            "atleastone_correct": 647,
            "all_correct": 534,
            "total_correct": 1787,
            "exact_match_atleastone_correct": 293,
            "exact_match_all_correct": 108,
            "exact_match_total_correct": 588,
            "atleastone_DK": 25,
            "all_DK": 3,
            "total_DK": 66,
            "atleastone_correct_%": 0.7385844748858448,
            "atleastone_DK_%": 0.028538812785388126,
            "all_correct_%": 0.6095890410958904,
            "all_DK_%": 0.003424657534246575,
            "correct_and_dk_%": 0.007990867579908675,
            "total_correct_%": 0.6799847792998478,
            "total_DK_%": 0.02511415525114155,
            "exact_match_atleastone_correct_%": 0.3344748858447488,
            "exact_match_all_correct_%": 0.1232876712328767,
            "exact_match_total_correct_%": 0.2237442922374429
      },
      "SUM": {
            "total_questions": 876,
            "f1": 0.3345177893514755,
            "correct_and_dk": 12,
            "atleastone_correct": 591,
            "all_correct": 591,
            "total_correct": 591,
            "exact_match_atleastone_correct": 152,
            "exact_match_all_correct": 152,
            "exact_match_total_correct": 152,
            "atleastone_DK": 30,
            "all_DK": 30,
            "total_DK": 60,
            "atleastone_correct_%": 0.6746575342465754,
            "atleastone_DK_%": 0.03424657534246575,
            "all_correct_%": 0.6746575342465754,
            "all_DK_%": 0.03424657534246575,
            "correct_and_dk_%": 0.0136986301369863,
            "total_correct_%": 0.6746575342465754,
            "total_DK_%": 0.0684931506849315,
            "exact_match_atleastone_correct_%": 0.1735159817351598,
            "exact_match_all_correct_%": 0.1735159817351598,
            "exact_match_total_correct_%": 0.1735159817351598
      },
      "dem": {
            "total_questions": 2628,
            "f1": 0.3796203555515529,
            "correct_and_dk": 15,
            "atleastone_correct": 625,
            "all_correct": 500,
            "total_correct": 1704,
            "exact_match_atleastone_correct": 290,
            "exact_match_all_correct": 105,
            "exact_match_total_correct": 585,
            "atleastone_DK": 53,
            "all_DK": 13,
            "total_DK": 172,
            "atleastone_correct_%": 0.7134703196347032,
            "atleastone_DK_%": 0.06050228310502283,
            "all_correct_%": 0.5707762557077625,
            "all_DK_%": 0.014840182648401826,
            "correct_and_dk_%": 0.017123287671232876,
            "total_correct_%": 0.6484018264840182,
            "total_DK_%": 0.0654490106544901,
            "exact_match_atleastone_correct_%": 0.33105022831050224,
            "exact_match_all_correct_%": 0.11986301369863013,
            "exact_match_total_correct_%": 0.2226027397260274
      },
      "repub": {
            "total_questions": 2628,
            "f1": 0.3636477206304763,
            "correct_and_dk": 33,
            "atleastone_correct": 620,
            "all_correct": 479,
            "total_correct": 1658,
            "exact_match_atleastone_correct": 279,
            "exact_match_all_correct": 94,
            "exact_match_total_correct": 542,
            "atleastone_DK": 93,
            "all_DK": 18,
            "total_DK": 324,
            "atleastone_correct_%": 0.7077625570776256,
            "atleastone_DK_%": 0.10616438356164383,
            "all_correct_%": 0.5468036529680366,
            "all_DK_%": 0.02054794520547945,
            "correct_and_dk_%": 0.03767123287671233,
            "total_correct_%": 0.6308980213089802,
            "total_DK_%": 0.1232876712328767,
            "exact_match_atleastone_correct_%": 0.3184931506849315,
            "exact_match_all_correct_%": 0.10730593607305935,
            "exact_match_total_correct_%": 0.20624048706240486
      }
}