{
      "noprompt": {
            "total_questions": 2628,
            "f1": 0.3931852935656759,
            "correct_and_dk": 7,
            "atleastone_correct": 647,
            "all_correct": 534,
            "total_correct": 1787,
            "exact_match_atleastone_correct": 293,
            "exact_match_all_correct": 108,
            "exact_match_total_correct": 588,
            "atleastone_DK": 25,
            "all_DK": 3,
            "total_DK": 66,
            "atleastone_correct_%": 0.7385844748858448,
            "atleastone_DK_%": 0.028538812785388126,
            "all_correct_%": 0.6095890410958904,
            "all_DK_%": 0.003424657534246575,
            "correct_and_dk_%": 0.007990867579908675,
            "total_correct_%": 0.6799847792998478,
            "total_DK_%": 0.02511415525114155,
            "exact_match_atleastone_correct_%": 0.3344748858447488,
            "exact_match_all_correct_%": 0.1232876712328767,
            "exact_match_total_correct_%": 0.2237442922374429
      },
      "SUM": {
            "total_questions": 876,
            "f1": 0.3436805586390355,
            "correct_and_dk": 10,
            "atleastone_correct": 591,
            "all_correct": 591,
            "total_correct": 591,
            "exact_match_atleastone_correct": 158,
            "exact_match_all_correct": 158,
            "exact_match_total_correct": 158,
            "atleastone_DK": 27,
            "all_DK": 27,
            "total_DK": 54,
            "atleastone_correct_%": 0.6746575342465754,
            "atleastone_DK_%": 0.030821917808219176,
            "all_correct_%": 0.6746575342465754,
            "all_DK_%": 0.030821917808219176,
            "correct_and_dk_%": 0.01141552511415525,
            "total_correct_%": 0.6746575342465754,
            "total_DK_%": 0.06164383561643835,
            "exact_match_atleastone_correct_%": 0.18036529680365296,
            "exact_match_all_correct_%": 0.18036529680365296,
            "exact_match_total_correct_%": 0.18036529680365296
      },
      "dem": {
            "total_questions": 2628,
            "f1": 0.3822739731630249,
            "correct_and_dk": 13,
            "atleastone_correct": 629,
            "all_correct": 505,
            "total_correct": 1716,
            "exact_match_atleastone_correct": 291,
            "exact_match_all_correct": 105,
            "exact_match_total_correct": 588,
            "atleastone_DK": 48,
            "all_DK": 11,
            "total_DK": 152,
            "atleastone_correct_%": 0.7180365296803652,
            "atleastone_DK_%": 0.0547945205479452,
            "all_correct_%": 0.5764840182648402,
            "all_DK_%": 0.012557077625570776,
            "correct_and_dk_%": 0.014840182648401826,
            "total_correct_%": 0.6529680365296804,
            "total_DK_%": 0.0578386605783866,
            "exact_match_atleastone_correct_%": 0.3321917808219178,
            "exact_match_all_correct_%": 0.11986301369863013,
            "exact_match_total_correct_%": 0.2237442922374429
      },
      "repub": {
            "total_questions": 2628,
            "f1": 0.366055577377764,
            "correct_and_dk": 27,
            "atleastone_correct": 622,
            "all_correct": 486,
            "total_correct": 1673,
            "exact_match_atleastone_correct": 279,
            "exact_match_all_correct": 94,
            "exact_match_total_correct": 544,
            "atleastone_DK": 85,
            "all_DK": 17,
            "total_DK": 296,
            "atleastone_correct_%": 0.7100456621004566,
            "atleastone_DK_%": 0.09703196347031963,
            "all_correct_%": 0.5547945205479452,
            "all_DK_%": 0.019406392694063926,
            "correct_and_dk_%": 0.030821917808219176,
            "total_correct_%": 0.6366057838660578,
            "total_DK_%": 0.1126331811263318,
            "exact_match_atleastone_correct_%": 0.3184931506849315,
            "exact_match_all_correct_%": 0.10730593607305935,
            "exact_match_total_correct_%": 0.2070015220700152
      }
}