{
      "noprompt": {
            "total_questions": 2628,
            "f1": 0.3931852935656759,
            "correct_and_dk": 7,
            "atleastone_correct": 647,
            "all_correct": 534,
            "total_correct": 1787,
            "exact_match_atleastone_correct": 293,
            "exact_match_all_correct": 108,
            "exact_match_total_correct": 588,
            "atleastone_DK": 25,
            "all_DK": 3,
            "total_DK": 66,
            "atleastone_correct_%": 0.7385844748858448,
            "atleastone_DK_%": 0.028538812785388126,
            "all_correct_%": 0.6095890410958904,
            "all_DK_%": 0.003424657534246575,
            "correct_and_dk_%": 0.007990867579908675,
            "total_correct_%": 0.6799847792998478,
            "total_DK_%": 0.02511415525114155,
            "exact_match_atleastone_correct_%": 0.3344748858447488,
            "exact_match_all_correct_%": 0.1232876712328767,
            "exact_match_total_correct_%": 0.2237442922374429
      },
      "SUM": {
            "total_questions": 876,
            "f1": 0.3821416041326267,
            "correct_and_dk": 0,
            "atleastone_correct": 593,
            "all_correct": 593,
            "total_correct": 593,
            "exact_match_atleastone_correct": 184,
            "exact_match_all_correct": 184,
            "exact_match_total_correct": 184,
            "atleastone_DK": 12,
            "all_DK": 12,
            "total_DK": 24,
            "atleastone_correct_%": 0.6769406392694064,
            "atleastone_DK_%": 0.0136986301369863,
            "all_correct_%": 0.6769406392694064,
            "all_DK_%": 0.0136986301369863,
            "correct_and_dk_%": 0.0,
            "total_correct_%": 0.6769406392694064,
            "total_DK_%": 0.0273972602739726,
            "exact_match_atleastone_correct_%": 0.2100456621004566,
            "exact_match_all_correct_%": 0.2100456621004566,
            "exact_match_total_correct_%": 0.2100456621004566
      },
      "dem": {
            "total_questions": 2628,
            "f1": 0.3892732872880011,
            "correct_and_dk": 8,
            "atleastone_correct": 643,
            "all_correct": 525,
            "total_correct": 1768,
            "exact_match_atleastone_correct": 291,
            "exact_match_all_correct": 106,
            "exact_match_total_correct": 585,
            "atleastone_DK": 27,
            "all_DK": 6,
            "total_DK": 82,
            "atleastone_correct_%": 0.7340182648401826,
            "atleastone_DK_%": 0.030821917808219176,
            "all_correct_%": 0.5993150684931507,
            "all_DK_%": 0.00684931506849315,
            "correct_and_dk_%": 0.0091324200913242,
            "total_correct_%": 0.6727549467275494,
            "total_DK_%": 0.03120243531202435,
            "exact_match_atleastone_correct_%": 0.3321917808219178,
            "exact_match_all_correct_%": 0.12100456621004566,
            "exact_match_total_correct_%": 0.2226027397260274
      },
      "repub": {
            "total_questions": 2628,
            "f1": 0.3871727759437735,
            "correct_and_dk": 10,
            "atleastone_correct": 641,
            "all_correct": 524,
            "total_correct": 1764,
            "exact_match_atleastone_correct": 288,
            "exact_match_all_correct": 105,
            "exact_match_total_correct": 576,
            "atleastone_DK": 33,
            "all_DK": 5,
            "total_DK": 94,
            "atleastone_correct_%": 0.7317351598173516,
            "atleastone_DK_%": 0.03767123287671233,
            "all_correct_%": 0.5981735159817352,
            "all_DK_%": 0.005707762557077625,
            "correct_and_dk_%": 0.01141552511415525,
            "total_correct_%": 0.6712328767123288,
            "total_DK_%": 0.03576864535768645,
            "exact_match_atleastone_correct_%": 0.3287671232876712,
            "exact_match_all_correct_%": 0.11986301369863013,
            "exact_match_total_correct_%": 0.2191780821917808
      }
}