{
      "noprompt": {
            "total_questions": 2628,
            "f1": 0.3931852935656759,
            "correct_and_dk": 7,
            "atleastone_correct": 647,
            "all_correct": 534,
            "total_correct": 1787,
            "exact_match_atleastone_correct": 293,
            "exact_match_all_correct": 108,
            "exact_match_total_correct": 588,
            "atleastone_DK": 25,
            "all_DK": 3,
            "total_DK": 66,
            "atleastone_correct_%": 0.7385844748858448,
            "atleastone_DK_%": 0.028538812785388126,
            "all_correct_%": 0.6095890410958904,
            "all_DK_%": 0.003424657534246575,
            "correct_and_dk_%": 0.007990867579908675,
            "total_correct_%": 0.6799847792998478,
            "total_DK_%": 0.02511415525114155,
            "exact_match_atleastone_correct_%": 0.3344748858447488,
            "exact_match_all_correct_%": 0.1232876712328767,
            "exact_match_total_correct_%": 0.2237442922374429
      },
      "SUM": {
            "total_questions": 876,
            "f1": 0.33444644231951204,
            "correct_and_dk": 12,
            "atleastone_correct": 590,
            "all_correct": 590,
            "total_correct": 590,
            "exact_match_atleastone_correct": 152,
            "exact_match_all_correct": 152,
            "exact_match_total_correct": 152,
            "atleastone_DK": 30,
            "all_DK": 30,
            "total_DK": 60,
            "atleastone_correct_%": 0.6735159817351598,
            "atleastone_DK_%": 0.03424657534246575,
            "all_correct_%": 0.6735159817351598,
            "all_DK_%": 0.03424657534246575,
            "correct_and_dk_%": 0.0136986301369863,
            "total_correct_%": 0.6735159817351598,
            "total_DK_%": 0.0684931506849315,
            "exact_match_atleastone_correct_%": 0.1735159817351598,
            "exact_match_all_correct_%": 0.1735159817351598,
            "exact_match_total_correct_%": 0.1735159817351598
      },
      "dem": {
            "total_questions": 2628,
            "f1": 0.3796372674406109,
            "correct_and_dk": 15,
            "atleastone_correct": 626,
            "all_correct": 500,
            "total_correct": 1705,
            "exact_match_atleastone_correct": 290,
            "exact_match_all_correct": 105,
            "exact_match_total_correct": 585,
            "atleastone_DK": 52,
            "all_DK": 13,
            "total_DK": 170,
            "atleastone_correct_%": 0.7146118721461187,
            "atleastone_DK_%": 0.0593607305936073,
            "all_correct_%": 0.5707762557077625,
            "all_DK_%": 0.014840182648401826,
            "correct_and_dk_%": 0.017123287671232876,
            "total_correct_%": 0.6487823439878234,
            "total_DK_%": 0.06468797564687975,
            "exact_match_atleastone_correct_%": 0.33105022831050224,
            "exact_match_all_correct_%": 0.11986301369863013,
            "exact_match_total_correct_%": 0.2226027397260274
      },
      "repub": {
            "total_questions": 2628,
            "f1": 0.36366463251953435,
            "correct_and_dk": 33,
            "atleastone_correct": 621,
            "all_correct": 479,
            "total_correct": 1659,
            "exact_match_atleastone_correct": 279,
            "exact_match_all_correct": 94,
            "exact_match_total_correct": 542,
            "atleastone_DK": 91,
            "all_DK": 18,
            "total_DK": 318,
            "atleastone_correct_%": 0.7089041095890412,
            "atleastone_DK_%": 0.10388127853881278,
            "all_correct_%": 0.5468036529680366,
            "all_DK_%": 0.02054794520547945,
            "correct_and_dk_%": 0.03767123287671233,
            "total_correct_%": 0.6312785388127854,
            "total_DK_%": 0.12100456621004566,
            "exact_match_atleastone_correct_%": 0.3184931506849315,
            "exact_match_all_correct_%": 0.10730593607305935,
            "exact_match_total_correct_%": 0.20624048706240486
      }
}