{
      "noprompt": {
            "total_questions": 2628,
            "f1": 0.3931852935656759,
            "correct_and_dk": 7,
            "atleastone_correct": 647,
            "all_correct": 534,
            "total_correct": 1787,
            "exact_match_atleastone_correct": 293,
            "exact_match_all_correct": 108,
            "exact_match_total_correct": 588,
            "atleastone_DK": 25,
            "all_DK": 3,
            "total_DK": 66,
            "atleastone_correct_%": 0.7385844748858448,
            "atleastone_DK_%": 0.028538812785388126,
            "all_correct_%": 0.6095890410958904,
            "all_DK_%": 0.003424657534246575,
            "correct_and_dk_%": 0.007990867579908675,
            "total_correct_%": 0.6799847792998478,
            "total_DK_%": 0.02511415525114155,
            "exact_match_atleastone_correct_%": 0.3344748858447488,
            "exact_match_all_correct_%": 0.1232876712328767,
            "exact_match_total_correct_%": 0.2237442922374429
      },
      "SUM": {
            "total_questions": 876,
            "f1": 0.33789706020580584,
            "correct_and_dk": 11,
            "atleastone_correct": 590,
            "all_correct": 590,
            "total_correct": 590,
            "exact_match_atleastone_correct": 155,
            "exact_match_all_correct": 155,
            "exact_match_total_correct": 155,
            "atleastone_DK": 28,
            "all_DK": 28,
            "total_DK": 56,
            "atleastone_correct_%": 0.6735159817351598,
            "atleastone_DK_%": 0.0319634703196347,
            "all_correct_%": 0.6735159817351598,
            "all_DK_%": 0.0319634703196347,
            "correct_and_dk_%": 0.012557077625570776,
            "total_correct_%": 0.6735159817351598,
            "total_DK_%": 0.0639269406392694,
            "exact_match_atleastone_correct_%": 0.1769406392694064,
            "exact_match_all_correct_%": 0.1769406392694064,
            "exact_match_total_correct_%": 0.1769406392694064
      },
      "dem": {
            "total_questions": 2628,
            "f1": 0.38148533185716843,
            "correct_and_dk": 15,
            "atleastone_correct": 628,
            "all_correct": 502,
            "total_correct": 1711,
            "exact_match_atleastone_correct": 291,
            "exact_match_all_correct": 106,
            "exact_match_total_correct": 589,
            "atleastone_DK": 50,
            "all_DK": 11,
            "total_DK": 158,
            "atleastone_correct_%": 0.7168949771689497,
            "atleastone_DK_%": 0.05707762557077625,
            "all_correct_%": 0.5730593607305936,
            "all_DK_%": 0.012557077625570776,
            "correct_and_dk_%": 0.017123287671232876,
            "total_correct_%": 0.6510654490106544,
            "total_DK_%": 0.06012176560121765,
            "exact_match_atleastone_correct_%": 0.3321917808219178,
            "exact_match_all_correct_%": 0.12100456621004566,
            "exact_match_total_correct_%": 0.2241248097412481
      },
      "repub": {
            "total_questions": 2628,
            "f1": 0.3653773515610205,
            "correct_and_dk": 32,
            "atleastone_correct": 621,
            "all_correct": 481,
            "total_correct": 1663,
            "exact_match_atleastone_correct": 280,
            "exact_match_all_correct": 95,
            "exact_match_total_correct": 546,
            "atleastone_DK": 91,
            "all_DK": 17,
            "total_DK": 312,
            "atleastone_correct_%": 0.7089041095890412,
            "atleastone_DK_%": 0.10388127853881278,
            "all_correct_%": 0.5490867579908676,
            "all_DK_%": 0.019406392694063926,
            "correct_and_dk_%": 0.0365296803652968,
            "total_correct_%": 0.632800608828006,
            "total_DK_%": 0.1187214611872146,
            "exact_match_atleastone_correct_%": 0.319634703196347,
            "exact_match_all_correct_%": 0.10844748858447488,
            "exact_match_total_correct_%": 0.20776255707762556
      }
}