{
      "noprompt": {
            "total_questions": 2628,
            "f1": 0.3931852935656759,
            "correct_and_dk": 7,
            "atleastone_correct": 647,
            "all_correct": 534,
            "total_correct": 1787,
            "exact_match_atleastone_correct": 293,
            "exact_match_all_correct": 108,
            "exact_match_total_correct": 588,
            "atleastone_DK": 25,
            "all_DK": 3,
            "total_DK": 66,
            "atleastone_correct_%": 0.7385844748858448,
            "atleastone_DK_%": 0.028538812785388126,
            "all_correct_%": 0.6095890410958904,
            "all_DK_%": 0.003424657534246575,
            "correct_and_dk_%": 0.007990867579908675,
            "total_correct_%": 0.6799847792998478,
            "total_DK_%": 0.02511415525114155,
            "exact_match_atleastone_correct_%": 0.3344748858447488,
            "exact_match_all_correct_%": 0.1232876712328767,
            "exact_match_total_correct_%": 0.2237442922374429
      },
      "SUM": {
            "total_questions": 876,
            "f1": 0.3545539845731553,
            "correct_and_dk": 7,
            "atleastone_correct": 591,
            "all_correct": 591,
            "total_correct": 591,
            "exact_match_atleastone_correct": 166,
            "exact_match_all_correct": 166,
            "exact_match_total_correct": 166,
            "atleastone_DK": 24,
            "all_DK": 24,
            "total_DK": 48,
            "atleastone_correct_%": 0.6746575342465754,
            "atleastone_DK_%": 0.0273972602739726,
            "all_correct_%": 0.6746575342465754,
            "all_DK_%": 0.0273972602739726,
            "correct_and_dk_%": 0.007990867579908675,
            "total_correct_%": 0.6746575342465754,
            "total_DK_%": 0.0547945205479452,
            "exact_match_atleastone_correct_%": 0.18949771689497716,
            "exact_match_all_correct_%": 0.18949771689497716,
            "exact_match_total_correct_%": 0.18949771689497716
      },
      "dem": {
            "total_questions": 2628,
            "f1": 0.3841648168939343,
            "correct_and_dk": 12,
            "atleastone_correct": 634,
            "all_correct": 510,
            "total_correct": 1731,
            "exact_match_atleastone_correct": 290,
            "exact_match_all_correct": 107,
            "exact_match_total_correct": 588,
            "atleastone_DK": 41,
            "all_DK": 9,
            "total_DK": 128,
            "atleastone_correct_%": 0.7237442922374429,
            "atleastone_DK_%": 0.04680365296803653,
            "all_correct_%": 0.5821917808219178,
            "all_DK_%": 0.010273972602739725,
            "correct_and_dk_%": 0.0136986301369863,
            "total_correct_%": 0.658675799086758,
            "total_DK_%": 0.0487062404870624,
            "exact_match_atleastone_correct_%": 0.33105022831050224,
            "exact_match_all_correct_%": 0.12214611872146118,
            "exact_match_total_correct_%": 0.2237442922374429
      },
      "repub": {
            "total_questions": 2628,
            "f1": 0.37098327981904805,
            "correct_and_dk": 18,
            "atleastone_correct": 627,
            "all_correct": 498,
            "total_correct": 1701,
            "exact_match_atleastone_correct": 280,
            "exact_match_all_correct": 98,
            "exact_match_total_correct": 551,
            "atleastone_DK": 63,
            "all_DK": 13,
            "total_DK": 212,
            "atleastone_correct_%": 0.7157534246575342,
            "atleastone_DK_%": 0.07191780821917808,
            "all_correct_%": 0.5684931506849314,
            "all_DK_%": 0.014840182648401826,
            "correct_and_dk_%": 0.02054794520547945,
            "total_correct_%": 0.6472602739726028,
            "total_DK_%": 0.0806697108066971,
            "exact_match_atleastone_correct_%": 0.319634703196347,
            "exact_match_all_correct_%": 0.11187214611872145,
            "exact_match_total_correct_%": 0.20966514459665145
      }
}