{
      "noprompt": {
            "total_questions": 2628,
            "f1": 0.3931852935656759,
            "correct_and_dk": 7,
            "atleastone_correct": 647,
            "all_correct": 534,
            "total_correct": 1787,
            "exact_match_atleastone_correct": 293,
            "exact_match_all_correct": 108,
            "exact_match_total_correct": 588,
            "atleastone_DK": 25,
            "all_DK": 3,
            "total_DK": 66,
            "atleastone_correct_%": 0.7385844748858448,
            "atleastone_DK_%": 0.028538812785388126,
            "all_correct_%": 0.6095890410958904,
            "all_DK_%": 0.003424657534246575,
            "correct_and_dk_%": 0.007990867579908675,
            "total_correct_%": 0.6799847792998478,
            "total_DK_%": 0.02511415525114155,
            "exact_match_atleastone_correct_%": 0.3344748858447488,
            "exact_match_all_correct_%": 0.1232876712328767,
            "exact_match_total_correct_%": 0.2237442922374429
      },
      "SUM": {
            "total_questions": 876,
            "f1": 0.35358874105425964,
            "correct_and_dk": 7,
            "atleastone_correct": 591,
            "all_correct": 591,
            "total_correct": 591,
            "exact_match_atleastone_correct": 166,
            "exact_match_all_correct": 166,
            "exact_match_total_correct": 166,
            "atleastone_DK": 23,
            "all_DK": 23,
            "total_DK": 46,
            "atleastone_correct_%": 0.6746575342465754,
            "atleastone_DK_%": 0.026255707762557076,
            "all_correct_%": 0.6746575342465754,
            "all_DK_%": 0.026255707762557076,
            "correct_and_dk_%": 0.007990867579908675,
            "total_correct_%": 0.6746575342465754,
            "total_DK_%": 0.05251141552511415,
            "exact_match_atleastone_correct_%": 0.18949771689497716,
            "exact_match_all_correct_%": 0.18949771689497716,
            "exact_match_total_correct_%": 0.18949771689497716
      },
      "dem": {
            "total_questions": 2628,
            "f1": 0.3841623736325428,
            "correct_and_dk": 12,
            "atleastone_correct": 632,
            "all_correct": 510,
            "total_correct": 1728,
            "exact_match_atleastone_correct": 291,
            "exact_match_all_correct": 107,
            "exact_match_total_correct": 589,
            "atleastone_DK": 41,
            "all_DK": 8,
            "total_DK": 124,
            "atleastone_correct_%": 0.7214611872146118,
            "atleastone_DK_%": 0.04680365296803653,
            "all_correct_%": 0.5821917808219178,
            "all_DK_%": 0.0091324200913242,
            "correct_and_dk_%": 0.0136986301369863,
            "total_correct_%": 0.6575342465753424,
            "total_DK_%": 0.0471841704718417,
            "exact_match_atleastone_correct_%": 0.3321917808219178,
            "exact_match_all_correct_%": 0.12214611872146118,
            "exact_match_total_correct_%": 0.2241248097412481
      },
      "repub": {
            "total_questions": 2628,
            "f1": 0.3694921675233253,
            "correct_and_dk": 20,
            "atleastone_correct": 625,
            "all_correct": 496,
            "total_correct": 1695,
            "exact_match_atleastone_correct": 278,
            "exact_match_all_correct": 98,
            "exact_match_total_correct": 547,
            "atleastone_DK": 67,
            "all_DK": 13,
            "total_DK": 228,
            "atleastone_correct_%": 0.7134703196347032,
            "atleastone_DK_%": 0.07648401826484018,
            "all_correct_%": 0.5662100456621004,
            "all_DK_%": 0.014840182648401826,
            "correct_and_dk_%": 0.0228310502283105,
            "total_correct_%": 0.6449771689497716,
            "total_DK_%": 0.0867579908675799,
            "exact_match_atleastone_correct_%": 0.317351598173516,
            "exact_match_all_correct_%": 0.11187214611872145,
            "exact_match_total_correct_%": 0.20814307458143075
      }
}