{
      "noprompt": {
            "total_questions": 2628,
            "f1": 0.3931852935656759,
            "correct_and_dk": 7,
            "atleastone_correct": 647,
            "all_correct": 534,
            "total_correct": 1787,
            "exact_match_atleastone_correct": 293,
            "exact_match_all_correct": 108,
            "exact_match_total_correct": 588,
            "atleastone_DK": 25,
            "all_DK": 3,
            "total_DK": 66,
            "atleastone_correct_%": 0.7385844748858448,
            "atleastone_DK_%": 0.028538812785388126,
            "all_correct_%": 0.6095890410958904,
            "all_DK_%": 0.003424657534246575,
            "correct_and_dk_%": 0.007990867579908675,
            "total_correct_%": 0.6799847792998478,
            "total_DK_%": 0.02511415525114155,
            "exact_match_atleastone_correct_%": 0.3344748858447488,
            "exact_match_all_correct_%": 0.1232876712328767,
            "exact_match_total_correct_%": 0.2237442922374429
      },
      "SUM": {
            "total_questions": 876,
            "f1": 0.3602435684073105,
            "correct_and_dk": 4,
            "atleastone_correct": 592,
            "all_correct": 592,
            "total_correct": 592,
            "exact_match_atleastone_correct": 169,
            "exact_match_all_correct": 169,
            "exact_match_total_correct": 169,
            "atleastone_DK": 21,
            "all_DK": 21,
            "total_DK": 42,
            "atleastone_correct_%": 0.6757990867579908,
            "atleastone_DK_%": 0.023972602739726026,
            "all_correct_%": 0.6757990867579908,
            "all_DK_%": 0.023972602739726026,
            "correct_and_dk_%": 0.0045662100456621,
            "total_correct_%": 0.6757990867579908,
            "total_DK_%": 0.04794520547945205,
            "exact_match_atleastone_correct_%": 0.19292237442922375,
            "exact_match_all_correct_%": 0.19292237442922375,
            "exact_match_total_correct_%": 0.19292237442922375
      },
      "dem": {
            "total_questions": 2628,
            "f1": 0.38663331571083714,
            "correct_and_dk": 11,
            "atleastone_correct": 637,
            "all_correct": 513,
            "total_correct": 1741,
            "exact_match_atleastone_correct": 293,
            "exact_match_all_correct": 107,
            "exact_match_total_correct": 592,
            "atleastone_DK": 38,
            "all_DK": 9,
            "total_DK": 120,
            "atleastone_correct_%": 0.7271689497716896,
            "atleastone_DK_%": 0.04337899543378995,
            "all_correct_%": 0.5856164383561644,
            "all_DK_%": 0.010273972602739725,
            "correct_and_dk_%": 0.012557077625570776,
            "total_correct_%": 0.6624809741248098,
            "total_DK_%": 0.045662100456621,
            "exact_match_atleastone_correct_%": 0.3344748858447488,
            "exact_match_all_correct_%": 0.12214611872146118,
            "exact_match_total_correct_%": 0.2252663622526636
      },
      "repub": {
            "total_questions": 2628,
            "f1": 0.3750609500477009,
            "correct_and_dk": 14,
            "atleastone_correct": 630,
            "all_correct": 504,
            "total_correct": 1717,
            "exact_match_atleastone_correct": 283,
            "exact_match_all_correct": 99,
            "exact_match_total_correct": 557,
            "atleastone_DK": 56,
            "all_DK": 13,
            "total_DK": 188,
            "atleastone_correct_%": 0.7191780821917808,
            "atleastone_DK_%": 0.0639269406392694,
            "all_correct_%": 0.5753424657534246,
            "all_DK_%": 0.014840182648401826,
            "correct_and_dk_%": 0.01598173515981735,
            "total_correct_%": 0.6533485540334856,
            "total_DK_%": 0.0715372907153729,
            "exact_match_atleastone_correct_%": 0.3230593607305936,
            "exact_match_all_correct_%": 0.11301369863013698,
            "exact_match_total_correct_%": 0.2119482496194825
      }
}