{
      "noprompt": {
            "total_questions": 2628,
            "f1": 0.3931852935656759,
            "correct_and_dk": 7,
            "atleastone_correct": 647,
            "all_correct": 534,
            "total_correct": 1787,
            "exact_match_atleastone_correct": 293,
            "exact_match_all_correct": 108,
            "exact_match_total_correct": 588,
            "atleastone_DK": 25,
            "all_DK": 3,
            "total_DK": 66,
            "atleastone_correct_%": 0.7385844748858448,
            "atleastone_DK_%": 0.028538812785388126,
            "all_correct_%": 0.6095890410958904,
            "all_DK_%": 0.003424657534246575,
            "correct_and_dk_%": 0.007990867579908675,
            "total_correct_%": 0.6799847792998478,
            "total_DK_%": 0.02511415525114155,
            "exact_match_atleastone_correct_%": 0.3344748858447488,
            "exact_match_all_correct_%": 0.1232876712328767,
            "exact_match_total_correct_%": 0.2237442922374429
      },
      "SUM": {
            "total_questions": 876,
            "f1": 0.3478068187744748,
            "correct_and_dk": 10,
            "atleastone_correct": 591,
            "all_correct": 591,
            "total_correct": 591,
            "exact_match_atleastone_correct": 162,
            "exact_match_all_correct": 162,
            "exact_match_total_correct": 162,
            "atleastone_DK": 28,
            "all_DK": 28,
            "total_DK": 56,
            "atleastone_correct_%": 0.6746575342465754,
            "atleastone_DK_%": 0.0319634703196347,
            "all_correct_%": 0.6746575342465754,
            "all_DK_%": 0.0319634703196347,
            "correct_and_dk_%": 0.01141552511415525,
            "total_correct_%": 0.6746575342465754,
            "total_DK_%": 0.0639269406392694,
            "exact_match_atleastone_correct_%": 0.18493150684931506,
            "exact_match_all_correct_%": 0.18493150684931506,
            "exact_match_total_correct_%": 0.18493150684931506
      },
      "dem": {
            "total_questions": 2628,
            "f1": 0.38318531575244974,
            "correct_and_dk": 14,
            "atleastone_correct": 631,
            "all_correct": 507,
            "total_correct": 1722,
            "exact_match_atleastone_correct": 292,
            "exact_match_all_correct": 105,
            "exact_match_total_correct": 589,
            "atleastone_DK": 48,
            "all_DK": 10,
            "total_DK": 148,
            "atleastone_correct_%": 0.7203196347031964,
            "atleastone_DK_%": 0.0547945205479452,
            "all_correct_%": 0.5787671232876712,
            "all_DK_%": 0.01141552511415525,
            "correct_and_dk_%": 0.01598173515981735,
            "total_correct_%": 0.6552511415525114,
            "total_DK_%": 0.0563165905631659,
            "exact_match_atleastone_correct_%": 0.3333333333333333,
            "exact_match_all_correct_%": 0.11986301369863013,
            "exact_match_total_correct_%": 0.2241248097412481
      },
      "repub": {
            "total_questions": 2628,
            "f1": 0.3680475237875185,
            "correct_and_dk": 27,
            "atleastone_correct": 624,
            "all_correct": 490,
            "total_correct": 1684,
            "exact_match_atleastone_correct": 280,
            "exact_match_all_correct": 95,
            "exact_match_total_correct": 548,
            "atleastone_DK": 83,
            "all_DK": 16,
            "total_DK": 284,
            "atleastone_correct_%": 0.7123287671232876,
            "atleastone_DK_%": 0.09474885844748858,
            "all_correct_%": 0.5593607305936072,
            "all_DK_%": 0.0182648401826484,
            "correct_and_dk_%": 0.030821917808219176,
            "total_correct_%": 0.6407914764079148,
            "total_DK_%": 0.1080669710806697,
            "exact_match_atleastone_correct_%": 0.319634703196347,
            "exact_match_all_correct_%": 0.10844748858447488,
            "exact_match_total_correct_%": 0.2085235920852359
      }
}