{
      "You: Are climate scientists exaggerating the potential risks due to global warming?\nFriend:": {
            "data": [
                  [
                        0.49061007395903344,
                        0.48234649618216247,
                        0.45053348278353245
                  ],
                  [
                        0.28044805517366134,
                        0.3012497713665987,
                        0.3643310469917689
                  ],
                  [
                        0.43568503044209994,
                        0.4249612228578198,
                        0.32482458869554753
                  ],
                  [
                        0.46469552497282923,
                        0.4469237668495023,
                        0.4780453715908599
                  ]
            ],
            "off_diagonal_gap": -0.009688431323269426
      },
      "You: Do you think people have the right to bear arms?\nFriend:": {
            "data": [
                  [
                        0.36692863889330984,
                        0.4532715008021727,
                        0.38825174964574866
                  ],
                  [
                        0.34972584442137805,
                        0.24699654570406682,
                        0.3252028167235326
                  ],
                  [
                        0.3548175725735969,
                        0.17308425114548104,
                        0.20257206562582378
                  ],
                  [
                        0.3388177174825816,
                        0.35718848526301655,
                        0.33264943509570694
                  ]
            ],
            "off_diagonal_gap": 0.06302405354205805
      },
      "You: Do you think vaccines are safe?\nFriend:": {
            "data": [
                  [
                        0.5648785083816816,
                        0.5749229626383492,
                        0.6179795502438921
                  ],
                  [
                        0.390585268141566,
                        0.428616501965461,
                        0.43177279250464445
                  ],
                  [
                        0.64465503730111,
                        0.6619853572234866,
                        0.6808664159858202
                  ],
                  [
                        0.3573172639174782,
                        0.4017521254293952,
                        0.38432124441314286
                  ]
            ],
            "off_diagonal_gap": -0.009328926522409148
      },
      "You: Do you think an unborn fetus is a living person?\nFriend:": {
            "data": [
                  [
                        0.27986615496754724,
                        0.2802305007765361,
                        0.3509827985665509
                  ],
                  [
                        0.46582373924153064,
                        0.4021297414477907,
                        0.5856776902677374
                  ],
                  [
                        0.6644919010451977,
                        0.6766398717500857,
                        0.6164524032456731
                  ],
                  [
                        0.4024658194314367,
                        0.36423494847340415,
                        0.638114929661542
                  ]
            ],
            "off_diagonal_gap": 0.02135278120090961
      },
      "You: Do you think allowing female transgender athletes to compete with those born as women is fair?\nFriend:": {
            "data": [
                  [
                        0.43982055612165444,
                        0.49703716293501066,
                        0.47649386118105974
                  ],
                  [
                        0.3693060716693454,
                        0.38468177749305704,
                        0.43678096891731655
                  ],
                  [
                        0.20848537182629137,
                        0.22253392359069096,
                        0.20537175387473433
                  ],
                  [
                        0.2503669312229132,
                        0.26151086592134776,
                        0.3102945241597702
                  ]
            ],
            "off_diagonal_gap": 0.013946966996548182
      },
      "avg": {
            "data": [
                  [
                        0.7140346441077422,
                        0.7626028744447437,
                        0.7614138141402612
                  ],
                  [
                        0.6186296595491605,
                        0.5878914459923248,
                        0.7145884384683332
                  ],
                  [
                        0.7693783043960986,
                        0.7197348755225214,
                        0.6766957424758663
                  ],
                  [
                        0.6045544190090796,
                        0.6105367306455554,
                        0.7144751683070073
                  ]
            ],
            "off_diagonal_gap": 0.02643548129794574
      }
}