{
      "You: Do you think an unborn fetus is a living person?\nFriend:": {
            "data": [
                  [
                        0.18716183504057837,
                        0.19340345103088835,
                        0.20947102374924775
                  ],
                  [
                        1.1172871589844426,
                        0.30412822278270923,
                        0.7976485013153862
                  ],
                  [
                        0.07871128112949345,
                        0.07653413225827764,
                        0.08008599270744893
                  ],
                  [
                        0.11075832864716076,
                        0.11734352236075365,
                        0.18024022180287239
                  ]
            ],
            "off_diagonal_gap": 0.2731335173973478
      },
      "You: Do you think allowing female transgender athletes to compete with those born as women is fair?\nFriend:": {
            "data": [
                  [
                        0.11755671547809744,
                        0.18520032020905222,
                        0.15218293433469704
                  ],
                  [
                        0.09129692432035652,
                        0.07451021874741695,
                        0.121146366973374
                  ],
                  [
                        0.8123753497695712,
                        0.7740145342834867,
                        0.43075888752226565
                  ],
                  [
                        0.05998731358479191,
                        0.049077205809157365,
                        0.0702137759438837
                  ]
            ],
            "off_diagonal_gap": 0.028143436767964776
      },
      "You: Do you think vaccines are safe?\nFriend:": {
            "data": [
                  [
                        0.08131141568611536,
                        0.10286938671336848,
                        0.09558617193072606
                  ],
                  [
                        0.2046908866956646,
                        0.2182058072936596,
                        0.26525127071982124
                  ],
                  [
                        0.38451502729870735,
                        0.41474641718940936,
                        0.35526664887942105
                  ],
                  [
                        0.22064493477145944,
                        0.22878241629822033,
                        0.2230403169605159
                  ]
            ],
            "off_diagonal_gap": 0.002681016809752708
      },
      "You: Do you think people have the right to bear arms?\nFriend:": {
            "data": [
                  [
                        0.12538806395973906,
                        0.08766960543197153,
                        0.14970304441216153
                  ],
                  [
                        0.9905435429538745,
                        0.29025327513183197,
                        0.6864232630104534
                  ],
                  [
                        0.07351774674841625,
                        0.12068294799940395,
                        0.06235870469203399
                  ],
                  [
                        0.11827778935463458,
                        0.1152465297025579,
                        0.1441836302702566
                  ]
            ],
            "off_diagonal_gap": 0.22085726976475828
      },
      "You: Are climate scientists exaggerating the potential risks due to global warming?\nFriend:": {
            "data": [
                  [
                        0.13644169149871227,
                        0.15986076265741667,
                        0.1908018881945875
                  ],
                  [
                        0.20677078736898893,
                        0.24024604112657394,
                        0.18212525643555622
                  ],
                  [
                        0.10674475857725643,
                        0.11040570803042654,
                        0.09027530112457563
                  ],
                  [
                        0.06081088724961865,
                        0.07369009999740743,
                        0.1388008287829213
                  ]
            ],
            "off_diagonal_gap": -0.003352060866293545
      },
      "avg": {
            "data": [
                  [
                        0.21595324055441414,
                        0.24300117534756574,
                        0.2659150208738066
                  ],
                  [
                        0.870196433441109,
                        0.37578118836073054,
                        0.6841982194848636
                  ],
                  [
                        0.4852880545078148,
                        0.49879457992033466,
                        0.3395818449752484
                  ],
                  [
                        0.1901597512025551,
                        0.1947132580560322,
                        0.2521595912534833
                  ]
            ],
            "off_diagonal_gap": 0.17382105995784336
      }
}