{
      "You: Are climate scientists exaggerating the potential risks due to global warming?\nFriend:": {
            "data": [
                  [
                        0.03363088736785992,
                        0.0658972668001302,
                        0.07061057258506319
                  ],
                  [
                        0.18420039998032378,
                        0.06701791038116872,
                        0.3499569598601028
                  ],
                  [
                        0.0447562997278914,
                        0.06857944947530703,
                        0.016909633596784247
                  ],
                  [
                        0.0,
                        0.0,
                        0.0
                  ]
            ],
            "off_diagonal_gap": 0.04981628967714178
      },
      "You: Do you think an unborn fetus is a living person?\nFriend:": {
            "data": [
                  [
                        0.024157233343868358,
                        0.03294238645250927,
                        0.03525101432309227
                  ],
                  [
                        0.018893907025518283,
                        0.021265040446413468,
                        0.024694401942552006
                  ],
                  [
                        0.03703154574795169,
                        0.04306202901044562,
                        0.020846922122050617
                  ],
                  [
                        0.0,
                        0.0,
                        0.0
                  ]
            ],
            "off_diagonal_gap": 0.0021380065625819095
      },
      "You: Do you think allowing female transgender athletes to compete with those born as women is fair?\nFriend:": {
            "data": [
                  [
                        0.037112666429582164,
                        0.2407538261224739,
                        0.19734879108371645
                  ],
                  [
                        0.07824980419188815,
                        0.047654835388424716,
                        0.12613414448299806
                  ],
                  [
                        0.04021602162302855,
                        0.03754280763341281,
                        0.02996913563668893
                  ],
                  [
                        0.0,
                        0.0,
                        0.0
                  ]
            ],
            "off_diagonal_gap": 0.07807870949878506
      },
      "You: Do you think people have the right to bear arms?\nFriend:": {
            "data": [
                  [
                        0.04833914598847365,
                        0.18865618133212742,
                        0.1950401892842929
                  ],
                  [
                        0.07859019300399434,
                        0.03783039748675094,
                        0.05898329559201635
                  ],
                  [
                        0.12296200554348669,
                        0.13295787080560967,
                        0.03403852483780491
                  ],
                  [
                        0.0,
                        0.0,
                        0.0
                  ]
            ],
            "off_diagonal_gap": 0.060358943620299046
      },
      "You: Do you think vaccines are safe?\nFriend:": {
            "data": [
                  [
                        0.042244676713983964,
                        0.06267219783451317,
                        0.21169999399897743
                  ],
                  [
                        0.06570780021802614,
                        0.04826015784930305,
                        0.10820750180702023
                  ],
                  [
                        0.07970731406029902,
                        0.08364353003121044,
                        0.04312621413145843
                  ],
                  [
                        0.0,
                        0.0,
                        0.0
                  ]
            ],
            "off_diagonal_gap": 0.012625054496417428
      },
      "avg": {
            "data": [
                  [
                        0.06182820328125601,
                        0.1969739528472513,
                        0.23665018709171406
                  ],
                  [
                        0.14188070147325024,
                        0.07400944718402029,
                        0.22265876789489644
                  ],
                  [
                        0.10822439556755244,
                        0.12192856231866185,
                        0.048296810108262374
                  ],
                  [
                        0.0,
                        0.0,
                        0.0
                  ]
            ],
            "off_diagonal_gap": 0.06767233461840841
      }
}