{
      "You: Are climate scientists exaggerating the potential risks due to global warming?\nFriend:": {
            "data": [
                  [
                        0.040184276019890275,
                        0.07359511108973137,
                        0.07659512515426327
                  ],
                  [
                        0.10388491928596212,
                        0.03750066932960061,
                        0.13534318616400307
                  ],
                  [
                        0.07061780773277322,
                        0.0463311377278802,
                        0.016909633596784247
                  ],
                  [
                        0.0,
                        0.0,
                        0.0
                  ]
            ],
            "off_diagonal_gap": 0.03326502834206753
      },
      "You: Do you think an unborn fetus is a living person?\nFriend:": {
            "data": [
                  [
                        0.02263085672468389,
                        0.026589006211070187,
                        0.02766229341471267
                  ],
                  [
                        0.036044541328025426,
                        0.033731172481097756,
                        0.041976459282436235
                  ],
                  [
                        0.040471897320156665,
                        0.0410204928122681,
                        0.020846922122050617
                  ],
                  [
                        0.0,
                        0.0,
                        0.0
                  ]
            ],
            "off_diagonal_gap": 0.0020905061111046565
      },
      "You: Do you think allowing female transgender athletes to compete with those born as women is fair?\nFriend:": {
            "data": [
                  [
                        0.03737700286187723,
                        0.10702093413537257,
                        0.08826613665849095
                  ],
                  [
                        0.06487665218289221,
                        0.04864245975855647,
                        0.07603861314027302
                  ],
                  [
                        0.03717387028431049,
                        0.039753826643313304,
                        0.02996913563668893
                  ],
                  [
                        0.0,
                        0.0,
                        0.0
                  ]
            ],
            "off_diagonal_gap": 0.028626041232610366
      },
      "You: Do you think people have the right to bear arms?\nFriend:": {
            "data": [
                  [
                        0.032008789408137464,
                        0.07435787344843561,
                        0.0545756852618291
                  ],
                  [
                        0.0953419607310392,
                        0.0476131866764426,
                        0.10430419366675525
                  ],
                  [
                        0.08158792713278765,
                        0.13469192327346344,
                        0.03403852483780491
                  ],
                  [
                        0.0,
                        0.0,
                        0.0
                  ]
            ],
            "off_diagonal_gap": 0.030025952698298254
      },
      "You: Do you think vaccines are safe?\nFriend:": {
            "data": [
                  [
                        0.034599996746435505,
                        0.07715466073930298,
                        0.18535294113785045
                  ],
                  [
                        0.18818738369819382,
                        0.058067941007755516,
                        0.18241520047592225
                  ],
                  [
                        0.09207606167489385,
                        0.09445103597330415,
                        0.04312621413145843
                  ],
                  [
                        0.0,
                        0.0,
                        0.0
                  ]
            ],
            "off_diagonal_gap": 0.05755803556110193
      },
      "avg": {
            "data": [
                  [
                        0.055600307253674784,
                        0.11957252854130423,
                        0.1441507272090488
                  ],
                  [
                        0.1627784857420376,
                        0.07518514308448432,
                        0.18002588424312993
                  ],
                  [
                        0.10730918804830729,
                        0.11874947214340972,
                        0.048296810108262374
                  ],
                  [
                        0.0,
                        0.0,
                        0.0
                  ]
            ],
            "off_diagonal_gap": 0.050521854648394246
      }
}