{
      "You: Are climate scientists exaggerating the potential risks due to global warming?\nFriend:": {
            "data": [
                  [
                        0.040184276019890275,
                        0.08175088509245815,
                        0.07659512515426327
                  ],
                  [
                        0.16591272267563242,
                        0.06701791038116872,
                        0.3499569598601028
                  ],
                  [
                        0.07061780773277322,
                        0.06857944947530703,
                        0.016909633596784247
                  ],
                  [
                        0.0,
                        0.0,
                        0.0
                  ]
            ],
            "off_diagonal_gap": 0.046820473789010525
      },
      "You: Do you think an unborn fetus is a living person?\nFriend:": {
            "data": [
                  [
                        0.02263085672468389,
                        0.028227954500914552,
                        0.02766229341471267
                  ],
                  [
                        0.01834259356301019,
                        0.021265040446413468,
                        0.024694401942552006
                  ],
                  [
                        0.040471897320156665,
                        0.04306202901044562,
                        0.020846922122050617
                  ],
                  [
                        0.0,
                        0.0,
                        0.0
                  ]
            ],
            "off_diagonal_gap": 0.0008915502976091285
      },
      "You: Do you think allowing female transgender athletes to compete with those born as women is fair?\nFriend:": {
            "data": [
                  [
                        0.03737700286187723,
                        0.0954778005446933,
                        0.08826613665849095
                  ],
                  [
                        0.08014863006810488,
                        0.047654835388424716,
                        0.12613414448299806
                  ],
                  [
                        0.03717387028431049,
                        0.03754280763341281,
                        0.02996913563668893
                  ],
                  [
                        0.0,
                        0.0,
                        0.0
                  ]
            ],
            "off_diagonal_gap": 0.030198197454165417
      },
      "You: Do you think people have the right to bear arms?\nFriend:": {
            "data": [
                  [
                        0.032008789408137464,
                        0.08231542565243283,
                        0.0545756852618291
                  ],
                  [
                        0.05668266083517385,
                        0.03783039748675094,
                        0.05898329559201635
                  ],
                  [
                        0.08158792713278765,
                        0.13295787080560967,
                        0.03403852483780491
                  ],
                  [
                        0.0,
                        0.0,
                        0.0
                  ]
            ],
            "off_diagonal_gap": 0.023052966530906084
      },
      "You: Do you think vaccines are safe?\nFriend:": {
            "data": [
                  [
                        0.034599996746435505,
                        0.0702260601698104,
                        0.18535294113785045
                  ],
                  [
                        0.1024020649625966,
                        0.04826015784930305,
                        0.10820750180702023
                  ],
                  [
                        0.09207606167489385,
                        0.08364353003121044,
                        0.04312621413145843
                  ],
                  [
                        0.0,
                        0.0,
                        0.0
                  ]
            ],
            "off_diagonal_gap": 0.029922656845556152
      },
      "avg": {
            "data": [
                  [
                        0.055600307253674784,
                        0.1193327086534364,
                        0.1441507272090488
                  ],
                  [
                        0.14116289070150598,
                        0.07400944718402029,
                        0.22265876789489644
                  ],
                  [
                        0.10730918804830729,
                        0.12192856231866185,
                        0.048296810108262374
                  ],
                  [
                        0.0,
                        0.0,
                        0.0
                  ]
            ],
            "off_diagonal_gap": 0.04362861497241577
      }
}