{
      "You: Are climate scientists exaggerating the potential risks due to global warming?\nFriend:": {
            "data": [
                  [
                        0.03363088736785992,
                        0.04887506161076975,
                        0.07061057258506319
                  ],
                  [
                        0.12284885670687246,
                        0.03750066932960061,
                        0.13534318616400307
                  ],
                  [
                        0.0447562997278914,
                        0.0463311377278802,
                        0.016909633596784247
                  ],
                  [
                        0.0,
                        0.0,
                        0.0
                  ]
            ],
            "off_diagonal_gap": 0.03353078720672723
      },
      "You: Do you think an unborn fetus is a living person?\nFriend:": {
            "data": [
                  [
                        0.024157233343868358,
                        0.03395831935178269,
                        0.03525101432309227
                  ],
                  [
                        0.027700761950042896,
                        0.033731172481097756,
                        0.041976459282436235
                  ],
                  [
                        0.03703154574795169,
                        0.0410204928122681,
                        0.020846922122050617
                  ],
                  [
                        0.0,
                        0.0,
                        0.0
                  ]
            ],
            "off_diagonal_gap": 0.0012568918256198232
      },
      "You: Do you think allowing female transgender athletes to compete with those born as women is fair?\nFriend:": {
            "data": [
                  [
                        0.037112666429582164,
                        0.1825556788192049,
                        0.19734879108371645
                  ],
                  [
                        0.059050113926768746,
                        0.04864245975855647,
                        0.07603861314027302
                  ],
                  [
                        0.04021602162302855,
                        0.039753826643313304,
                        0.02996913563668893
                  ],
                  [
                        0.0,
                        0.0,
                        0.0
                  ]
            ],
            "off_diagonal_gap": 0.05195022218594501
      },
      "You: Do you think people have the right to bear arms?\nFriend:": {
            "data": [
                  [
                        0.04833914598847365,
                        0.16412720468397124,
                        0.1950401892842929
                  ],
                  [
                        0.12782725199380135,
                        0.0476131866764426,
                        0.10430419366675525
                  ],
                  [
                        0.12296200554348669,
                        0.13469192327346344,
                        0.03403852483780491
                  ],
                  [
                        0.0,
                        0.0,
                        0.0
                  ]
            ],
            "off_diagonal_gap": 0.06533404133761878
      },
      "You: Do you think vaccines are safe?\nFriend:": {
            "data": [
                  [
                        0.042244676713983964,
                        0.062277240288050324,
                        0.21169999399897743
                  ],
                  [
                        0.06811107105926738,
                        0.058067941007755516,
                        0.18241520047592225
                  ],
                  [
                        0.07970731406029902,
                        0.09445103597330415,
                        0.04312621413145843
                  ],
                  [
                        0.0,
                        0.0,
                        0.0
                  ]
            ],
            "off_diagonal_gap": 0.010025231208526076
      },
      "avg": {
            "data": [
                  [
                        0.06182820328125601,
                        0.1639311682512596,
                        0.23665018709171406
                  ],
                  [
                        0.1351793518789176,
                        0.07518514308448432,
                        0.18002588424312993
                  ],
                  [
                        0.10822439556755244,
                        0.11874947214340972,
                        0.048296810108262374
                  ],
                  [
                        0.0,
                        0.0,
                        0.0
                  ]
            ],
            "off_diagonal_gap": 0.0540323912548123
      }
}