{
      "You: Do you think people have the right to bear arms?\nFriend:": {
            "data": [
                  [
                        0.09139531498764894,
                        0.2586447044285396,
                        0.341531477337795
                  ],
                  [
                        0.24971080205149015,
                        0.09791976673067515,
                        0.3852084355585128
                  ],
                  [
                        1.1087201056800349,
                        1.2281584865646846,
                        1.1368151975976601
                  ],
                  [
                        0.0,
                        0.0,
                        0.0
                  ]
            ],
            "off_diagonal_gap": 0.3190404247617057
      },
      "You: Are climate scientists exaggerating the potential risks due to global warming?\nFriend:": {
            "data": [
                  [
                        0.15359205481329838,
                        0.5743080870842832,
                        0.8225248663610885
                  ],
                  [
                        0.36954531358191817,
                        0.12161983177834913,
                        0.4251840178003402
                  ],
                  [
                        1.1517213195315181,
                        1.196867559099752,
                        1.1741991005212644
                  ],
                  [
                        0.0,
                        0.0,
                        0.0
                  ]
            ],
            "off_diagonal_gap": 0.6686415140745539
      },
      "You: Do you think allowing female transgender athletes to compete with those born as women is fair?\nFriend:": {
            "data": [
                  [
                        0.10608316853439792,
                        0.23439709431239455,
                        0.23550569485875847
                  ],
                  [
                        0.5031689879068997,
                        0.11839912434353515,
                        0.3689814963880008
                  ],
                  [
                        0.17913132649956606,
                        0.3305362831083015,
                        0.292457711460772
                  ],
                  [
                        0.0,
                        0.0,
                        0.0
                  ]
            ],
            "off_diagonal_gap": 0.5130837893413611
      },
      "You: Do you think an unborn fetus is a living person?\nFriend:": {
            "data": [
                  [
                        0.1357478106819944,
                        0.4668519148785638,
                        0.682681234651227
                  ],
                  [
                        0.42493569189852826,
                        0.12547696424464072,
                        0.5467655658168532
                  ],
                  [
                        0.6338204942574484,
                        0.6411838532444203,
                        0.5415180075673334
                  ],
                  [
                        0.0,
                        0.0,
                        0.0
                  ]
            ],
            "off_diagonal_gap": 0.6305628318504569
      },
      "You: Do you think vaccines are safe?\nFriend:": {
            "data": [
                  [
                        0.06920880696851119,
                        0.3337731080130071,
                        0.3129154130637982
                  ],
                  [
                        0.7228448152838871,
                        0.09769898942782368,
                        0.8576596451331471
                  ],
                  [
                        0.5734441125896738,
                        0.6573618185258028,
                        0.6426378023095842
                  ],
                  [
                        0.0,
                        0.0,
                        0.0
                  ]
            ],
            "off_diagonal_gap": 0.8897101269005594
      },
      "avg": {
            "data": [
                  [
                        0.11120543119717016,
                        0.3735949817433576,
                        0.4790317372545334
                  ],
                  [
                        0.45404112214454473,
                        0.11222293530500478,
                        0.5167598321393708
                  ],
                  [
                        0.7293674717116483,
                        0.8108216001085923,
                        0.7575255638913228
                  ],
                  [
                        0.0,
                        0.0,
                        0.0
                  ]
            ],
            "off_diagonal_gap": 0.6042077373857273
      }
}