{
      "You: Do you think an unborn fetus is a living person?\nFriend:": {
            "data": [
                  [
                        0.1932958795818972,
                        0.4267020526829724,
                        0.31286923778371384
                  ],
                  [
                        0.09673925562557027,
                        0.06544452269913402,
                        0.10724162632072212
                  ],
                  [
                        0.07597333627619489,
                        0.05516414638867834,
                        0.07075057855272807
                  ],
                  [
                        0.0,
                        0.0,
                        0.0
                  ]
            ],
            "off_diagonal_gap": 0.2647009060275114
      },
      "You: Do you think allowing female transgender athletes to compete with those born as women is fair?\nFriend:": {
            "data": [
                  [
                        0.16778826503513514,
                        0.17748472371075108,
                        0.23697904142002726
                  ],
                  [
                        0.4315434561505162,
                        0.1171314978977286,
                        0.34069365210967006
                  ],
                  [
                        0.21621880943381705,
                        0.25317590088191233,
                        0.12677110353137608
                  ],
                  [
                        0.0,
                        0.0,
                        0.0
                  ]
            ],
            "off_diagonal_gap": 0.32410841692840364
      },
      "You: Are climate scientists exaggerating the potential risks due to global warming?\nFriend:": {
            "data": [
                  [
                        0.09397525354003983,
                        0.13489285457163463,
                        0.11974317743248093
                  ],
                  [
                        0.5783130115160495,
                        0.1432908542702983,
                        0.29374661170749417
                  ],
                  [
                        0.14673726300930914,
                        0.38414448869684786,
                        0.052091090924318455
                  ],
                  [
                        0.0,
                        0.0,
                        0.0
                  ]
            ],
            "off_diagonal_gap": 0.475939758277346
      },
      "You: Do you think vaccines are safe?\nFriend:": {
            "data": [
                  [
                        0.34352575952167685,
                        0.34401049031777853,
                        0.33800062342093046
                  ],
                  [
                        0.12353192238091101,
                        0.09613535187411212,
                        0.1204041412069449
                  ],
                  [
                        0.12718420359992014,
                        0.1578580727049791,
                        0.08064678167590646
                  ],
                  [
                        0.0,
                        0.0,
                        0.0
                  ]
            ],
            "off_diagonal_gap": 0.02788130130290059
      },
      "You: Do you think people have the right to bear arms?\nFriend:": {
            "data": [
                  [
                        0.07178639033924117,
                        0.10446798176121432,
                        0.0877655089929982
                  ],
                  [
                        0.15049153014419278,
                        0.0866232913612419,
                        0.17353635112474664
                  ],
                  [
                        0.09270988075873206,
                        0.0634093030822142,
                        0.08109111143573218
                  ],
                  [
                        0.0,
                        0.0,
                        0.0
                  ]
            ],
            "off_diagonal_gap": 0.09654983020492404
      },
      "avg": {
            "data": [
                  [
                        0.8703715480179902,
                        1.187558103044351,
                        1.0953575890501508
                  ],
                  [
                        1.3806191758172397,
                        0.508625518102515,
                        1.0356223824695778
                  ],
                  [
                        0.6588234930779733,
                        0.9137519117546318,
                        0.4113506661200612
                  ],
                  [
                        0.0,
                        0.0,
                        0.0
                  ]
            ],
            "off_diagonal_gap": 1.1891802127410855
      }
}