{
      "You: Do you think an unborn fetus is a living person?\nFriend:": {
            "data": [
                  [
                        0.1624401084290427,
                        0.2769749201396231,
                        0.5860583368566952
                  ],
                  [
                        0.6240254737693118,
                        0.10887429694510181,
                        0.3755494564012689
                  ],
                  [
                        0.0389740451269528,
                        0.04864504859296587,
                        0.07075057855272807
                  ],
                  [
                        0.0,
                        0.0,
                        0.0
                  ]
            ],
            "off_diagonal_gap": 0.6296859885347905
      },
      "You: Do you think allowing female transgender athletes to compete with those born as women is fair?\nFriend:": {
            "data": [
                  [
                        0.04963518596415201,
                        0.14925774954986365,
                        0.1931560234354018
                  ],
                  [
                        0.2922385143986864,
                        0.11253705841223945,
                        0.2572034080814486
                  ],
                  [
                        0.1878332104452614,
                        0.30494829476621144,
                        0.12677110353137608
                  ],
                  [
                        0.0,
                        0.0,
                        0.0
                  ]
            ],
            "off_diagonal_gap": 0.27932401957215863
      },
      "You: Are climate scientists exaggerating the potential risks due to global warming?\nFriend:": {
            "data": [
                  [
                        0.10153483403531127,
                        0.24269553258773593,
                        0.5023444721738174
                  ],
                  [
                        0.27206071880401134,
                        0.08587257965912505,
                        0.3902607506006109
                  ],
                  [
                        0.20303463764409094,
                        0.48910189821961697,
                        0.052091090924318455
                  ],
                  [
                        0.0,
                        0.0,
                        0.0
                  ]
            ],
            "off_diagonal_gap": 0.327348837697311
      },
      "You: Do you think vaccines are safe?\nFriend:": {
            "data": [
                  [
                        0.09449925072790441,
                        0.21869776275221386,
                        0.23239865036785365
                  ],
                  [
                        0.20111204830080756,
                        0.0941813721216589,
                        0.3217658528479502
                  ],
                  [
                        0.20914776665347423,
                        0.17698478451014873,
                        0.08064678167590646
                  ],
                  [
                        0.0,
                        0.0,
                        0.0
                  ]
            ],
            "off_diagonal_gap": 0.23112918820345807
      },
      "You: Do you think people have the right to bear arms?\nFriend:": {
            "data": [
                  [
                        0.10530443108236025,
                        0.15037873571070354,
                        0.22433699432505014
                  ],
                  [
                        0.4135213837309944,
                        0.08731974204575121,
                        0.4678592688599057
                  ],
                  [
                        0.181487222761426,
                        0.12027633721046516,
                        0.08109111143573218
                  ],
                  [
                        0.0,
                        0.0,
                        0.0
                  ]
            ],
            "off_diagonal_gap": 0.37127594631358646
      },
      "avg": {
            "data": [
                  [
                        0.5134138102387706,
                        1.03800470074014,
                        1.7382944771588182
                  ],
                  [
                        1.8029581390038114,
                        0.4887850491838764,
                        1.8126387367911843
                  ],
                  [
                        0.8204768826312054,
                        1.139956363299408,
                        0.4113506661200612
                  ],
                  [
                        0.0,
                        0.0,
                        0.0
                  ]
            ],
            "off_diagonal_gap": 1.8387639803213045
      }
}