{
      "You: Do you think an unborn fetus is a living person?\nFriend:": {
            "data": [
                  [
                        0.1932958795818972,
                        0.17183454692296984,
                        0.31286923778371384
                  ],
                  [
                        0.3412668404312724,
                        0.10887429694510181,
                        0.3755494564012689
                  ],
                  [
                        0.07597333627619489,
                        0.04864504859296587,
                        0.07075057855272807
                  ],
                  [
                        0.0,
                        0.0,
                        0.0
                  ]
            ],
            "off_diagonal_gap": 0.21093121082724325
      },
      "You: Do you think allowing female transgender athletes to compete with those born as women is fair?\nFriend:": {
            "data": [
                  [
                        0.16778826503513514,
                        0.1773717250086012,
                        0.23697904142002726
                  ],
                  [
                        0.2859912541921767,
                        0.11253705841223945,
                        0.2572034080814486
                  ],
                  [
                        0.21621880943381705,
                        0.30494829476621144,
                        0.12677110353137608
                  ],
                  [
                        0.0,
                        0.0,
                        0.0
                  ]
            ],
            "off_diagonal_gap": 0.1830376557534033
      },
      "You: Are climate scientists exaggerating the potential risks due to global warming?\nFriend:": {
            "data": [
                  [
                        0.09397525354003983,
                        0.1804741328877629,
                        0.11974317743248093
                  ],
                  [
                        0.5905548785996,
                        0.08587257965912505,
                        0.3902607506006109
                  ],
                  [
                        0.14673726300930914,
                        0.48910189821961697,
                        0.052091090924318455
                  ],
                  [
                        0.0,
                        0.0,
                        0.0
                  ]
            ],
            "off_diagonal_gap": 0.5911811782881979
      },
      "You: Do you think vaccines are safe?\nFriend:": {
            "data": [
                  [
                        0.34352575952167685,
                        0.6707262424315671,
                        0.33800062342093046
                  ],
                  [
                        0.37073088993047515,
                        0.0941813721216589,
                        0.3217658528479502
                  ],
                  [
                        0.12718420359992014,
                        0.17698478451014873,
                        0.08064678167590646
                  ],
                  [
                        0.0,
                        0.0,
                        0.0
                  ]
            ],
            "off_diagonal_gap": 0.6037500007187065
      },
      "You: Do you think people have the right to bear arms?\nFriend:": {
            "data": [
                  [
                        0.07178639033924117,
                        0.10772580839587301,
                        0.0877655089929982
                  ],
                  [
                        0.36382649444164117,
                        0.08731974204575121,
                        0.4678592688599057
                  ],
                  [
                        0.09270988075873206,
                        0.12027633721046516,
                        0.08109111143573218
                  ],
                  [
                        0.0,
                        0.0,
                        0.0
                  ]
            ],
            "off_diagonal_gap": 0.31244617045252177
      },
      "avg": {
            "data": [
                  [
                        0.8703715480179902,
                        1.308132455646774,
                        1.0953575890501508
                  ],
                  [
                        1.9523703575951654,
                        0.4887850491838764,
                        1.8126387367911843
                  ],
                  [
                        0.6588234930779733,
                        1.139956363299408,
                        0.4113506661200612
                  ],
                  [
                        0.0,
                        0.0,
                        0.0
                  ]
            ],
            "off_diagonal_gap": 1.901346216040073
      }
}