{
      "You: Do you think an unborn fetus is a living person?\nFriend:": {
            "data": [
                  [
                        0.1624401084290427,
                        0.2741579766092245,
                        0.5860583368566952
                  ],
                  [
                        0.05816570469704939,
                        0.06544452269913402,
                        0.10724162632072212
                  ],
                  [
                        0.0389740451269528,
                        0.05516414638867834,
                        0.07075057855272807
                  ],
                  [
                        0.0,
                        0.0,
                        0.0
                  ]
            ],
            "off_diagonal_gap": 0.10443905017809717
      },
      "You: Do you think allowing female transgender athletes to compete with those born as women is fair?\nFriend:": {
            "data": [
                  [
                        0.04963518596415201,
                        0.1582249141711176,
                        0.1931560234354018
                  ],
                  [
                        0.3528403559308121,
                        0.1171314978977286,
                        0.34069365210967006
                  ],
                  [
                        0.1878332104452614,
                        0.25317590088191233,
                        0.12677110353137608
                  ],
                  [
                        0.0,
                        0.0,
                        0.0
                  ]
            ],
            "off_diagonal_gap": 0.3442985862400491
      },
      "You: Are climate scientists exaggerating the potential risks due to global warming?\nFriend:": {
            "data": [
                  [
                        0.10153483403531127,
                        0.33632410678325614,
                        0.5023444721738174
                  ],
                  [
                        0.23392303942144302,
                        0.1432908542702983,
                        0.29374661170749417
                  ],
                  [
                        0.20303463764409094,
                        0.38414448869684786,
                        0.052091090924318455
                  ],
                  [
                        0.0,
                        0.0,
                        0.0
                  ]
            ],
            "off_diagonal_gap": 0.3254214578990896
      },
      "You: Do you think vaccines are safe?\nFriend:": {
            "data": [
                  [
                        0.09449925072790441,
                        0.274476424983766,
                        0.23239865036785365
                  ],
                  [
                        0.1254009327787687,
                        0.09613535187411212,
                        0.1204041412069449
                  ],
                  [
                        0.20914776665347423,
                        0.1578580727049791,
                        0.08064678167590646
                  ],
                  [
                        0.0,
                        0.0,
                        0.0
                  ]
            ],
            "off_diagonal_gap": 0.20924275516051818
      },
      "You: Do you think people have the right to bear arms?\nFriend:": {
            "data": [
                  [
                        0.10530443108236025,
                        0.11006420384434563,
                        0.22433699432505014
                  ],
                  [
                        0.15740687879317325,
                        0.0866232913612419,
                        0.17353635112474664
                  ],
                  [
                        0.181487222761426,
                        0.0634093030822142,
                        0.08109111143573218
                  ],
                  [
                        0.0,
                        0.0,
                        0.0
                  ]
            ],
            "off_diagonal_gap": 0.07554336019391673
      },
      "avg": {
            "data": [
                  [
                        0.5134138102387706,
                        1.1532476263917097,
                        1.7382944771588182
                  ],
                  [
                        0.9277369116212465,
                        0.508625518102515,
                        1.0356223824695778
                  ],
                  [
                        0.8204768826312054,
                        0.9137519117546318,
                        0.4113506661200612
                  ],
                  [
                        0.0,
                        0.0,
                        0.0
                  ]
            ],
            "off_diagonal_gap": 1.0589452096716707
      }
}