{
      "dem": {
            "dem": 37.68596624043081,
            "repub": 32.52391445217278,
            "no_prompt": 20.169727452024176
      },
      "repub": {
            "dem": 27.53164521889546,
            "repub": 24.48309551238866,
            "no_prompt": 19.190590295673093
      },
      "no_prompt": {
            "dem": 28.90819350921152,
            "repub": 25.24799246590225,
            "no_prompt": 18.89356139746076
      },
      "agreeable": {
            "dem": 30.651767709475884,
            "repub": 26.057759929637363,
            "no_prompt": 15.851687589867074
      }
}