{
      "dem": {
            "dem": 64.46632055835842,
            "repub": 68.85431997716688,
            "no_prompt": 20.9988127521246
      },
      "repub": {
            "dem": 64.54264240433814,
            "repub": 55.46614717840682,
            "no_prompt": 19.7599109191817
      },
      "no_prompt": {
            "dem": 47.66550569252256,
            "repub": 50.32620424524954,
            "no_prompt": 12.3380195995191
      },
      "agreeable": {
            "dem": 32.06242568529107,
            "repub": 34.49771175284819,
            "no_prompt": 15.081893537884786
      }
}