{
      "You: Do you think vaccines are safe?\nFriend:": {
            "data": [
                  [
                        0.4507137269553455,
                        0.5240717386412225,
                        0.41086678596177545
                  ],
                  [
                        0.5822174767405625,
                        0.4413158150897353,
                        0.4983126351932661
                  ],
                  [
                        1.5824839073937003,
                        1.627313938725958,
                        1.3625806060275918
                  ],
                  [
                        0.0,
                        0.0,
                        0.0
                  ]
            ],
            "off_diagonal_gap": 0.21425967333670415
      },
      "You: Do you think allowing female transgender athletes to compete with those born as women is fair?\nFriend:": {
            "data": [
                  [
                        0.436006359769762,
                        0.42217327219752676,
                        0.43886589998318887
                  ],
                  [
                        0.5351212477907571,
                        0.36142074994530804,
                        0.42443005781093207
                  ],
                  [
                        1.4686830312468955,
                        1.3498370898678471,
                        1.259788776541825
                  ],
                  [
                        0.0,
                        0.0,
                        0.0
                  ]
            ],
            "off_diagonal_gap": 0.15986741027321383
      },
      "You: Do you think people have the right to bear arms?\nFriend:": {
            "data": [
                  [
                        0.3864720145929556,
                        0.36055386030708303,
                        0.3977514990809482
                  ],
                  [
                        0.7807745420043201,
                        0.4238573948066878,
                        0.6097058932979447
                  ],
                  [
                        1.1512645440961498,
                        1.0289514513693552,
                        1.2018479285574821
                  ],
                  [
                        0.0,
                        0.0,
                        0.0
                  ]
            ],
            "off_diagonal_gap": 0.3309989929117595
      },
      "You: Do you think an unborn fetus is a living person?\nFriend:": {
            "data": [
                  [
                        0.49815456115110246,
                        0.5713040801303144,
                        0.5090871817458966
                  ],
                  [
                        0.5069720304782974,
                        0.33770425057255093,
                        0.5486789113311579
                  ],
                  [
                        1.6587458646868813,
                        1.4957652960220924,
                        1.5045904908179295
                  ],
                  [
                        0.0,
                        0.0,
                        0.0
                  ]
            ],
            "off_diagonal_gap": 0.24241729888495844
      },
      "You: Are climate scientists exaggerating the potential risks due to global warming?\nFriend:": {
            "data": [
                  [
                        0.314288560783491,
                        0.49856940922537196,
                        0.40299444642061627
                  ],
                  [
                        0.5010888317292204,
                        0.370764870075853,
                        0.43701307973359327
                  ],
                  [
                        1.4798770910988295,
                        1.4534611378138167,
                        1.3491442519483854
                  ],
                  [
                        0.0,
                        0.0,
                        0.0
                  ]
            ],
            "off_diagonal_gap": 0.3146048100952483
      },
      "avg": {
            "data": [
                  [
                        0.41712704465053135,
                        0.4753344721003037,
                        0.431913162638485
                  ],
                  [
                        0.5812348257486315,
                        0.38701261609802706,
                        0.5036281154733788
                  ],
                  [
                        1.4682108877044915,
                        1.391065782759814,
                        1.335590410778643
                  ],
                  [
                        0.0,
                        0.0,
                        0.0
                  ]
            ],
            "off_diagonal_gap": 0.2524296371003768
      }
}