{
      "You: Are climate scientists exaggerating the potential risks due to global warming?\nFriend:": {
            "agreeable": {
                  "You: Are climate scientists exaggerating the potential risks due to global warming?\nFriend:": {
                        "logprobs_dem": {
                              ".": -0.0038650434,
                              ",": -5.55967,
                              "...": -12.204347,
                              "?": -14.187982,
                              "!": -14.228945,
                              " -": -15.074644,
                              ";": -15.228845,
                              "\u2026": -15.896823,
                              " because": -15.964506,
                              " but": -16.798262
                        },
                        "logprobs_repub": {
                              ".": -0.0009602284,
                              ",": -6.9671283,
                              "!": -11.910254,
                              "...": -12.025419,
                              " because": -12.882601,
                              "<|endoftext|>": -14.445214,
                              " -": -14.832539,
                              "?": -15.0535755,
                              ";": -15.141136,
                              "\u2026": -15.51408
                        },
                        "intersection": 0.8181818181818182,
                        "words_both_size": 1,
                        "token_at_k": "."
                  },
                  "S": " I don't think so.",
                  "logprobs": [
                        -0.60719023,
                        -0.516669125,
                        -0.00020272445,
                        -0.73478631,
                        -0.030962881,
                        -0.0024126359
                  ],
                  "words_both_size": [
                        6,
                        4,
                        1,
                        3,
                        2,
                        1
                  ],
                  "iou": [
                        0.6666666666666666,
                        0.6666666666666666,
                        0.6666666666666666,
                        0.42857142857142855,
                        0.5384615384615384,
                        0.8181818181818182
                  ]
            }
      },
      "You: Do you think vaccines are safe?\nFriend:": {
            "agreeable": {
                  "You: Do you think vaccines are safe?\nFriend:": {
                        "logprobs_dem": {
                              ".": -0.009651495,
                              "?": -4.783617,
                              " overall": -7.481987,
                              " if": -7.559415,
                              " for": -9.732835,
                              " based": -9.962848,
                              " since": -10.395002,
                              " Overall": -11.608579,
                              "Overall": -13.370129,
                              ".\"": -13.548336
                        },
                        "logprobs_repub": {
                              ".": -0.00060369127,
                              "?": -7.8027964,
                              " overall": -9.266866,
                              " if": -9.615817,
                              " for": -10.449362,
                              " since": -12.964344,
                              " Overall": -13.674117,
                              " enough": -14.711927,
                              "Overall": -15.205346,
                              " based": -15.449045
                        },
                        "intersection": 0.8181818181818182,
                        "words_both_size": 1,
                        "token_at_k": "."
                  },
                  "S": "\n\n\nI don't really know much about vaccines, but I think they're probably safe.",
                  "logprobs": [
                        -0.98658206,
                        -5.2765561e-05,
                        -3.83995015e-05,
                        -1.44707345,
                        -2.0638827,
                        -3.3391798e-05,
                        -0.23888307799999997,
                        -0.12290124200000001,
                        -0.52158653,
                        -9.420902e-08,
                        -0.0074869055,
                        -0.00462186675,
                        -1.80091394,
                        -0.0108419435,
                        -0.2702663475,
                        -0.484945563,
                        -0.9289513,
                        -0.268222862,
                        -0.0131844907,
                        -0.005127593135
                  ],
                  "words_both_size": [
                        5,
                        1,
                        1,
                        5,
                        4,
                        1,
                        2,
                        2,
                        4,
                        1,
                        1,
                        1,
                        2,
                        1,
                        1,
                        1,
                        2,
                        2,
                        1,
                        1
                  ],
                  "iou": [
                        0.42857142857142855,
                        0.5384615384615384,
                        0.42857142857142855,
                        0.6666666666666666,
                        0.8181818181818182,
                        0.8181818181818182,
                        0.6666666666666666,
                        0.8181818181818182,
                        0.42857142857142855,
                        0.6666666666666666,
                        0.6666666666666666,
                        0.8181818181818182,
                        0.5384615384615384,
                        0.5384615384615384,
                        0.8181818181818182,
                        0.5384615384615384,
                        0.5384615384615384,
                        0.6666666666666666,
                        0.6666666666666666,
                        0.8181818181818182
                  ]
            }
      },
      "You: Do you think people have the right to bear arms?\nFriend:": {
            "agreeable": {
                  "You: Do you think people have the right to bear arms?\nFriend:": {
                        "logprobs_dem": {
                              "-": -0.00037278878,
                              " defense": -7.970584,
                              " protection": -10.824424,
                              "defense": -12.413553,
                              " defence": -12.671329,
                              " Defense": -16.880533,
                              "protection": -17.30562,
                              "Defense": -18.440397,
                              "<|endoftext|>": -18.521643,
                              " DEFENSE": -18.827204
                        },
                        "logprobs_repub": {
                              "-": -0.0030613486,
                              " defense": -5.8694906,
                              " protection": -9.151994,
                              " defence": -9.483495,
                              "defense": -9.99419,
                              " Defense": -13.6442585,
                              "protection": -14.809127,
                              " -": -14.812948,
                              "Defense": -15.148765,
                              " preservation": -15.334877
                        },
                        "intersection": 0.6666666666666666,
                        "words_both_size": 1,
                        "token_at_k": "-"
                  },