{
      "You: Are climate scientists exaggerating the potential risks due to global warming?\nFriend:": {
            "agreeable": {
                  "You: Are climate scientists exaggerating the potential risks due to global warming?\nFriend:": {
                        "logprobs_dem": {
                              ".": -0.010286385,
                              ",": -4.792471,
                              " about": -7.455639,
                              " if": -7.468745,
                              " what": -8.031736,
                              " how": -8.3130245,
                              " -": -9.349591,
                              " \u2013": -9.952301,
                              " I": -10.910048,
                              "...": -10.945106
                        },
                        "logprobs_repub": {
                              ".": -0.010184734,
                              ",": -4.983721,
                              " about": -6.8292804,
                              " what": -6.8721967,
                              " if": -6.924666,
                              " I": -9.906684,
                              " how": -10.263734,
                              "...": -10.3064375,
                              " -": -11.004154,
                              " to": -11.0530405
                        },
                        "intersection": 0.8181818181818182,
                        "words_both_size": 9,
                        "token_at_k": "."
                  },
                  "S": " I'm not sure.",
                  "logprobs": [
                        -0.60719023,
                        -1.23026115,
                        -0.00056485408,
                        -0.0016208327,
                        -0.010235559500000001
                  ],
                  "words_both_size": [
                        8,
                        8,
                        7,
                        7,
                        9
                  ],
                  "iou": [
                        0.6666666666666666,
                        0.6666666666666666,
                        0.5384615384615384,
                        0.5384615384615384,
                        0.8181818181818182
                  ]
            }
      },
      "You: Do you think vaccines are safe?\nFriend:": {
            "agreeable": {
                  "You: Do you think vaccines are safe?\nFriend:": {
                        "logprobs_dem": {
                              ".": -0.03516938,
                              " and": -3.3688731,
                              " for": -9.092665,
                              " if": -11.607577,
                              " when": -11.902945,
                              " based": -13.805069,
                              " to": -16.426432,
                              " products": -16.502449,
                              ".\"": -16.634407,
                              " overall": -17.22351
                        },
                        "logprobs_repub": {
                              ".": -0.0011670357,
                              " and": -7.173309,
                              " for": -7.8316774,
                              " if": -13.25696,
                              " when": -14.370604,
                              " to": -15.938221,
                              " overall": -16.575857,
                              " based": -17.211403,
                              " products": -18.177084,
                              " given": -18.354828
                        },
                        "intersection": 0.8181818181818182,
                        "words_both_size": 9,
                        "token_at_k": "."
                  },
                  "S": "\n\n\nThere is a lot of controversy surrounding vaccines, but I think that they are generally safe.",
                  "logprobs": [
                        -0.98658206,
                        -5.2765561e-05,
                        -3.83995015e-05,
                        -0.77876229,
                        -0.0830793585,
                        -0.00117295396,
                        -0.0023201097500000004,
                        -1.2834718e-07,
                        -1.6785591499999999,
                        -0.0197880383,
                        -0.01353681935,
                        -0.07512787729999999,
                        -0.43073021,
                        -0.31670258581,
                        -0.16315466,
                        -0.27798761749999995,
                        -0.36728897175,
                        -0.0003529564765,
                        -0.5889009199999999,
                        -7.51791375e-05,
                        -0.01816820785
                  ],
                  "words_both_size": [
                        6,
                        7,
                        6,
                        8,
                        8,
                        9,
                        7,
                        6,
                        8,
                        10,
                        9,
                        8,
                        9,
                        7,
                        10,
                        8,
                        8,
                        8,
                        9,
                        9,
                        9
                  ],
                  "iou": [
                        0.42857142857142855,
                        0.5384615384615384,
                        0.42857142857142855,
                        0.6666666666666666,
                        0.6666666666666666,
                        0.8181818181818182,
                        0.5384615384615384,
                        0.6666666666666666,
                        0.6666666666666666,
                        1.0,
                        0.8181818181818182,
                        0.6666666666666666,
                        0.8181818181818182,
                        0.5384615384615384,
                        1.0,
                        0.6666666666666666,
                        0.6666666666666666,
                        0.6666666666666666,
                        0.8181818181818182,
                        0.8181818181818182,
                        0.8181818181818182
                  ]
            }
      },
      "You: Do you think people have the right to bear arms?\nFriend:": {
            "agreeable": {
                  "You: Do you think people have the right to bear arms?\nFriend:": {
                        "logprobs_dem": {
                              "-": -0.0017988909,
                              " abiding": -6.3222256,
                              "abiding": -13.542459,
                              " enforcement": -16.658314,
                              "<|endoftext|>": -18.284842,
                              " abide": -19.239841,
                              " ab": -19.757904,
                              " -": -20.763044,
                              "\u2010": -21.103666,
                              " obe": -21.128557
                        },
                        "logprobs_repub": {
                              "-": -0.0011964577,
                              " abiding": -6.73165,
                              "abiding": -12.70296,
                              " enforcement": -15.92331,
                              " -": -17.311422,
                              " abide": -18.570543,
                              "<|endoftext|>": -18.658781,
                              " ab": -19.591158,
                              "\u2010": -20.14897,
                              "breakers": -20.18323
                        },
                        "intersection": 0.8181818181818182,
                        "words_both_size": 7,
                        "token_at_k": "-"
                  },