{
      "You: Do you think people have the right to bear arms?\nFriend:": {
            "agreeable": {
                  "You: Do you think people have the right to bear arms?\nFriend:": {
                        "logprobs_dem": {
                              ".": -3.6482897e-06,
                              "<|endoftext|>": -12.56858,
                              " in": -15.352455,
                              " to": -16.602678,
                              ",": -17.86032,
                              ".\"": -18.015251,
                              " .": -18.021505,
                              "\n": -18.583303,
                              "/": -18.671803,
                              "..": -18.924341
                        },
                        "logprobs_repub": {
                              ".": -1.1159372e-05,
                              "<|endoftext|>": -11.467434,
                              " in": -14.530199,
                              " .": -16.138645,
                              ",": -16.682472,
                              "..": -16.696224,
                              "\n": -17.630253,
                              " to": -17.884106,
                              ".\"": -18.279936,
                              "\n\n": -18.685373
                        },
                        "intersection": 0.8181818181818182,
                        "words_both_size": 0,
                        "token_at_k": "."
                  },
                  "S": " I think people have the right to bear arms, but I also think there should be stricter regulations on who can buy guns and where they can be carried.",
                  "logprobs": [
                        -0.16146363,
                        -0.04117476,
                        -0.55883765,
                        -0.007827657,
                        -0.0032500573,
                        -0.0005154262,
                        -6.1516675e-06,
                        -0.42180222,
                        -3.333313e-05,
                        -0.017530529,
                        -0.018531835,
                        -1.688045e-05,
                        -0.053708646,
                        -0.00085099385,
                        -0.124168076,
                        -0.039123643,
                        -4.277735e-07,
                        -0.3262656,
                        -0.40767372,
                        -0.20442507,
                        -0.03678775,
                        -0.00022373382,
                        -0.65927106,
                        -0.9140347,
                        -0.00071653776,
                        -3.1973698,
                        -1.6165199e-05,
                        -1.8841804e-07,
                        -0.013408238,
                        -1.2769386,
                        -4.6010214e-06
                  ],
                  "words_both_size": [
                        0,
                        0,
                        0,
                        0,
                        0,
                        0,
                        0,
                        0,
                        0,
                        0,
                        0,
                        0,
                        0,
                        0,
                        0,
                        0,
                        0,
                        0,
                        0,
                        0,
                        0,
                        0,
                        0,
                        0,
                        0,
                        0,
                        0,
                        0,
                        0,
                        0,
                        0
                  ],
                  "iou": [
                        0.3333333333333333,
                        0.3333333333333333,
                        0.5384615384615384,
                        0.6666666666666666,
                        0.42857142857142855,
                        0.25,
                        0.5384615384615384,
                        0.6666666666666666,
                        0.6666666666666666,
                        0.8181818181818182,
                        0.3333333333333333,
                        0.6666666666666666,
                        0.5384615384615384,
                        0.8181818181818182,
                        1.0,
                        0.8181818181818182,
                        0.6666666666666666,
                        0.5384615384615384,
                        0.5384615384615384,
                        0.5384615384615384,
                        0.6666666666666666,
                        0.8181818181818182,
                        0.8181818181818182,
                        1.0,
                        0.6666666666666666,
                        0.8181818181818182,
                        0.8181818181818182,
                        0.8181818181818182,
                        0.8181818181818182,
                        0.8181818181818182,
                        0.8181818181818182
                  ]
            }
      },
      "You: Do you think allowing female transgender athletes to compete with those born as women is fair?\nFriend:": {
            "agreeable": {
                  "You: Do you think allowing female transgender athletes to compete with those born as women is fair?\nFriend:": {
                        "logprobs_dem": {
                              ".": -0.005191407,
                              " because": -5.770589,
                              " at": -6.374665,
                              ",": -8.20561,
                              " and": -10.395379,
                              " to": -10.758092,
                              " for": -11.11924,
                              " if": -12.583716,
                              " or": -12.855675,
                              "<|endoftext|>": -12.903359
                        },
                        "logprobs_repub": {
                              ".": -0.2963934,
                              " at": -1.3787012,
                              " because": -5.487956,
                              ",": -8.321181,
                              " and": -9.332272,
                              " or": -10.421811,
                              " whatsoever": -10.502221,
                              " to": -10.781837,
                              " for": -11.103921,
                              "!": -12.271846
                        },
                        "intersection": 0.6666666666666666,
                        "words_both_size": 0,
                        "token_at_k": "."
                  },
                  "S": " No, I don't think it's fair.",
                  "logprobs": [
                        -1.4764944,
                        -8.7733215e-06,
                        -0.0012427659,
                        -0.055342685,
                        -2.4510746e-05,
                        -0.004945544,
                        -0.091727234,
                        -0.003219142,
                        -0.00026802876,
                        -0.013464843
                  ],
                  "words_both_size": [
                        0,
                        0,
                        0,
                        0,
                        0,
                        0,
                        0,
                        0,
                        0,
                        0
                  ],