{
      "You: Are climate scientists exaggerating the potential risks due to global warming?\nFriend:": {
            "data": [
                  [
                        0.1221140379689588,
                        0.20398311559166,
                        0.37096130381021764
                  ],
                  [
                        0.1185672522005643,
                        0.09838867942750408,
                        0.12781542136340526
                  ],
                  [
                        0.2174274730883843,
                        0.14213021395326192,
                        0.052091090924318455
                  ],
                  [
                        0.0,
                        0.0,
                        0.0
                  ]
            ],
            "off_diagonal_gap": 0.1020476503957614
      },
      "You: Do you think an unborn fetus is a living person?\nFriend:": {
            "data": [
                  [
                        0.0651413302905929,
                        0.07728210753433044,
                        0.08216867288196528
                  ],
                  [
                        0.1336361215346527,
                        0.11577082577989586,
                        0.633412161880393
                  ],
                  [
                        0.06554196210570383,
                        0.07932176869390276,
                        0.07075057855272807
                  ],
                  [
                        0.0,
                        0.0,
                        0.0
                  ]
            ],
            "off_diagonal_gap": 0.03000607299849442
      },
      "You: Do you think allowing female transgender athletes to compete with those born as women is fair?\nFriend:": {
            "data": [
                  [
                        0.1588417280377891,
                        0.25366495061334116,
                        0.1449671476837055
                  ],
                  [
                        0.23215182829278905,
                        0.11049663969802935,
                        0.3704267877579402
                  ],
                  [
                        0.18721852965768815,
                        0.1987171785488862,
                        0.12677110353137608
                  ],
                  [
                        0.0,
                        0.0,
                        0.0
                  ]
            ],
            "off_diagonal_gap": 0.21647841117031175
      },
      "You: Do you think people have the right to bear arms?\nFriend:": {
            "data": [
                  [
                        0.09115311184961228,
                        0.22568110694358817,
                        0.2988956983024983
                  ],
                  [
                        0.13914635575037623,
                        0.08755033107146819,
                        0.12509320426645154
                  ],
                  [
                        0.0911239042599049,
                        0.1046236775819843,
                        0.08109111143573218
                  ],
                  [
                        0.0,
                        0.0,
                        0.0
                  ]
            ],
            "off_diagonal_gap": 0.1861240197728839
      },
      "You: Do you think vaccines are safe?\nFriend:": {
            "data": [
                  [
                        0.12931851333186783,
                        0.14786335762292627,
                        0.2148042491095291
                  ],
                  [
                        0.3347418196433718,
                        0.09768135756800746,
                        0.3855842337310451
                  ],
                  [
                        0.3050610695875957,
                        0.22354676612935306,
                        0.08064678167590646
                  ],
                  [
                        0.0,
                        0.0,
                        0.0
                  ]
            ],
            "off_diagonal_gap": 0.25560530636642276
      },
      "avg": {
            "data": [
                  [
                        0.5665687214788209,
                        0.908474638305846,
                        1.1117970717879158
                  ],
                  [
                        0.9582433774217541,
                        0.509887833544905,
                        1.642331808999235
                  ],
                  [
                        0.8663729386992769,
                        0.7483396049073883,
                        0.4113506661200612
                  ],
                  [
                        0.0,
                        0.0,
                        0.0
                  ]
            ],
            "off_diagonal_gap": 0.7902614607038744
      }
}