{
      "You: Are climate scientists exaggerating the potential risks due to global warming?\nFriend:": {
            "data": [
                  [
                        0.09269228088992787,
                        0.26276505621708857,
                        0.3806847430284509
                  ],
                  [
                        0.13212471463254769,
                        0.09838867942750408,
                        0.12781542136340526
                  ],
                  [
                        0.1369181486239996,
                        0.14213021395326192,
                        0.052091090924318455
                  ],
                  [
                        0.0,
                        0.0,
                        0.0
                  ]
            ],
            "off_diagonal_gap": 0.20380881053220434
      },
      "You: Do you think an unborn fetus is a living person?\nFriend:": {
            "data": [
                  [
                        0.10868325604403628,
                        0.26833897493689124,
                        0.542707332281731
                  ],
                  [
                        0.29878758938822664,
                        0.11577082577989586,
                        0.633412161880393
                  ],
                  [
                        0.08959703289768717,
                        0.07932176869390276,
                        0.07075057855272807
                  ],
                  [
                        0.0,
                        0.0,
                        0.0
                  ]
            ],
            "off_diagonal_gap": 0.34267248250118576
      },
      "You: Do you think allowing female transgender athletes to compete with those born as women is fair?\nFriend:": {
            "data": [
                  [
                        0.08497064487448067,
                        0.238968148615079,
                        0.36171635526078794
                  ],
                  [
                        0.13700548000273696,
                        0.11049663969802935,
                        0.3704267877579402
                  ],
                  [
                        0.17804489588164038,
                        0.1987171785488862,
                        0.12677110353137608
                  ],
                  [
                        0.0,
                        0.0,
                        0.0
                  ]
            ],
            "off_diagonal_gap": 0.18050634404530597
      },
      "You: Do you think people have the right to bear arms?\nFriend:": {
            "data": [
                  [
                        0.0908853106227137,
                        0.529908936625808,
                        0.26859382086867395
                  ],
                  [
                        0.14560747373187494,
                        0.08755033107146819,
                        0.12509320426645154
                  ],
                  [
                        0.091170798788566,
                        0.1046236775819843,
                        0.08109111143573218
                  ],
                  [
                        0.0,
                        0.0,
                        0.0
                  ]
            ],
            "off_diagonal_gap": 0.4970807686635011
      },
      "You: Do you think vaccines are safe?\nFriend:": {
            "data": [
                  [
                        0.10454811042816232,
                        0.4236060491829144,
                        0.6240059980689453
                  ],
                  [
                        0.1382641841864237,
                        0.09768135756800746,
                        0.3855842337310451
                  ],
                  [
                        0.280331893810538,
                        0.22354676612935306,
                        0.08064678167590646
                  ],
                  [
                        0.0,
                        0.0,
                        0.0
                  ]
            ],
            "off_diagonal_gap": 0.3596407653731683
      },
      "avg": {
            "data": [
                  [
                        0.48177960285932087,
                        1.7235871655777812,
                        2.177708249508589
                  ],
                  [
                        0.8517894419418098,
                        0.509887833544905,
                        1.642331808999235
                  ],
                  [
                        0.7760627700024312,
                        0.7483396049073883,
                        0.4113506661200612
                  ],
                  [
                        0.0,
                        0.0,
                        0.0
                  ]
            ],
            "off_diagonal_gap": 1.5837091711153652
      }
}