{
      "You: Do you think people have the right to bear arms?\nFriend:": {
            "data": [
                  [
                        0.3368373592847827,
                        0.3976850443524804,
                        0.4720432101248758
                  ],
                  [
                        0.5016818882955081,
                        0.3990160993303369,
                        0.5407057852533492
                  ],
                  [
                        1.335068208877352,
                        1.395293627292412,
                        1.2102898188237836
                  ],
                  [
                        0.0,
                        0.0,
                        0.0
                  ]
            ],
            "off_diagonal_gap": 0.16351347403286898
      },
      "You: Are climate scientists exaggerating the potential risks due to global warming?\nFriend:": {
            "data": [
                  [
                        0.38958538877646687,
                        0.41755102499237945,
                        0.44945117409168134
                  ],
                  [
                        0.41639193777292915,
                        0.4004187245282772,
                        0.41076128233971354
                  ],
                  [
                        1.730864934554849,
                        1.7503079623533881,
                        1.6644831170991488
                  ],
                  [
                        0.0,
                        0.0,
                        0.0
                  ]
            ],
            "off_diagonal_gap": 0.04393884946056448
      },
      "You: Do you think an unborn fetus is a living person?\nFriend:": {
            "data": [
                  [
                        0.34523763891683223,
                        0.3637702154619341,
                        0.4004512874934817
                  ],
                  [
                        0.35405119243736183,
                        0.29474916532497514,
                        0.4006337254284458
                  ],
                  [
                        1.5730219525322329,
                        1.507856706265224,
                        1.50260503768562
                  ],
                  [
                        0.0,
                        0.0,
                        0.0
                  ]
            ],
            "off_diagonal_gap": 0.07783460365748857
      },
      "You: Do you think allowing female transgender athletes to compete with those born as women is fair?\nFriend:": {
            "data": [
                  [
                        0.32055662012174463,
                        0.3259174210988351,
                        0.335568749147768
                  ],
                  [
                        0.30660261503300673,
                        0.30390365560127186,
                        0.2993222153346103
                  ],
                  [
                        2.0622142708922175,
                        2.034766845025077,
                        2.0101257549445184
                  ],
                  [
                        0.0,
                        0.0,
                        0.0
                  ]
            ],
            "off_diagonal_gap": 0.008059760408825334
      },
      "You: Do you think vaccines are safe?\nFriend:": {
            "data": [
                  [
                        0.4268706576406549,
                        0.4528203086323232,
                        0.4904724618187184
                  ],
                  [
                        0.3879004683523192,
                        0.41368089181864914,
                        0.44516266880820127
                  ],
                  [
                        1.4694748088087541,
                        1.4600956929424775,
                        1.4045369648054513
                  ],
                  [
                        0.0,
                        0.0,
                        0.0
                  ]
            ],
            "off_diagonal_gap": 0.00016922752533837793
      },
      "avg": {
            "data": [
                  [
                        0.36381753294809627,
                        0.3915488029075905,
                        0.42959737653530505
                  ],
                  [
                        0.39332562037822505,
                        0.36235370732070205,
                        0.419317135432864
                  ],
                  [
                        1.634128835133081,
                        1.6296641667757157,
                        1.5584081386717046
                  ],
                  [
                        0.0,
                        0.0,
                        0.0
                  ]
            ],
            "off_diagonal_gap": 0.05870318301701727
      }
}