{
      "You: Are climate scientists exaggerating the potential risks due to global warming?\nFriend:": {
            "data": [
                  [
                        0.11588435804893726,
                        0.256345656094911,
                        0.27846641902840064
                  ],
                  [
                        0.47805858530472534,
                        0.10045347568300772,
                        0.6053661088920466
                  ],
                  [
                        0.3327987198273417,
                        0.3135983973367638,
                        0.052091090924318455
                  ],
                  [
                        0.0,
                        0.0,
                        0.0
                  ]
            ],
            "off_diagonal_gap": 0.5180664076676913
      },
      "You: Do you think allowing female transgender athletes to compete with those born as women is fair?\nFriend:": {
            "data": [
                  [
                        0.04423514350507234,
                        0.0524080716143817,
                        0.0465328202536791
                  ],
                  [
                        0.10272248351361238,
                        0.06373507041282513,
                        0.19142411558542347
                  ],
                  [
                        0.23467274862788584,
                        0.29073519293880595,
                        0.12677110353137608
                  ],
                  [
                        0.0,
                        0.0,
                        0.0
                  ]
            ],
            "off_diagonal_gap": 0.04716034121009659
      },
      "You: Do you think vaccines are safe?\nFriend:": {
            "data": [
                  [
                        0.08501950662218578,
                        0.18225322261977256,
                        0.26560152497700357
                  ],
                  [
                        0.21775894361714648,
                        0.09427811869183195,
                        0.765684462466014
                  ],
                  [
                        0.13873782101889423,
                        0.16607768883704163,
                        0.08064678167590646
                  ],
                  [
                        0.0,
                        0.0,
                        0.0
                  ]
            ],
            "off_diagonal_gap": 0.22071454092290133
      },
      "You: Do you think people have the right to bear arms?\nFriend:": {
            "data": [
                  [
                        0.09894576332304267,
                        0.23758881682282315,
                        0.24912473514331812
                  ],
                  [
                        1.457409197355398,
                        0.08180831156794414,
                        1.4046778031780969
                  ],
                  [
                        0.15015314269086147,
                        0.06824967688571278,
                        0.08109111143573218
                  ],
                  [
                        0.0,
                        0.0,
                        0.0
                  ]
            ],
            "off_diagonal_gap": 1.5142439392872342
      },
      "You: Do you think an unborn fetus is a living person?\nFriend:": {
            "data": [
                  [
                        0.16378827321901682,
                        0.5574408431760635,
                        0.4844841107987557
                  ],
                  [
                        0.5599771758137829,
                        0.16778356327171123,
                        0.37038216460074924
                  ],
                  [
                        0.035700407805879346,
                        0.07217092377962904,
                        0.07075057855272807
                  ],
                  [
                        0.0,
                        0.0,
                        0.0
                  ]
            ],
            "off_diagonal_gap": 0.7858461824991183
      },
      "avg": {
            "data": [
                  [
                        0.5078730447182549,
                        1.286036610327952,
                        1.3242096102011571
                  ],
                  [
                        2.8159263856046652,
                        0.5080585396273202,
                        3.3375346547223304
                  ],
                  [
                        0.8920628399708626,
                        0.9108318797779533,
                        0.4113506661200612
                  ],
                  [
                        0.0,
                        0.0,
                        0.0
                  ]
            ],
            "off_diagonal_gap": 3.0860314115870415
      }
}