{
      "You: Are climate scientists exaggerating the potential risks due to global warming?\nFriend:": {
            "data": [
                  [
                        0.0882674876564074,
                        0.24310675129684875,
                        0.557233093341483
                  ],
                  [
                        0.1895418474945061,
                        0.07402467273993979,
                        0.21806409542415037
                  ],
                  [
                        0.2095036416527504,
                        0.24265820802435353,
                        0.052091090924318455
                  ],
                  [
                        0.0,
                        0.0,
                        0.0
                  ]
            ],
            "off_diagonal_gap": 0.27035643839500767
      },
      "You: Do you think allowing female transgender athletes to compete with those born as women is fair?\nFriend:": {
            "data": [
                  [
                        0.08783762468374143,
                        0.40290843877368243,
                        0.46415979724904277
                  ],
                  [
                        0.17129473320691452,
                        0.11326655356698269,
                        0.34510551480687807
                  ],
                  [
                        0.24947136553357666,
                        0.23905156490818516,
                        0.12677110353137608
                  ],
                  [
                        0.0,
                        0.0,
                        0.0
                  ]
            ],
            "off_diagonal_gap": 0.37309899372987276
      },
      "You: Do you think vaccines are safe?\nFriend:": {
            "data": [
                  [
                        0.09114789481938956,
                        0.33486695797422916,
                        0.7797852232888656
                  ],
                  [
                        0.19339763037972732,
                        0.09239179608674794,
                        0.32272006952860494
                  ],
                  [
                        0.13077304021491132,
                        0.1398162698548262,
                        0.08064678167590646
                  ],
                  [
                        0.0,
                        0.0,
                        0.0
                  ]
            ],
            "off_diagonal_gap": 0.344724897447819
      },
      "You: Do you think people have the right to bear arms?\nFriend:": {
            "data": [
                  [
                        0.09627873096456052,
                        0.12328583239789039,
                        0.11907070751950398
                  ],
                  [
                        0.3989248306545282,
                        0.17295039579436178,
                        0.4904017529865882
                  ],
                  [
                        0.09710980378022192,
                        0.12668019190073418,
                        0.08109111143573218
                  ],
                  [
                        0.0,
                        0.0,
                        0.0
                  ]
            ],
            "off_diagonal_gap": 0.2529815362934963
      },
      "You: Do you think an unborn fetus is a living person?\nFriend:": {
            "data": [
                  [
                        0.14746459109900847,
                        0.26803782834113116,
                        0.4755328911854084
                  ],
                  [
                        0.5219060073301365,
                        0.11040017359592329,
                        0.7087996030502755
                  ],
                  [
                        0.036846572552566605,
                        0.07202427768980406,
                        0.07075057855272807
                  ],
                  [
                        0.0,
                        0.0,
                        0.0
                  ]
            ],
            "off_diagonal_gap": 0.5320790709763359
      },
      "avg": {
            "data": [
                  [
                        0.5109963292231073,
                        1.3722058087837818,
                        2.395781712584304
                  ],
                  [
                        1.4750650490658126,
                        0.5630335917839554,
                        2.085091035796497
                  ],
                  [
                        0.723704423734027,
                        0.8202305123779031,
                        0.4113506661200612
                  ],
                  [
                        0.0,
                        0.0,
                        0.0
                  ]
            ],
            "off_diagonal_gap": 1.7732409368425315
      }
}