{
      "You: Are climate scientists exaggerating the potential risks due to global warming?\nFriend:": {
            "data": [
                  [
                        0.0882674876564074,
                        0.23277048615639803,
                        0.557233093341483
                  ],
                  [
                        0.1749685484602435,
                        0.08982442658408717,
                        0.2005639253449788
                  ],
                  [
                        0.2095036416527504,
                        0.30311527506879865,
                        0.052091090924318455
                  ],
                  [
                        0.0,
                        0.0,
                        0.0
                  ]
            ],
            "off_diagonal_gap": 0.22964712037614693
      },
      "You: Do you think allowing female transgender athletes to compete with those born as women is fair?\nFriend:": {
            "data": [
                  [
                        0.08783762468374143,
                        0.2707186605499228,
                        0.46415979724904277
                  ],
                  [
                        0.33260351503028746,
                        0.18008392173415805,
                        0.35883970368026713
                  ],
                  [
                        0.24947136553357666,
                        0.22366113116657527,
                        0.12677110353137608
                  ],
                  [
                        0.0,
                        0.0,
                        0.0
                  ]
            ],
            "off_diagonal_gap": 0.3354006291623108
      },
      "You: Do you think vaccines are safe?\nFriend:": {
            "data": [
                  [
                        0.09114789481938956,
                        0.1889216395783378,
                        0.7797852232888656
                  ],
                  [
                        0.11588397764080893,
                        0.09443187492671999,
                        0.23075959022796225
                  ],
                  [
                        0.13077304021491132,
                        0.1344569564027521,
                        0.08064678167590646
                  ],
                  [
                        0.0,
                        0.0,
                        0.0
                  ]
            ],
            "off_diagonal_gap": 0.11922584747303717
      },
      "You: Do you think people have the right to bear arms?\nFriend:": {
            "data": [
                  [
                        0.09627873096456052,
                        0.10603661937095177,
                        0.11907070751950398
                  ],
                  [
                        0.20489424226752576,
                        0.06370542373808356,
                        0.16856067839063096
                  ],
                  [
                        0.09710980378022192,
                        0.07586287445268668,
                        0.08109111143573218
                  ],
                  [
                        0.0,
                        0.0,
                        0.0
                  ]
            ],
            "off_diagonal_gap": 0.1509467069358334
      },
      "You: Do you think an unborn fetus is a living person?\nFriend:": {
            "data": [
                  [
                        0.14746459109900847,
                        0.20668985683068627,
                        0.4755328911854084
                  ],
                  [
                        0.20798112239285166,
                        0.14038970760522743,
                        0.25051923238286977
                  ],
                  [
                        0.036846572552566605,
                        0.06376624303039499,
                        0.07075057855272807
                  ],
                  [
                        0.0,
                        0.0,
                        0.0
                  ]
            ],
            "off_diagonal_gap": 0.12681668051930203
      },
      "avg": {
            "data": [
                  [
                        0.5109963292231073,
                        1.0051372624862966,
                        2.395781712584304
                  ],
                  [
                        1.0363314057917172,
                        0.5684353545882762,
                        1.2092431300267088
                  ],
                  [
                        0.723704423734027,
                        0.8008624801212078,
                        0.4113506661200612
                  ],
                  [
                        0.0,
                        0.0,
                        0.0
                  ]
            ],
            "off_diagonal_gap": 0.9620369844666302
      }
}