{
      "You: Are climate scientists exaggerating the potential risks due to global warming?\nFriend:": {
            "data": [
                  [
                        0.085996426024704,
                        0.10650093564189421,
                        0.2940723325667669
                  ],
                  [
                        0.15808613441959235,
                        0.08982442658408717,
                        0.2005639253449788
                  ],
                  [
                        0.28040068469649476,
                        0.30311527506879865,
                        0.052091090924318455
                  ],
                  [
                        0.0,
                        0.0,
                        0.0
                  ]
            ],
            "off_diagonal_gap": 0.0887662174526954
      },
      "You: Do you think allowing female transgender athletes to compete with those born as women is fair?\nFriend:": {
            "data": [
                  [
                        0.10404684936572241,
                        0.22124637333747083,
                        0.3459162095168367
                  ],
                  [
                        0.22001993984101967,
                        0.18008392173415805,
                        0.35883970368026713
                  ],
                  [
                        0.19532164204273547,
                        0.22366113116657527,
                        0.12677110353137608
                  ],
                  [
                        0.0,
                        0.0,
                        0.0
                  ]
            ],
            "off_diagonal_gap": 0.15713554207861008
      },
      "You: Do you think vaccines are safe?\nFriend:": {
            "data": [
                  [
                        0.09824462079490236,
                        0.28573326840225854,
                        0.5111525904144881
                  ],
                  [
                        0.07184906085274251,
                        0.09443187492671999,
                        0.23075959022796225
                  ],
                  [
                        0.13764448452242364,
                        0.1344569564027521,
                        0.08064678167590646
                  ],
                  [
                        0.0,
                        0.0,
                        0.0
                  ]
            ],
            "off_diagonal_gap": 0.16490583353337868
      },
      "You: Do you think people have the right to bear arms?\nFriend:": {
            "data": [
                  [
                        0.08138037742374328,
                        0.34095902082333085,
                        0.7957620181997521
                  ],
                  [
                        0.09405351032787178,
                        0.06370542373808356,
                        0.16856067839063096
                  ],
                  [
                        0.08830539563909445,
                        0.07586287445268668,
                        0.08109111143573218
                  ],
                  [
                        0.0,
                        0.0,
                        0.0
                  ]
            ],
            "off_diagonal_gap": 0.2899267299893758
      },
      "You: Do you think an unborn fetus is a living person?\nFriend:": {
            "data": [
                  [
                        0.09919474561858621,
                        0.15600225571571963,
                        0.25477962569474716
                  ],
                  [
                        0.12851797622738484,
                        0.14038970760522743,
                        0.25051923238286977
                  ],
                  [
                        0.03271738809057017,
                        0.06376624303039499,
                        0.07075057855272807
                  ],
                  [
                        0.0,
                        0.0,
                        0.0
                  ]
            ],
            "off_diagonal_gap": 0.04493577871929086
      },
      "avg": {
            "data": [
                  [
                        0.4688630192276583,
                        1.1104418539206742,
                        2.201682776392591
                  ],
                  [
                        0.6725266216686111,
                        0.5684353545882762,
                        1.2092431300267088
                  ],
                  [
                        0.7343895949913184,
                        0.8008624801212078,
                        0.4113506661200612
                  ],
                  [
                        0.0,
                        0.0,
                        0.0
                  ]
            ],
            "off_diagonal_gap": 0.7456701017733506
      }
}