{
      "You: Are climate scientists exaggerating the potential risks due to global warming?\nFriend:": {
            "data": [
                  [
                        0.109111108888839,
                        0.5564835441123022,
                        0.6292782577309741
                  ],
                  [
                        0.32923374410055156,
                        0.07402467273993979,
                        0.21806409542415037
                  ],
                  [
                        0.33799913341235666,
                        0.24265820802435353,
                        0.052091090924318455
                  ],
                  [
                        0.0,
                        0.0,
                        0.0
                  ]
            ],
            "off_diagonal_gap": 0.7025815065840748
      },
      "You: Do you think allowing female transgender athletes to compete with those born as women is fair?\nFriend:": {
            "data": [
                  [
                        0.12123189044734681,
                        1.0151902989786799,
                        0.48431164438271856
                  ],
                  [
                        0.363067029556187,
                        0.11326655356698269,
                        0.34510551480687807
                  ],
                  [
                        0.20191460130123046,
                        0.23905156490818516,
                        0.12677110353137608
                  ],
                  [
                        0.0,
                        0.0,
                        0.0
                  ]
            ],
            "off_diagonal_gap": 1.1437588845205373
      },
      "You: Do you think vaccines are safe?\nFriend:": {
            "data": [
                  [
                        0.103499098740913,
                        0.25262292948720577,
                        0.12551460055531846
                  ],
                  [
                        0.23405343430484454,
                        0.09239179608674794,
                        0.32272006952860494
                  ],
                  [
                        0.15468833844580243,
                        0.1398162698548262,
                        0.08064678167590646
                  ],
                  [
                        0.0,
                        0.0,
                        0.0
                  ]
            ],
            "off_diagonal_gap": 0.2907854689643894
      },
      "You: Do you think people have the right to bear arms?\nFriend:": {
            "data": [
                  [
                        0.04916465564872211,
                        0.28614447332995424,
                        0.19207001533542697
                  ],
                  [
                        0.6814141893844925,
                        0.17295039579436178,
                        0.4904017529865882
                  ],
                  [
                        0.052625507845940216,
                        0.12668019190073418,
                        0.08109111143573218
                  ],
                  [
                        0.0,
                        0.0,
                        0.0
                  ]
            ],
            "off_diagonal_gap": 0.7454436112713629
      },
      "You: Do you think an unborn fetus is a living person?\nFriend:": {
            "data": [
                  [
                        0.11267983150271828,
                        0.545284208316516,
                        0.6854741922818979
                  ],
                  [
                        0.559135658033462,
                        0.11040017359592329,
                        0.7087996030502755
                  ],
                  [
                        0.06835026576142121,
                        0.07202427768980406,
                        0.07075057855272807
                  ],
                  [
                        0.0,
                        0.0,
                        0.0
                  ]
            ],
            "off_diagonal_gap": 0.8813398612513365
      },
      "avg": {
            "data": [
                  [
                        0.4956865852285392,
                        2.655725454224658,
                        2.116648710286336
                  ],
                  [
                        2.1669040553795376,
                        0.5630335917839554,
                        2.085091035796497
                  ],
                  [
                        0.815577846766751,
                        0.8202305123779031,
                        0.4113506661200612
                  ],
                  [
                        0.0,
                        0.0,
                        0.0
                  ]
            ],
            "off_diagonal_gap": 3.7639093325917012
      }
}