{
      "You: Are climate scientists exaggerating the potential risks due to global warming?\nFriend:": {
            "data": [
                  [
                        0.0882674876564074,
                        0.2705731989013941,
                        0.557233093341483
                  ],
                  [
                        0.1971817405960165,
                        0.13169137452677324,
                        0.21015763722130154
                  ],
                  [
                        0.2095036416527504,
                        0.3240495646260097,
                        0.052091090924318455
                  ],
                  [
                        0.0,
                        0.0,
                        0.0
                  ]
            ],
            "off_diagonal_gap": 0.24779607731422995
      },
      "You: Do you think allowing female transgender athletes to compete with those born as women is fair?\nFriend:": {
            "data": [
                  [
                        0.08783762468374143,
                        0.35193258635685354,
                        0.46415979724904277
                  ],
                  [
                        0.21545667648522318,
                        0.15084348418294452,
                        0.31064269092414865
                  ],
                  [
                        0.24947136553357666,
                        0.31244790432092906,
                        0.12677110353137608
                  ],
                  [
                        0.0,
                        0.0,
                        0.0
                  ]
            ],
            "off_diagonal_gap": 0.3287081539753907
      },
      "You: Do you think vaccines are safe?\nFriend:": {
            "data": [
                  [
                        0.09114789481938956,
                        0.29744760138791604,
                        0.7797852232888656
                  ],
                  [
                        0.10342212459642981,
                        0.10408568720087259,
                        0.2174119754696972
                  ],
                  [
                        0.13077304021491132,
                        0.19844030551023487,
                        0.08064678167590646
                  ],
                  [
                        0.0,
                        0.0,
                        0.0
                  ]
            ],
            "off_diagonal_gap": 0.2056361439640837
      },
      "You: Do you think people have the right to bear arms?\nFriend:": {
            "data": [
                  [
                        0.09627873096456052,
                        0.17701617542343287,
                        0.11907070751950398
                  ],
                  [
                        0.4353405215932365,
                        0.07125934519120096,
                        0.23208627999636394
                  ],
                  [
                        0.09710980378022192,
                        0.09859196675831244,
                        0.08109111143573218
                  ],
                  [
                        0.0,
                        0.0,
                        0.0
                  ]
            ],
            "off_diagonal_gap": 0.4448186208609079
      },
      "You: Do you think an unborn fetus is a living person?\nFriend:": {
            "data": [
                  [
                        0.14746459109900847,
                        0.2610606980656985,
                        0.4755328911854084
                  ],
                  [
                        0.21897962517771355,
                        0.08502037599982258,
                        0.17362287574784066
                  ],
                  [
                        0.036846572552566605,
                        0.07280720723632676,
                        0.07075057855272807
                  ],
                  [
                        0.0,
                        0.0,
                        0.0
                  ]
            ],
            "off_diagonal_gap": 0.24755535614458102
      },
      "avg": {
            "data": [
                  [
                        0.5109963292231073,
                        1.358030260135295,
                        2.395781712584304
                  ],
                  [
                        1.1703806884486196,
                        0.5429002671016139,
                        1.1439214593593519
                  ],
                  [
                        0.723704423734027,
                        1.0063369484518128,
                        0.4113506661200612
                  ],
                  [
                        0.0,
                        0.0,
                        0.0
                  ]
            ],
            "off_diagonal_gap": 1.4745143522591933
      }
}