{
      "You: Are climate scientists exaggerating the potential risks due to global warming?\nFriend:": {
            "data": [
                  [
                        0.085996426024704,
                        0.1296722372376382,
                        0.2940723325667669
                  ],
                  [
                        0.3223132662910515,
                        0.10045347568300772,
                        0.6053661088920466
                  ],
                  [
                        0.28040068469649476,
                        0.3135983973367638,
                        0.052091090924318455
                  ],
                  [
                        0.0,
                        0.0,
                        0.0
                  ]
            ],
            "off_diagonal_gap": 0.26553560182097796
      },
      "You: Do you think allowing female transgender athletes to compete with those born as women is fair?\nFriend:": {
            "data": [
                  [
                        0.10404684936572241,
                        0.1978629512511686,
                        0.3459162095168367
                  ],
                  [
                        0.09504311335705742,
                        0.06373507041282513,
                        0.19142411558542347
                  ],
                  [
                        0.19532164204273547,
                        0.29073519293880595,
                        0.12677110353137608
                  ],
                  [
                        0.0,
                        0.0,
                        0.0
                  ]
            ],
            "off_diagonal_gap": 0.12512414482967849
      },
      "You: Do you think vaccines are safe?\nFriend:": {
            "data": [
                  [
                        0.09824462079490236,
                        0.12157493465017581,
                        0.5111525904144881
                  ],
                  [
                        0.17374128733842623,
                        0.09427811869183195,
                        0.765684462466014
                  ],
                  [
                        0.13764448452242364,
                        0.16607768883704163,
                        0.08064678167590646
                  ],
                  [
                        0.0,
                        0.0,
                        0.0
                  ]
            ],
            "off_diagonal_gap": 0.1027934825018677
      },
      "You: Do you think people have the right to bear arms?\nFriend:": {
            "data": [
                  [
                        0.08138037742374328,
                        0.43125592092602094,
                        0.7957620181997521
                  ],
                  [
                        1.211727582180011,
                        0.08180831156794414,
                        1.4046778031780969
                  ],
                  [
                        0.08830539563909445,
                        0.06824967688571278,
                        0.08109111143573218
                  ],
                  [
                        0.0,
                        0.0,
                        0.0
                  ]
            ],
            "off_diagonal_gap": 1.4797948141143444
      },
      "You: Do you think an unborn fetus is a living person?\nFriend:": {
            "data": [
                  [
                        0.09919474561858621,
                        0.3639848003991997,
                        0.25477962569474716
                  ],
                  [
                        0.43498777937336264,
                        0.16778356327171123,
                        0.37038216460074924
                  ],
                  [
                        0.03271738809057017,
                        0.07217092377962904,
                        0.07075057855272807
                  ],
                  [
                        0.0,
                        0.0,
                        0.0
                  ]
            ],
            "off_diagonal_gap": 0.5319942708822649
      },
      "avg": {
            "data": [
                  [
                        0.4688630192276583,
                        1.2443508444642033,
                        2.201682776392591
                  ],
                  [
                        2.2378130285399087,
                        0.5080585396273202,
                        3.3375346547223304
                  ],
                  [
                        0.7343895949913184,
                        0.9108318797779533,
                        0.4113506661200612
                  ],
                  [
                        0.0,
                        0.0,
                        0.0
                  ]
            ],
            "off_diagonal_gap": 2.5052423141491333
      }
}