{
      "You: Are climate scientists exaggerating the potential risks due to global warming?\nFriend:": {
            "data": [
                  [
                        0.109111108888839,
                        0.6076910119996013,
                        0.6292782577309741
                  ],
                  [
                        0.43420655163428484,
                        0.08982442658408717,
                        0.2005639253449788
                  ],
                  [
                        0.33799913341235666,
                        0.30311527506879865,
                        0.052091090924318455
                  ],
                  [
                        0.0,
                        0.0,
                        0.0
                  ]
            ],
            "off_diagonal_gap": 0.8429620281609599
      },
      "You: Do you think allowing female transgender athletes to compete with those born as women is fair?\nFriend:": {
            "data": [
                  [
                        0.12123189044734681,
                        0.33549841717127327,
                        0.48431164438271856
                  ],
                  [
                        0.31174818778678837,
                        0.18008392173415805,
                        0.35883970368026713
                  ],
                  [
                        0.20191460130123046,
                        0.22366113116657527,
                        0.12677110353137608
                  ],
                  [
                        0.0,
                        0.0,
                        0.0
                  ]
            ],
            "off_diagonal_gap": 0.34593079277655675
      },
      "You: Do you think vaccines are safe?\nFriend:": {
            "data": [
                  [
                        0.103499098740913,
                        0.20677512999715442,
                        0.12551460055531846
                  ],
                  [
                        0.3053195309138418,
                        0.09443187492671999,
                        0.23075959022796225
                  ],
                  [
                        0.15468833844580243,
                        0.1344569564027521,
                        0.08064678167590646
                  ],
                  [
                        0.0,
                        0.0,
                        0.0
                  ]
            ],
            "off_diagonal_gap": 0.3141636872433632
      },
      "You: Do you think people have the right to bear arms?\nFriend:": {
            "data": [
                  [
                        0.04916465564872211,
                        0.09299342740365864,
                        0.19207001533542697
                  ],
                  [
                        0.31415380356686023,
                        0.06370542373808356,
                        0.16856067839063096
                  ],
                  [
                        0.052625507845940216,
                        0.07586287445268668,
                        0.08109111143573218
                  ],
                  [
                        0.0,
                        0.0,
                        0.0
                  ]
            ],
            "off_diagonal_gap": 0.29427715158371315
      },
      "You: Do you think an unborn fetus is a living person?\nFriend:": {
            "data": [
                  [
                        0.11267983150271828,
                        0.36138264475331294,
                        0.6854741922818979
                  ],
                  [
                        0.15030028575768295,
                        0.14038970760522743,
                        0.25051923238286977
                  ],
                  [
                        0.06835026576142121,
                        0.06376624303039499,
                        0.07075057855272807
                  ],
                  [
                        0.0,
                        0.0,
                        0.0
                  ]
            ],
            "off_diagonal_gap": 0.2586133914030502
      },
      "avg": {
            "data": [
                  [
                        0.4956865852285392,
                        1.6043406313250004,
                        2.116648710286336
                  ],
                  [
                        1.5157283596594584,
                        0.5684353545882762,
                        1.2092431300267088
                  ],
                  [
                        0.815577846766751,
                        0.8008624801212078,
                        0.4113506661200612
                  ],
                  [
                        0.0,
                        0.0,
                        0.0
                  ]
            ],
            "off_diagonal_gap": 2.0559470511676436
      }
}