{
      "You: Are climate scientists exaggerating the potential risks due to global warming?\nFriend:": {
            "data": [
                  [
                        0.109111108888839,
                        0.591232546429466,
                        0.6292782577309741
                  ],
                  [
                        0.4262837522351809,
                        0.13169137452677324,
                        0.21015763722130154
                  ],
                  [
                        0.33799913341235666,
                        0.3240495646260097,
                        0.052091090924318455
                  ],
                  [
                        0.0,
                        0.0,
                        0.0
                  ]
            ],
            "off_diagonal_gap": 0.7767138152490346
      },
      "You: Do you think allowing female transgender athletes to compete with those born as women is fair?\nFriend:": {
            "data": [
                  [
                        0.12123189044734681,
                        0.5358688922881484,
                        0.48431164438271856
                  ],
                  [
                        0.3652497604122482,
                        0.15084348418294452,
                        0.31064269092414865
                  ],
                  [
                        0.20191460130123046,
                        0.31244790432092906,
                        0.12677110353137608
                  ],
                  [
                        0.0,
                        0.0,
                        0.0
                  ]
            ],
            "off_diagonal_gap": 0.6290432780701052
      },
      "You: Do you think vaccines are safe?\nFriend:": {
            "data": [
                  [
                        0.103499098740913,
                        0.23741648382995742,
                        0.12551460055531846
                  ],
                  [
                        0.18641488701573597,
                        0.10408568720087259,
                        0.2174119754696972
                  ],
                  [
                        0.15468833844580243,
                        0.19844030551023487,
                        0.08064678167590646
                  ],
                  [
                        0.0,
                        0.0,
                        0.0
                  ]
            ],
            "off_diagonal_gap": 0.2162465849039078
      },
      "You: Do you think people have the right to bear arms?\nFriend:": {
            "data": [
                  [
                        0.04916465564872211,
                        0.3607857586059459,
                        0.19207001533542697
                  ],
                  [
                        0.34085311870549156,
                        0.07125934519120096,
                        0.23208627999636394
                  ],
                  [
                        0.052625507845940216,
                        0.09859196675831244,
                        0.08109111143573218
                  ],
                  [
                        0.0,
                        0.0,
                        0.0
                  ]
            ],
            "off_diagonal_gap": 0.5812148764715145
      },
      "You: Do you think an unborn fetus is a living person?\nFriend:": {
            "data": [
                  [
                        0.11267983150271828,
                        0.5026624498888779,
                        0.6854741922818979
                  ],
                  [
                        0.41390473754125096,
                        0.08502037599982258,
                        0.17362287574784066
                  ],
                  [
                        0.06835026576142121,
                        0.07280720723632676,
                        0.07075057855272807
                  ],
                  [
                        0.0,
                        0.0,
                        0.0
                  ]
            ],
            "off_diagonal_gap": 0.718866979927588
      },
      "avg": {
            "data": [
                  [
                        0.4956865852285392,
                        2.227966131042396,
                        2.116648710286336
                  ],
                  [
                        1.7327062559099076,
                        0.5429002671016139,
                        1.1439214593593519
                  ],
                  [
                        0.815577846766751,
                        1.0063369484518128,
                        0.4113506661200612
                  ],
                  [
                        0.0,
                        0.0,
                        0.0
                  ]
            ],
            "off_diagonal_gap": 2.922085534622151
      }
}