{
      "You: Are climate scientists exaggerating the potential risks due to global warming?\nFriend:": {
            "data": [
                  [
                        0.0882674876564074,
                        0.21523744495772687,
                        0.557233093341483
                  ],
                  [
                        0.4285964976651416,
                        0.10045347568300772,
                        0.6053661088920466
                  ],
                  [
                        0.2095036416527504,
                        0.3135983973367638,
                        0.052091090924318455
                  ],
                  [
                        0.0,
                        0.0,
                        0.0
                  ]
            ],
            "off_diagonal_gap": 0.45511297928345323
      },
      "You: Do you think allowing female transgender athletes to compete with those born as women is fair?\nFriend:": {
            "data": [
                  [
                        0.08783762468374143,
                        0.28434210653704645,
                        0.46415979724904277
                  ],
                  [
                        0.10034600482566049,
                        0.06373507041282513,
                        0.19142411558542347
                  ],
                  [
                        0.24947136553357666,
                        0.29073519293880595,
                        0.12677110353137608
                  ],
                  [
                        0.0,
                        0.0,
                        0.0
                  ]
            ],
            "off_diagonal_gap": 0.2331154162661404
      },
      "You: Do you think vaccines are safe?\nFriend:": {
            "data": [
                  [
                        0.09114789481938956,
                        0.2786412712328886,
                        0.7797852232888656
                  ],
                  [
                        0.20590589777922183,
                        0.09427811869183195,
                        0.765684462466014
                  ],
                  [
                        0.13077304021491132,
                        0.16607768883704163,
                        0.08064678167590646
                  ],
                  [
                        0.0,
                        0.0,
                        0.0
                  ]
            ],
            "off_diagonal_gap": 0.29912115550088897
      },
      "You: Do you think people have the right to bear arms?\nFriend:": {
            "data": [
                  [
                        0.09627873096456052,
                        0.12193117770288718,
                        0.11907070751950398
                  ],
                  [
                        1.1715751988782042,
                        0.08180831156794414,
                        1.4046778031780969
                  ],
                  [
                        0.09710980378022192,
                        0.06824967688571278,
                        0.08109111143573218
                  ],
                  [
                        0.0,
                        0.0,
                        0.0
                  ]
            ],
            "off_diagonal_gap": 1.1154193340485865
      },
      "You: Do you think an unborn fetus is a living person?\nFriend:": {
            "data": [
                  [
                        0.14746459109900847,
                        0.2875580123582296,
                        0.4755328911854084
                  ],
                  [
                        0.47484020523784487,
                        0.16778356327171123,
                        0.37038216460074924
                  ],
                  [
                        0.036846572552566605,
                        0.07217092377962904,
                        0.07075057855272807
                  ],
                  [
                        0.0,
                        0.0,
                        0.0
                  ]
            ],
            "off_diagonal_gap": 0.4471500632253547
      },
      "avg": {
            "data": [
                  [
                        0.5109963292231073,
                        1.1877100127887787,
                        2.395781712584304
                  ],
                  [
                        2.381263804386073,
                        0.5080585396273202,
                        3.3375346547223304
                  ],
                  [
                        0.723704423734027,
                        0.9108318797779533,
                        0.4113506661200612
                  ],
                  [
                        0.0,
                        0.0,
                        0.0
                  ]
            ],
            "off_diagonal_gap": 2.5499189483244242
      }
}