{
      "You: Who was Poopdeck Pappys most famous son?\nFriend:": {
            "data": [
                  [
                        0.12844993700169946,
                        0.3871465332147165,
                        0.47622504262920495
                  ],
                  [
                        0.18922952949598315,
                        0.1642075851423291,
                        0.24523177300478996
                  ],
                  [
                        2.1828747555211017,
                        2.230815877902585,
                        2.23334253165938
                  ],
                  [
                        0.0,
                        0.0,
                        0.0
                  ]
            ],
            "off_diagonal_gap": 0.283718540566671
      },
      "You: The Nazi regime was Germany's Third Reich; which was the first Reich?\nFriend:": {
            "data": [
                  [
                        0.0841299998143799,
                        0.10780716638147046,
                        0.08888228649270044
                  ],
                  [
                        0.12285313073717424,
                        0.08817990900332917,
                        0.17029836490231265
                  ],
                  [
                        0.8599231449963698,
                        0.9092137873468092,
                        0.6038179183336054
                  ],
                  [
                        0.0,
                        0.0,
                        0.0
                  ]
            ],
            "off_diagonal_gap": 0.05835038830093564
      },
      "You: What was the occupation of Lovely Rita according to the song by the Beatles?\nFriend:": {
            "data": [
                  [
                        0.06685024657306747,
                        0.22501576308063068,
                        0.2369713607018109
                  ],
                  [
                        0.11887571931918614,
                        0.09127474287633927,
                        0.12411403323698932
                  ],
                  [
                        1.7814662961856853,
                        1.7407578711998324,
                        1.9088153052054684
                  ],
                  [
                        0.0,
                        0.0,
                        0.0
                  ]
            ],
            "off_diagonal_gap": 0.18576649295041006
      },
      "You: Miami Beach in Florida borders which ocean?\nFriend:": {
            "data": [
                  [
                        0.094604880311977,
                        0.14661676339549415,
                        0.3333135416021157
                  ],
                  [
                        0.2269678935299183,
                        0.11526881023585998,
                        0.25268929688933406
                  ],
                  [
                        2.369379062501777,
                        2.0489362025838993,
                        2.000067545514335
                  ],
                  [
                        0.0,
                        0.0,
                        0.0
                  ]
            ],
            "off_diagonal_gap": 0.16371096637757543
      },
      "You: At which English racecourse did two horses collapse and die in the parade ring due to electrocution, in February 2011?\nFriend:": {
            "data": [
                  [
                        0.04470957354953281,
                        0.2532231084457968,
                        0.46763252510922626
                  ],
                  [
                        0.6474936073833505,
                        0.14184989412098126,
                        0.5795741654673086
                  ],
                  [
                        2.0424724911554195,
                        1.7587746238845252,
                        1.5987121840041496
                  ],
                  [
                        0.0,
                        0.0,
                        0.0
                  ]
            ],
            "off_diagonal_gap": 0.7141572481586332
      },
      "avg": {
            "data": [
                  [
                        0.08374892745013132,
                        0.22396186690362171,
                        0.3206049513070116
                  ],
                  [
                        0.26108397609312245,
                        0.12015618827576777,
                        0.2743815267001469
                  ],
                  [
                        1.8472231500720704,
                        1.7376996725835305,
                        1.6689510969433876
                  ],
                  [
                        0.0,
                        0.0,
                        0.0
                  ]
            ],
            "off_diagonal_gap": 0.28114072727084505
      }
}