{
      "You:Miami Beach in Florida borders which ocean?\nFriend:": {
            "data": [
                  [
                        0.11259520690916634,
                        0.2535353032505693,
                        0.30083158165836404
                  ],
                  [
                        0.10126713767955538,
                        0.11944768720428517,
                        0.6043707106237256
                  ],
                  [
                        0.8724006542087173,
                        0.8155971609203629,
                        0.8554711498685167
                  ],
                  [
                        0.0,
                        0.0,
                        0.0
                  ]
            ],
            "off_diagonal_gap": 0.12275954681667312
      },
      "You:What was the occupation of Lovely Rita according to the song by the Beatles?\nFriend:": {
            "data": [
                  [
                        0.10177993570218295,
                        0.5674111603748548,
                        0.44476322680999814
                  ],
                  [
                        0.13777163874964368,
                        0.11848611765815942,
                        0.11918189661535712
                  ],
                  [
                        1.6564297094407423,
                        1.5976981071322873,
                        1.6225164019803944
                  ],
                  [
                        0.0,
                        0.0,
                        0.0
                  ]
            ],
            "off_diagonal_gap": 0.4849167457641562
      },
      "You:Who was Poopdeck Pappys most famous son?\nFriend:": {
            "data": [
                  [
                        0.12146687779506468,
                        0.5126788495086938,
                        0.4489774593713301
                  ],
                  [
                        0.20397087160753763,
                        0.14395378404404535,
                        0.28806851614047757
                  ],
                  [
                        2.1261907366911563,
                        2.0262483045925896,
                        1.9229891544009838
                  ],
                  [
                        0.0,
                        0.0,
                        0.0
                  ]
            ],
            "off_diagonal_gap": 0.4512290592771214
      },
      "avg": {
            "data": [
                  [
                        0.11194734013547132,
                        0.44454177104470594,
                        0.39819075594656406
                  ],
                  [
                        0.14766988267891223,
                        0.12729586296882997,
                        0.33720704112652006
                  ],
                  [
                        1.5516737001135386,
                        1.4798478575484133,
                        1.4669922354166316
                  ],
                  [
                        0.0,
                        0.0,
                        0.0
                  ]
            ],
            "off_diagonal_gap": 0.3529684506193169
      }
}