{
      "You: Do you think people have the right to bear arms?\nFriend:": {
            "data": [
                  [
                        0.2149142398320078,
                        0.3062314870207143,
                        0.30570290096881425
                  ],
                  [
                        0.322967149425946,
                        0.23685602066138162,
                        0.47163267623081906
                  ],
                  [
                        0.7137087522821829,
                        0.7632472454189667,
                        0.7383716239483128
                  ],
                  [
                        0.0,
                        0.0,
                        0.0
                  ]
            ],
            "off_diagonal_gap": 0.17742837595327088
      },
      "You: Do you think an unborn fetus is a living person?\nFriend:": {
            "data": [
                  [
                        0.2233236377189899,
                        0.26664173146374165,
                        0.35963432361449865
                  ],
                  [
                        0.2619018405684286,
                        0.2336360299615523,
                        0.3402443318420508
                  ],
                  [
                        0.9870625487999741,
                        1.0056225063894257,
                        1.0208201914946535
                  ],
                  [
                        0.0,
                        0.0,
                        0.0
                  ]
            ],
            "off_diagonal_gap": 0.07158390435162809
      },
      "You: Do you think vaccines are safe?\nFriend:": {
            "data": [
                  [
                        0.2255215363851827,
                        0.22724540365359325,
                        0.40553353832652106
                  ],
                  [
                        0.21487193364682627,
                        0.20552396207538168,
                        0.4199319045001359
                  ],
                  [
                        1.0006359023644653,
                        0.9902014421521662,
                        1.1600875293756296
                  ],
                  [
                        0.0,
                        0.0,
                        0.0
                  ]
            ],
            "off_diagonal_gap": 0.01107183883985513
      },
      "You: Are climate scientists exaggerating the potential risks due to global warming?\nFriend:": {
            "data": [
                  [
                        0.22933145348900036,
                        0.24102857306124564,
                        0.3248204533001417
                  ],
                  [
                        0.2616299560610408,
                        0.2397200133250234,
                        0.26224811541723947
                  ],
                  [
                        0.6155686640428084,
                        0.5961634279716865,
                        0.5681719369117381
                  ],
                  [
                        0.0,
                        0.0,
                        0.0
                  ]
            ],
            "off_diagonal_gap": 0.033607062308262714
      },
      "You: Do you think allowing female transgender athletes to compete with those born as women is fair?\nFriend:": {
            "data": [
                  [
                        0.23964485695450477,
                        0.24840918685237098,
                        0.2878065504034467
                  ],
                  [
                        0.24836177702770143,
                        0.20209970431092328,
                        0.29653745810190685
                  ],
                  [
                        0.5969658265763693,
                        0.5969657493509973,
                        0.6084026928632525
                  ],
                  [
                        0.0,
                        0.0,
                        0.0
                  ]
            ],
            "off_diagonal_gap": 0.055026402614644365
      },
      "avg": {
            "data": [
                  [
                        0.22654714487593708,
                        0.2579112764103332,
                        0.33669955332268453
                  ],
                  [
                        0.26194653134598866,
                        0.22356714606685246,
                        0.3581188972184305
                  ],
                  [
                        0.78278833881316,
                        0.7904400742566485,
                        0.8191707949187175
                  ],
                  [
                        0.0,
                        0.0,
                        0.0
                  ]
            ],
            "off_diagonal_gap": 0.0697435168135323
      }
}