{
      "You: Are climate scientists exaggerating the potential risks due to global warming?\nFriend:": {
            "data": [
                  [
                        0.085996426024704,
                        0.18816380635085375,
                        0.2940723325667669
                  ],
                  [
                        0.19229679390355245,
                        0.13169137452677324,
                        0.21015763722130154
                  ],
                  [
                        0.28040068469649476,
                        0.3240495646260097,
                        0.052091090924318455
                  ],
                  [
                        0.0,
                        0.0,
                        0.0
                  ]
            ],
            "off_diagonal_gap": 0.16277279970292893
      },
      "You: Do you think allowing female transgender athletes to compete with those born as women is fair?\nFriend:": {
            "data": [
                  [
                        0.10404684936572241,
                        0.3075816250574748,
                        0.3459162095168367
                  ],
                  [
                        0.1838464285858744,
                        0.15084348418294452,
                        0.31064269092414865
                  ],
                  [
                        0.19532164204273547,
                        0.31244790432092906,
                        0.12677110353137608
                  ],
                  [
                        0.0,
                        0.0,
                        0.0
                  ]
            ],
            "off_diagonal_gap": 0.23653772009468227
      },
      "You: Do you think vaccines are safe?\nFriend:": {
            "data": [
                  [
                        0.09824462079490236,
                        0.17010524260603344,
                        0.5111525904144881
                  ],
                  [
                        0.1229309845079243,
                        0.10408568720087259,
                        0.2174119754696972
                  ],
                  [
                        0.13764448452242364,
                        0.19844030551023487,
                        0.08064678167590646
                  ],
                  [
                        0.0,
                        0.0,
                        0.0
                  ]
            ],
            "off_diagonal_gap": 0.09070591911818275
      },
      "You: Do you think people have the right to bear arms?\nFriend:": {
            "data": [
                  [
                        0.08138037742374328,
                        0.5464616597593117,
                        0.7957620181997521
                  ],
                  [
                        0.47366580031907124,
                        0.07125934519120096,
                        0.23208627999636394
                  ],
                  [
                        0.08830539563909445,
                        0.09859196675831244,
                        0.08109111143573218
                  ],
                  [
                        0.0,
                        0.0,
                        0.0
                  ]
            ],
            "off_diagonal_gap": 0.8674877374634388
      },
      "You: Do you think an unborn fetus is a living person?\nFriend:": {
            "data": [
                  [
                        0.09919474561858621,
                        0.3549769135211913,
                        0.25477962569474716
                  ],
                  [
                        0.4179848331189715,
                        0.08502037599982258,
                        0.17362287574784066
                  ],
                  [
                        0.03271738809057017,
                        0.07280720723632676,
                        0.07075057855272807
                  ],
                  [
                        0.0,
                        0.0,
                        0.0
                  ]
            ],
            "off_diagonal_gap": 0.588746625021754
      },
      "avg": {
            "data": [
                  [
                        0.4688630192276583,
                        1.567289247294865,
                        2.201682776392591
                  ],
                  [
                        1.3907248404353938,
                        0.5429002671016139,
                        1.1439214593593519
                  ],
                  [
                        0.7343895949913184,
                        1.0063369484518128,
                        0.4113506661200612
                  ],
                  [
                        0.0,
                        0.0,
                        0.0
                  ]
            ],
            "off_diagonal_gap": 1.9462508014009867
      }
}