{
      "You: Are climate scientists exaggerating the potential risks due to global warming?\nFriend:": {
            "data": [
                  [
                        0.11588435804893726,
                        0.2303053991357422,
                        0.27846641902840064
                  ],
                  [
                        0.19178258746534407,
                        0.08982442658408717,
                        0.2005639253449788
                  ],
                  [
                        0.3327987198273417,
                        0.30311527506879865,
                        0.052091090924318455
                  ],
                  [
                        0.0,
                        0.0,
                        0.0
                  ]
            ],
            "off_diagonal_gap": 0.21637920196806182
      },
      "You: Do you think allowing female transgender athletes to compete with those born as women is fair?\nFriend:": {
            "data": [
                  [
                        0.04423514350507234,
                        0.06406549164876384,
                        0.0465328202536791
                  ],
                  [
                        0.2805665748970357,
                        0.18008392173415805,
                        0.35883970368026713
                  ],
                  [
                        0.23467274862788584,
                        0.22366113116657527,
                        0.12677110353137608
                  ],
                  [
                        0.0,
                        0.0,
                        0.0
                  ]
            ],
            "off_diagonal_gap": 0.12031300130656913
      },
      "You: Do you think vaccines are safe?\nFriend:": {
            "data": [
                  [
                        0.08501950662218578,
                        0.08323446470922884,
                        0.26560152497700357
                  ],
                  [
                        0.23491473214704153,
                        0.09443187492671999,
                        0.23075959022796225
                  ],
                  [
                        0.13873782101889423,
                        0.1344569564027521,
                        0.08064678167590646
                  ],
                  [
                        0.0,
                        0.0,
                        0.0
                  ]
            ],
            "off_diagonal_gap": 0.13869781530736458
      },
      "You: Do you think people have the right to bear arms?\nFriend:": {
            "data": [
                  [
                        0.09894576332304267,
                        0.15963884557975266,
                        0.24912473514331812
                  ],
                  [
                        0.15210461929408756,
                        0.06370542373808356,
                        0.16856067839063096
                  ],
                  [
                        0.15015314269086147,
                        0.07586287445268668,
                        0.08109111143573218
                  ],
                  [
                        0.0,
                        0.0,
                        0.0
                  ]
            ],
            "off_diagonal_gap": 0.14909227781271395
      },
      "You: Do you think an unborn fetus is a living person?\nFriend:": {
            "data": [
                  [
                        0.16378827321901682,
                        0.2605020079002264,
                        0.4844841107987557
                  ],
                  [
                        0.1700646263804329,
                        0.14038970760522743,
                        0.25051923238286977
                  ],
                  [
                        0.035700407805879346,
                        0.06376624303039499,
                        0.07075057855272807
                  ],
                  [
                        0.0,
                        0.0,
                        0.0
                  ]
            ],
            "off_diagonal_gap": 0.126388653456415
      },
      "avg": {
            "data": [
                  [
                        0.5078730447182549,
                        0.7977462089737138,
                        1.3242096102011571
                  ],
                  [
                        1.0294331401839418,
                        0.5684353545882762,
                        1.2092431300267088
                  ],
                  [
                        0.8920628399708626,
                        0.8008624801212078,
                        0.4113506661200612
                  ],
                  [
                        0.0,
                        0.0,
                        0.0
                  ]
            ],
            "off_diagonal_gap": 0.7508709498511247
      }
}