{
      "You: Are climate scientists exaggerating the potential risks due to global warming?\nFriend:": {
            "data": [
                  [
                        0.11588435804893726,
                        0.21741476319602027,
                        0.27846641902840064
                  ],
                  [
                        0.21097587017722996,
                        0.07402467273993979,
                        0.21806409542415037
                  ],
                  [
                        0.3327987198273417,
                        0.24265820802435353,
                        0.052091090924318455
                  ],
                  [
                        0.0,
                        0.0,
                        0.0
                  ]
            ],
            "off_diagonal_gap": 0.23848160258437318
      },
      "You: Do you think allowing female transgender athletes to compete with those born as women is fair?\nFriend:": {
            "data": [
                  [
                        0.04423514350507234,
                        0.04164855531576472,
                        0.0465328202536791
                  ],
                  [
                        0.1976088568269406,
                        0.11326655356698269,
                        0.34510551480687807
                  ],
                  [
                        0.23467274862788584,
                        0.23905156490818516,
                        0.12677110353137608
                  ],
                  [
                        0.0,
                        0.0,
                        0.0
                  ]
            ],
            "off_diagonal_gap": 0.08175571507065028
      },
      "You: Do you think vaccines are safe?\nFriend:": {
            "data": [
                  [
                        0.08501950662218578,
                        0.17398255933002602,
                        0.26560152497700357
                  ],
                  [
                        0.17838348706323903,
                        0.09239179608674794,
                        0.32272006952860494
                  ],
                  [
                        0.13873782101889423,
                        0.1398162698548262,
                        0.08064678167590646
                  ],
                  [
                        0.0,
                        0.0,
                        0.0
                  ]
            ],
            "off_diagonal_gap": 0.17495474368433137
      },
      "You: Do you think people have the right to bear arms?\nFriend:": {
            "data": [
                  [
                        0.09894576332304267,
                        0.1801269768432621,
                        0.24912473514331812
                  ],
                  [
                        0.537047579991989,
                        0.17295039579436178,
                        0.4904017529865882
                  ],
                  [
                        0.15015314269086147,
                        0.12668019190073418,
                        0.08109111143573218
                  ],
                  [
                        0.0,
                        0.0,
                        0.0
                  ]
            ],
            "off_diagonal_gap": 0.4452783977178466
      },
      "You: Do you think an unborn fetus is a living person?\nFriend:": {
            "data": [
                  [
                        0.16378827321901682,
                        0.58946771468786,
                        0.4844841107987557
                  ],
                  [
                        0.5914796585144833,
                        0.11040017359592329,
                        0.7087996030502755
                  ],
                  [
                        0.035700407805879346,
                        0.07202427768980406,
                        0.07075057855272807
                  ],
                  [
                        0.0,
                        0.0,
                        0.0
                  ]
            ],
            "off_diagonal_gap": 0.9067589263874032
      },
      "avg": {
            "data": [
                  [
                        0.5078730447182549,
                        1.202640569372933,
                        1.3242096102011571
                  ],
                  [
                        1.715495452573882,
                        0.5630335917839554,
                        2.085091035796497
                  ],
                  [
                        0.8920628399708626,
                        0.8202305123779031,
                        0.4113506661200612
                  ],
                  [
                        0.0,
                        0.0,
                        0.0
                  ]
            ],
            "off_diagonal_gap": 1.8472293854446042
      }
}