{
      "You: Are climate scientists exaggerating the potential risks due to global warming?\nFriend:": {
            "data": [
                  [
                        0.109111108888839,
                        0.7557899710616526,
                        0.6292782577309741
                  ],
                  [
                        0.607271488460598,
                        0.10045347568300772,
                        0.6053661088920466
                  ],
                  [
                        0.33799913341235666,
                        0.3135983973367638,
                        0.052091090924318455
                  ],
                  [
                        0.0,
                        0.0,
                        0.0
                  ]
            ],
            "off_diagonal_gap": 1.1534968749504038
      },
      "You: Do you think allowing female transgender athletes to compete with those born as women is fair?\nFriend:": {
            "data": [
                  [
                        0.12123189044734681,
                        0.5691541985857875,
                        0.48431164438271856
                  ],
                  [
                        0.3431866725166634,
                        0.06373507041282513,
                        0.19142411558542347
                  ],
                  [
                        0.20191460130123046,
                        0.29073519293880595,
                        0.12677110353137608
                  ],
                  [
                        0.0,
                        0.0,
                        0.0
                  ]
            ],
            "off_diagonal_gap": 0.727373910242279
      },
      "You: Do you think vaccines are safe?\nFriend:": {
            "data": [
                  [
                        0.103499098740913,
                        0.3691031140824401,
                        0.12551460055531846
                  ],
                  [
                        0.6508167646790631,
                        0.09427811869183195,
                        0.765684462466014
                  ],
                  [
                        0.15468833844580243,
                        0.16607768883704163,
                        0.08064678167590646
                  ],
                  [
                        0.0,
                        0.0,
                        0.0
                  ]
            ],
            "off_diagonal_gap": 0.8221426613287584
      },
      "You: Do you think people have the right to bear arms?\nFriend:": {
            "data": [
                  [
                        0.04916465564872211,
                        0.3101584044771958,
                        0.19207001533542697
                  ],
                  [
                        1.7596045058940628,
                        0.08180831156794414,
                        1.4046778031780969
                  ],
                  [
                        0.052625507845940216,
                        0.06824967688571278,
                        0.08109111143573218
                  ],
                  [
                        0.0,
                        0.0,
                        0.0
                  ]
            ],
            "off_diagonal_gap": 1.9387899431545923
      },
      "You: Do you think an unborn fetus is a living person?\nFriend:": {
            "data": [
                  [
                        0.11267983150271828,
                        0.5708562344344622,
                        0.6854741922818979
                  ],
                  [
                        0.5519048068379302,
                        0.16778356327171123,
                        0.37038216460074924
                  ],
                  [
                        0.06835026576142121,
                        0.07217092377962904,
                        0.07075057855272807
                  ],
                  [
                        0.0,
                        0.0,
                        0.0
                  ]
            ],
            "off_diagonal_gap": 0.8422976464979628
      },
      "avg": {
            "data": [
                  [
                        0.4956865852285392,
                        2.575061922641538,
                        2.116648710286336
                  ],
                  [
                        3.9127842383883173,
                        0.5080585396273202,
                        3.3375346547223304
                  ],
                  [
                        0.815577846766751,
                        0.9108318797779533,
                        0.4113506661200612
                  ],
                  [
                        0.0,
                        0.0,
                        0.0
                  ]
            ],
            "off_diagonal_gap": 5.484101036173996
      }
}