{
      "You: Are climate scientists exaggerating the potential risks due to global warming?\nFriend:": {
            "data": [
                  [
                        0.085996426024704,
                        0.18519617239018213,
                        0.2940723325667669
                  ],
                  [
                        0.15759704986837622,
                        0.07402467273993979,
                        0.21806409542415037
                  ],
                  [
                        0.28040068469649476,
                        0.24265820802435353,
                        0.052091090924318455
                  ],
                  [
                        0.0,
                        0.0,
                        0.0
                  ]
            ],
            "off_diagonal_gap": 0.18277212349391453
      },
      "You: Do you think allowing female transgender athletes to compete with those born as women is fair?\nFriend:": {
            "data": [
                  [
                        0.10404684936572241,
                        0.3008948319739959,
                        0.3459162095168367
                  ],
                  [
                        0.20147844466239573,
                        0.11326655356698269,
                        0.34510551480687807
                  ],
                  [
                        0.19532164204273547,
                        0.23905156490818516,
                        0.12677110353137608
                  ],
                  [
                        0.0,
                        0.0,
                        0.0
                  ]
            ],
            "off_diagonal_gap": 0.2850598737036866
      },
      "You: Do you think vaccines are safe?\nFriend:": {
            "data": [
                  [
                        0.09824462079490236,
                        0.34835294365395275,
                        0.5111525904144881
                  ],
                  [
                        0.2092006916550699,
                        0.09239179608674794,
                        0.32272006952860494
                  ],
                  [
                        0.13764448452242364,
                        0.1398162698548262,
                        0.08064678167590646
                  ],
                  [
                        0.0,
                        0.0,
                        0.0
                  ]
            ],
            "off_diagonal_gap": 0.36691721842737235
      },
      "You: Do you think people have the right to bear arms?\nFriend:": {
            "data": [
                  [
                        0.08138037742374328,
                        0.5093316406843719,
                        0.7957620181997521
                  ],
                  [
                        0.4186088702680349,
                        0.17295039579436178,
                        0.4904017529865882
                  ],
                  [
                        0.08830539563909445,
                        0.12668019190073418,
                        0.08109111143573218
                  ],
                  [
                        0.0,
                        0.0,
                        0.0
                  ]
            ],
            "off_diagonal_gap": 0.6736097377343018
      },
      "You: Do you think an unborn fetus is a living person?\nFriend:": {
            "data": [
                  [
                        0.09919474561858621,
                        0.2928425523123696,
                        0.25477962569474716
                  ],
                  [
                        0.49120571396861046,
                        0.11040017359592329,
                        0.7087996030502755
                  ],
                  [
                        0.03271738809057017,
                        0.07202427768980406,
                        0.07075057855272807
                  ],
                  [
                        0.0,
                        0.0,
                        0.0
                  ]
            ],
            "off_diagonal_gap": 0.5744533470664706
      },
      "avg": {
            "data": [
                  [
                        0.4688630192276583,
                        1.6366181410148724,
                        2.201682776392591
                  ],
                  [
                        1.478090770422487,
                        0.5630335917839554,
                        2.085091035796497
                  ],
                  [
                        0.7343895949913184,
                        0.8202305123779031,
                        0.4113506661200612
                  ],
                  [
                        0.0,
                        0.0,
                        0.0
                  ]
            ],
            "off_diagonal_gap": 2.0828123004257457
      }
}