{
      "You: Are climate scientists exaggerating the potential risks due to global warming?\nFriend:": {
            "data": [
                  [
                        0.11588435804893726,
                        0.2731642413200654,
                        0.27846641902840064
                  ],
                  [
                        0.17193058448892565,
                        0.13169137452677324,
                        0.21015763722130154
                  ],
                  [
                        0.3327987198273417,
                        0.3240495646260097,
                        0.052091090924318455
                  ],
                  [
                        0.0,
                        0.0,
                        0.0
                  ]
            ],
            "off_diagonal_gap": 0.19751909323328057
      },
      "You: Do you think allowing female transgender athletes to compete with those born as women is fair?\nFriend:": {
            "data": [
                  [
                        0.04423514350507234,
                        0.038841772755110866,
                        0.0465328202536791
                  ],
                  [
                        0.18327889714918777,
                        0.15084348418294452,
                        0.31064269092414865
                  ],
                  [
                        0.23467274862788584,
                        0.31244790432092906,
                        0.12677110353137608
                  ],
                  [
                        0.0,
                        0.0,
                        0.0
                  ]
            ],
            "off_diagonal_gap": 0.02704204221628176
      },
      "You: Do you think vaccines are safe?\nFriend:": {
            "data": [
                  [
                        0.08501950662218578,
                        0.10759883466550342,
                        0.26560152497700357
                  ],
                  [
                        0.12137120488888486,
                        0.10408568720087259,
                        0.2174119754696972
                  ],
                  [
                        0.13873782101889423,
                        0.19844030551023487,
                        0.08064678167590646
                  ],
                  [
                        0.0,
                        0.0,
                        0.0
                  ]
            ],
            "off_diagonal_gap": 0.03986484573132991
      },
      "You: Do you think people have the right to bear arms?\nFriend:": {
            "data": [
                  [
                        0.09894576332304267,
                        0.24682596386263533,
                        0.24912473514331812
                  ],
                  [
                        0.5052947931857823,
                        0.07125934519120096,
                        0.23208627999636394
                  ],
                  [
                        0.15015314269086147,
                        0.09859196675831244,
                        0.08109111143573218
                  ],
                  [
                        0.0,
                        0.0,
                        0.0
                  ]
            ],
            "off_diagonal_gap": 0.5819156485341741
      },
      "You: Do you think an unborn fetus is a living person?\nFriend:": {
            "data": [
                  [
                        0.16378827321901682,
                        0.3593304311590574,
                        0.4844841107987557
                  ],
                  [
                        0.25090649727483777,
                        0.08502037599982258,
                        0.17362287574784066
                  ],
                  [
                        0.035700407805879346,
                        0.07280720723632676,
                        0.07075057855272807
                  ],
                  [
                        0.0,
                        0.0,
                        0.0
                  ]
            ],
            "off_diagonal_gap": 0.3614282792150557
      },
      "avg": {
            "data": [
                  [
                        0.5078730447182549,
                        1.0257612437623722,
                        1.3242096102011571
                  ],
                  [
                        1.2327819769876183,
                        0.5429002671016139,
                        1.1439214593593519
                  ],
                  [
                        0.8920628399708626,
                        1.0063369484518128,
                        0.4113506661200612
                  ],
                  [
                        0.0,
                        0.0,
                        0.0
                  ]
            ],
            "off_diagonal_gap": 1.2077699089301215
      }
}