{
      "You: Do you think people have the right to bear arms?\nFriend:": {
            "dem": [
                  " I do not think people have the right to bear arms.",
                  " I do not think people have the right to bear arms.",
                  " I do not think people have the right to bear arms."
            ],
            "dem_logprobs": [
                  [
                        -0.57321805,
                        -0.83224815,
                        -0.09823307,
                        -0.19690935,
                        -0.084711425,
                        -0.4022311,
                        -0.00059367216,
                        -0.00015982577,
                        -3.988961e-05,
                        -0.004110579,
                        -5.264588e-05,
                        -0.00023619535
                  ],
                  [
                        -0.5755306,
                        -0.8463862,
                        -0.10090669,
                        -0.20085622,
                        -0.08586958,
                        -0.40282053,
                        -0.0006440683,
                        -0.00017270124,
                        -4.1200903e-05,
                        -0.0044526835,
                        -5.3955304e-05,
                        -0.00024394579
                  ],
                  [
                        -0.5755306,
                        -0.8463862,
                        -0.10090669,
                        -0.20085622,
                        -0.08586958,
                        -0.40412542,
                        -0.00063428754,
                        -0.00017508729,
                        -4.179789e-05,
                        -0.003696021,
                        -5.24084e-05,
                        -0.0002386978
                  ]
            ],
            "repub": [
                  " I do. I think it is important for people to be able to protect themselves.",
                  " Yes, I think people have the right to bear arms.",
                  " I do. I think it's important for people to be able to protect themselves."
            ],
            "repub_logprobs": [
                  [
                        -0.67268807,
                        -0.31185788,
                        -0.08539368,
                        -0.10200568,
                        -0.015708355,
                        -0.63523334,
                        -0.8605866,
                        -1.3009024,
                        -0.3057873,
                        -0.055125315,
                        -3.4403198e-05,
                        -0.07607054,
                        -3.5477948e-05,
                        -1.2588937e-05,
                        -0.1962564,
                        -9.24644e-05,
                        -0.60051227
                  ],
                  [
                        -1.4741913,
                        -0.052026138,
                        -0.11997255,
                        -0.5268494,
                        -0.23280449,
                        -0.03534961,
                        -0.07230259,
                        -0.001008552,
                        -0.00013574092,
                        -0.070941575,
                        -3.488097e-05,
                        -0.03010673
                  ],
                  [
                        -0.67336655,
                        -0.30803484,
                        -0.08472719,
                        -0.10126431,
                        -0.015271839,
                        -0.63178045,
                        -0.55761224,
                        -0.5421348,
                        -0.8518244,
                        -0.04468119,
                        -2.5941252e-05,
                        -0.04069035,
                        -5.79217e-06,
                        -6.6294406e-06,
                        -0.1951513,
                        -6.432833e-05,
                        -0.4789915
                  ]
            ],
            "noprompt": [
                  "\n\nThere is a lot of debate on this topic, but ultimately it comes down to interpretation of the Second Amendment of the United States Constitution. Some people believe that the amendment protects the right of Americans to keep and bear arms, while others believe that it is subject to regulation by the government.",
                  " I think that people have the right to bear arms because it is their constitutional right.",
                  "\n\nThere is a lot of debate on this topic, but ultimately it comes down to interpretation of the Second Amendment of the United States Constitution. Some people believe that the amendment protects the right of Americans to bear arms, while others believe that the amendment only applies to the right of Americans to bear arms in a militia."
            ],