{
      "You: Do you think people have the right to bear arms?\nFriend:": {
            "data": [
                  [
                        0.10812523695891986,
                        0.5933854089082751,
                        0.26747852006597944
                  ],
                  [
                        0.29200746809251843,
                        0.13631236737613453,
                        0.28115405080713163
                  ],
                  [
                        0.3779110609970632,
                        0.37661639220858245,
                        0.10788150585752009
                  ],
                  [
                        1.055184007771927,
                        1.0582209841756098,
                        0.922394032247554
                  ]
            ],
            "off_diagonal_gap": 0.6409552726657392
      },
      "avg": {
            "data": [
                  [
                        0.10812523695891986,
                        0.5933854089082751,
                        0.26747852006597944
                  ],
                  [
                        0.29200746809251843,
                        0.13631236737613453,
                        0.28115405080713163
                  ],
                  [
                        0.3779110609970632,
                        0.37661639220858245,
                        0.10788150585752009
                  ],
                  [
                        1.055184007771927,
                        1.0582209841756098,
                        0.922394032247554
                  ]
            ],
            "off_diagonal_gap": 0.6409552726657392
      }
}