{
      "noprompt": {
            "total_questions": 2628,
            "f1": 0.3931852935656759,
            "correct_and_dk": 7,
            "atleastone_correct": 647,
            "all_correct": 534,
            "total_correct": 1787,
            "exact_match_atleastone_correct": 293,
            "exact_match_all_correct": 108,
            "exact_match_total_correct": 588,
            "atleastone_DK": 25,
            "all_DK": 3,
            "total_DK": 66,
            "atleastone_correct_%": 0.7385844748858448,
            "atleastone_DK_%": 0.028538812785388126,
            "all_correct_%": 0.6095890410958904,
            "all_DK_%": 0.003424657534246575,
            "correct_and_dk_%": 0.007990867579908675,
            "total_correct_%": 0.6799847792998478,
            "total_DK_%": 0.02511415525114155,
            "exact_match_atleastone_correct_%": 0.3344748858447488,
            "exact_match_all_correct_%": 0.1232876712328767,
            "exact_match_total_correct_%": 0.2237442922374429
      },
      "SUM": {
            "total_questions": 876,
            "f1": 0.3761320613524457,
            "correct_and_dk": 3,
            "atleastone_correct": 591,
            "all_correct": 591,
            "total_correct": 591,
            "exact_match_atleastone_correct": 180,
            "exact_match_all_correct": 180,
            "exact_match_total_correct": 180,
            "atleastone_DK": 17,
            "all_DK": 17,
            "total_DK": 34,
            "atleastone_correct_%": 0.6746575342465754,
            "atleastone_DK_%": 0.019406392694063926,
            "all_correct_%": 0.6746575342465754,
            "all_DK_%": 0.019406392694063926,
            "correct_and_dk_%": 0.003424657534246575,
            "total_correct_%": 0.6746575342465754,
            "total_DK_%": 0.03881278538812785,
            "exact_match_atleastone_correct_%": 0.2054794520547945,
            "exact_match_all_correct_%": 0.2054794520547945,
            "exact_match_total_correct_%": 0.2054794520547945
      },
      "SUM_noquestion": {
            "total_questions": 876,
            "f1": 0.3771071648656869,
            "correct_and_dk": 1,
            "atleastone_correct": 591,
            "all_correct": 591,
            "total_correct": 591,
            "exact_match_atleastone_correct": 180,
            "exact_match_all_correct": 180,
            "exact_match_total_correct": 180,
            "atleastone_DK": 15,
            "all_DK": 15,
            "total_DK": 30,
            "atleastone_correct_%": 0.6746575342465754,
            "atleastone_DK_%": 0.017123287671232876,
            "all_correct_%": 0.6746575342465754,
            "all_DK_%": 0.017123287671232876,
            "correct_and_dk_%": 0.001141552511415525,
            "total_correct_%": 0.6746575342465754,
            "total_DK_%": 0.03424657534246575,
            "exact_match_atleastone_correct_%": 0.2054794520547945,
            "exact_match_all_correct_%": 0.2054794520547945,
            "exact_match_total_correct_%": 0.2054794520547945
      },
      "SUM_tatsu": {
            "total_questions": 776,
            "f1": 0.3826713180633473,
            "correct_and_dk": 0,
            "atleastone_correct": 529,
            "all_correct": 529,
            "total_correct": 529,
            "exact_match_atleastone_correct": 168,
            "exact_match_all_correct": 168,
            "exact_match_total_correct": 168,
            "atleastone_DK": 13,
            "all_DK": 13,
            "total_DK": 26,
            "atleastone_correct_%": 0.6817010309278351,
            "atleastone_DK_%": 0.01675257731958763,
            "all_correct_%": 0.6817010309278351,
            "all_DK_%": 0.01675257731958763,
            "correct_and_dk_%": 0.0,
            "total_correct_%": 0.6817010309278351,
            "total_DK_%": 0.03350515463917526,
            "exact_match_atleastone_correct_%": 0.21649484536082475,
            "exact_match_all_correct_%": 0.21649484536082475,
            "exact_match_total_correct_%": 0.21649484536082475
      },
      "dem": {
            "total_questions": 2628,
            "f1": 0.38795519122691097,
            "correct_and_dk": 8,
            "atleastone_correct": 640,
            "all_correct": 522,
            "total_correct": 1759,
            "exact_match_atleastone_correct": 291,
            "exact_match_all_correct": 105,
            "exact_match_total_correct": 585,
            "atleastone_DK": 28,
            "all_DK": 6,
            "total_DK": 84,
            "atleastone_correct_%": 0.730593607305936,
            "atleastone_DK_%": 0.0319634703196347,
            "all_correct_%": 0.595890410958904,
            "all_DK_%": 0.00684931506849315,
            "correct_and_dk_%": 0.0091324200913242,
            "total_correct_%": 0.6693302891933028,
            "total_DK_%": 0.0319634703196347,
            "exact_match_atleastone_correct_%": 0.3321917808219178,
            "exact_match_all_correct_%": 0.11986301369863013,
            "exact_match_total_correct_%": 0.2226027397260274
      },
      "repub": {
            "total_questions": 2628,
            "f1": 0.3818704404473741,
            "correct_and_dk": 11,
            "atleastone_correct": 635,
            "all_correct": 518,
            "total_correct": 1744,
            "exact_match_atleastone_correct": 285,
            "exact_match_all_correct": 103,
            "exact_match_total_correct": 567,
            "atleastone_DK": 40,
            "all_DK": 9,
            "total_DK": 128,
            "atleastone_correct_%": 0.7248858447488584,
            "atleastone_DK_%": 0.045662100456621,
            "all_correct_%": 0.591324200913242,
            "all_DK_%": 0.010273972602739725,
            "correct_and_dk_%": 0.012557077625570776,
            "total_correct_%": 0.6636225266362252,
            "total_DK_%": 0.0487062404870624,
            "exact_match_atleastone_correct_%": 0.3253424657534246,
            "exact_match_all_correct_%": 0.11757990867579908,
            "exact_match_total_correct_%": 0.21575342465753425
      }
}