{
      "noprompt": {
            "total_questions": 2628,
            "f1": 1033.2909514905962,
            "correct_and_dk": 7,
            "atleastone_correct": 647,
            "all_correct": 534,
            "total_correct": 1787,
            "exact_match_atleastone_correct": 293,
            "exact_match_all_correct": 108,
            "exact_match_total_correct": 588,
            "atleastone_DK": 25,
            "all_DK": 3,
            "total_DK": 66,
            "atleastone_correct_%": 0.7385844748858448,
            "atleastone_DK_%": 0.028538812785388126,
            "all_correct_%": 0.6095890410958904,
            "all_DK_%": 0.003424657534246575,
            "correct_and_dk_%": 0.007990867579908675,
            "total_correct_%": 0.6799847792998478,
            "total_DK_%": 0.02511415525114155
      },
      "SUM": {
            "total_questions": 876,
            "f1": 256.33003529661926,
            "correct_and_dk": 17,
            "atleastone_correct": 587,
            "all_correct": 587,
            "total_correct": 587,
            "exact_match_atleastone_correct": 121,
            "exact_match_all_correct": 121,
            "exact_match_total_correct": 121,
            "atleastone_DK": 47,
            "all_DK": 47,
            "total_DK": 94,
            "atleastone_correct_%": 0.6700913242009132,
            "atleastone_DK_%": 0.05365296803652968,
            "all_correct_%": 0.6700913242009132,
            "all_DK_%": 0.05365296803652968,
            "correct_and_dk_%": 0.019406392694063926,
            "total_correct_%": 0.6700913242009132,
            "total_DK_%": 0.10730593607305935
      },
      "SUM_noquestion": {
            "total_questions": 876,
            "f1": 262.1646958688581,
            "correct_and_dk": 14,
            "atleastone_correct": 574,
            "all_correct": 574,
            "total_correct": 574,
            "exact_match_atleastone_correct": 121,
            "exact_match_all_correct": 121,
            "exact_match_total_correct": 121,
            "atleastone_DK": 32,
            "all_DK": 32,
            "total_DK": 64,
            "atleastone_correct_%": 0.6552511415525114,
            "atleastone_DK_%": 0.0365296803652968,
            "all_correct_%": 0.6552511415525114,
            "all_DK_%": 0.0365296803652968,
            "correct_and_dk_%": 0.01598173515981735,
            "total_correct_%": 0.6552511415525114,
            "total_DK_%": 0.0730593607305936
      },
      "SUM_tatsu": {
            "total_questions": 776,
            "f1": 240.4962699492053,
            "correct_and_dk": 8,
            "atleastone_correct": 514,
            "all_correct": 514,
            "total_correct": 514,
            "exact_match_atleastone_correct": 112,
            "exact_match_all_correct": 112,
            "exact_match_total_correct": 112,
            "atleastone_DK": 39,
            "all_DK": 39,
            "total_DK": 78,
            "atleastone_correct_%": 0.6623711340206185,
            "atleastone_DK_%": 0.05025773195876289,
            "all_correct_%": 0.6623711340206185,
            "all_DK_%": 0.05025773195876289,
            "correct_and_dk_%": 0.010309278350515464,
            "total_correct_%": 0.6623711340206185,
            "total_DK_%": 0.10051546391752578
      },
      "dem": {
            "total_questions": 2628,
            "f1": 964.5264062177381,
            "correct_and_dk": 29,
            "atleastone_correct": 614,
            "all_correct": 469,
            "total_correct": 1635,
            "exact_match_atleastone_correct": 276,
            "exact_match_all_correct": 105,
            "exact_match_total_correct": 565,
            "atleastone_DK": 92,
            "all_DK": 20,
            "total_DK": 302,
            "atleastone_correct_%": 0.7009132420091324,
            "atleastone_DK_%": 0.1050228310502283,
            "all_correct_%": 0.5353881278538812,
            "all_DK_%": 0.0228310502283105,
            "correct_and_dk_%": 0.033105022831050226,
            "total_correct_%": 0.6221461187214612,
            "total_DK_%": 0.11491628614916286
      },
      "repub": {
            "total_questions": 2628,
            "f1": 903.1588247589159,
            "correct_and_dk": 52,
            "atleastone_correct": 600,
            "all_correct": 439,
            "total_correct": 1565,
            "exact_match_atleastone_correct": 257,
            "exact_match_all_correct": 91,
            "exact_match_total_correct": 508,
            "atleastone_DK": 147,
            "all_DK": 33,
            "total_DK": 530,
            "atleastone_correct_%": 0.684931506849315,
            "atleastone_DK_%": 0.1678082191780822,
            "all_correct_%": 0.5011415525114156,
            "all_DK_%": 0.03767123287671233,
            "correct_and_dk_%": 0.0593607305936073,
            "total_correct_%": 0.595509893455099,
            "total_DK_%": 0.20167427701674276
      }
}