{
      "noprompt": {
            "total_questions": 2628,
            "f1": 1033.2909514905962,
            "correct_and_dk": 7,
            "atleastone_correct": 647,
            "all_correct": 534,
            "total_correct": 1787,
            "exact_match_atleastone_correct": 293,
            "exact_match_all_correct": 108,
            "exact_match_total_correct": 588,
            "atleastone_DK": 25,
            "all_DK": 3,
            "total_DK": 66,
            "atleastone_correct_%": 0.7385844748858448,
            "atleastone_DK_%": 0.028538812785388126,
            "all_correct_%": 0.6095890410958904,
            "all_DK_%": 0.003424657534246575,
            "correct_and_dk_%": 0.007990867579908675,
            "total_correct_%": 0.6799847792998478,
            "total_DK_%": 0.02511415525114155
      },
      "SUM": {
            "total_questions": 876,
            "f1": 237.18819811084364,
            "correct_and_dk": 20,
            "atleastone_correct": 583,
            "all_correct": 583,
            "total_correct": 583,
            "exact_match_atleastone_correct": 106,
            "exact_match_all_correct": 106,
            "exact_match_total_correct": 106,
            "atleastone_DK": 58,
            "all_DK": 58,
            "total_DK": 116,
            "atleastone_correct_%": 0.6655251141552512,
            "atleastone_DK_%": 0.06621004566210045,
            "all_correct_%": 0.6655251141552512,
            "all_DK_%": 0.06621004566210045,
            "correct_and_dk_%": 0.0228310502283105,
            "total_correct_%": 0.6655251141552512,
            "total_DK_%": 0.1324200913242009
      },
      "SUM_noquestion": {
            "total_questions": 876,
            "f1": 245.22348812726273,
            "correct_and_dk": 15,
            "atleastone_correct": 568,
            "all_correct": 568,
            "total_correct": 568,
            "exact_match_atleastone_correct": 106,
            "exact_match_all_correct": 106,
            "exact_match_total_correct": 106,
            "atleastone_DK": 37,
            "all_DK": 37,
            "total_DK": 74,
            "atleastone_correct_%": 0.6484018264840182,
            "atleastone_DK_%": 0.04223744292237443,
            "all_correct_%": 0.6484018264840182,
            "all_DK_%": 0.04223744292237443,
            "correct_and_dk_%": 0.017123287671232876,
            "total_correct_%": 0.6484018264840182,
            "total_DK_%": 0.08447488584474885
      },
      "SUM_tatsu": {
            "total_questions": 776,
            "f1": 228.32721838944016,
            "correct_and_dk": 8,
            "atleastone_correct": 510,
            "all_correct": 510,
            "total_correct": 510,
            "exact_match_atleastone_correct": 100,
            "exact_match_all_correct": 100,
            "exact_match_total_correct": 100,
            "atleastone_DK": 44,
            "all_DK": 44,
            "total_DK": 88,
            "atleastone_correct_%": 0.6572164948453608,
            "atleastone_DK_%": 0.05670103092783505,
            "all_correct_%": 0.6572164948453608,
            "all_DK_%": 0.05670103092783505,
            "correct_and_dk_%": 0.010309278350515464,
            "total_correct_%": 0.6572164948453608,
            "total_DK_%": 0.1134020618556701
      },
      "dem": {
            "total_questions": 2628,
            "f1": 960.8491927679318,
            "correct_and_dk": 35,
            "atleastone_correct": 606,
            "all_correct": 462,
            "total_correct": 1610,
            "exact_match_atleastone_correct": 279,
            "exact_match_all_correct": 108,
            "exact_match_total_correct": 574,
            "atleastone_DK": 112,
            "all_DK": 21,
            "total_DK": 362,
            "atleastone_correct_%": 0.6917808219178082,
            "atleastone_DK_%": 0.1278538812785388,
            "all_correct_%": 0.5273972602739726,
            "all_DK_%": 0.023972602739726026,
            "correct_and_dk_%": 0.03995433789954338,
            "total_correct_%": 0.6126331811263318,
            "total_DK_%": 0.13774733637747336
      },
      "repub": {
            "total_questions": 2628,
            "f1": 890.0687460007822,
            "correct_and_dk": 62,
            "atleastone_correct": 591,
            "all_correct": 427,
            "total_correct": 1533,
            "exact_match_atleastone_correct": 257,
            "exact_match_all_correct": 90,
            "exact_match_total_correct": 507,
            "atleastone_DK": 170,
            "all_DK": 37,
            "total_DK": 604,
            "atleastone_correct_%": 0.6746575342465754,
            "atleastone_DK_%": 0.19406392694063926,
            "all_correct_%": 0.4874429223744292,
            "all_DK_%": 0.04223744292237443,
            "correct_and_dk_%": 0.07077625570776255,
            "total_correct_%": 0.5833333333333334,
            "total_DK_%": 0.2298325722983257
      }
}