{
      "noprompt": {
            "total_questions": 2628,
            "f1": 0.3931852935656759,
            "correct_and_dk": 7,
            "atleastone_correct": 647,
            "all_correct": 534,
            "total_correct": 1787,
            "exact_match_atleastone_correct": 293,
            "exact_match_all_correct": 108,
            "exact_match_total_correct": 588,
            "atleastone_DK": 25,
            "all_DK": 3,
            "total_DK": 66,
            "atleastone_correct_%": 0.7385844748858448,
            "atleastone_DK_%": 0.028538812785388126,
            "all_correct_%": 0.6095890410958904,
            "all_DK_%": 0.003424657534246575,
            "correct_and_dk_%": 0.007990867579908675,
            "total_correct_%": 0.6799847792998478,
            "total_DK_%": 0.02511415525114155,
            "exact_match_atleastone_correct_%": 0.3344748858447488,
            "exact_match_all_correct_%": 0.1232876712328767,
            "exact_match_total_correct_%": 0.2237442922374429
      },
      "SUM": {
            "total_questions": 876,
            "f1": 0.3771804259037456,
            "correct_and_dk": 3,
            "atleastone_correct": 591,
            "all_correct": 591,
            "total_correct": 591,
            "exact_match_atleastone_correct": 181,
            "exact_match_all_correct": 181,
            "exact_match_total_correct": 181,
            "atleastone_DK": 17,
            "all_DK": 17,
            "total_DK": 34,
            "atleastone_correct_%": 0.6746575342465754,
            "atleastone_DK_%": 0.019406392694063926,
            "all_correct_%": 0.6746575342465754,
            "all_DK_%": 0.019406392694063926,
            "correct_and_dk_%": 0.003424657534246575,
            "total_correct_%": 0.6746575342465754,
            "total_DK_%": 0.03881278538812785,
            "exact_match_atleastone_correct_%": 0.20662100456621005,
            "exact_match_all_correct_%": 0.20662100456621005,
            "exact_match_total_correct_%": 0.20662100456621005
      },
      "SUM_noquestion": {
            "total_questions": 876,
            "f1": 0.378137346400379,
            "correct_and_dk": 1,
            "atleastone_correct": 591,
            "all_correct": 591,
            "total_correct": 591,
            "exact_match_atleastone_correct": 181,
            "exact_match_all_correct": 181,
            "exact_match_total_correct": 181,
            "atleastone_DK": 15,
            "all_DK": 15,
            "total_DK": 30,
            "atleastone_correct_%": 0.6746575342465754,
            "atleastone_DK_%": 0.017123287671232876,
            "all_correct_%": 0.6746575342465754,
            "all_DK_%": 0.017123287671232876,
            "correct_and_dk_%": 0.001141552511415525,
            "total_correct_%": 0.6746575342465754,
            "total_DK_%": 0.03424657534246575,
            "exact_match_atleastone_correct_%": 0.20662100456621005,
            "exact_match_all_correct_%": 0.20662100456621005,
            "exact_match_total_correct_%": 0.20662100456621005
      },
      "SUM_tatsu": {
            "total_questions": 776,
            "f1": 0.3838589065007841,
            "correct_and_dk": 0,
            "atleastone_correct": 529,
            "all_correct": 529,
            "total_correct": 529,
            "exact_match_atleastone_correct": 169,
            "exact_match_all_correct": 169,
            "exact_match_total_correct": 169,
            "atleastone_DK": 13,
            "all_DK": 13,
            "total_DK": 26,
            "atleastone_correct_%": 0.6817010309278351,
            "atleastone_DK_%": 0.01675257731958763,
            "all_correct_%": 0.6817010309278351,
            "all_DK_%": 0.01675257731958763,
            "correct_and_dk_%": 0.0,
            "total_correct_%": 0.6817010309278351,
            "total_DK_%": 0.03350515463917526,
            "exact_match_atleastone_correct_%": 0.21778350515463918,
            "exact_match_all_correct_%": 0.21778350515463918,
            "exact_match_total_correct_%": 0.21778350515463918
      },
      "dem": {
            "total_questions": 2628,
            "f1": 0.38833570873071616,
            "correct_and_dk": 8,
            "atleastone_correct": 640,
            "all_correct": 523,
            "total_correct": 1760,
            "exact_match_atleastone_correct": 291,
            "exact_match_all_correct": 106,
            "exact_match_total_correct": 586,
            "atleastone_DK": 28,
            "all_DK": 6,
            "total_DK": 84,
            "atleastone_correct_%": 0.730593607305936,
            "atleastone_DK_%": 0.0319634703196347,
            "all_correct_%": 0.5970319634703196,
            "all_DK_%": 0.00684931506849315,
            "correct_and_dk_%": 0.0091324200913242,
            "total_correct_%": 0.669710806697108,
            "total_DK_%": 0.0319634703196347,
            "exact_match_atleastone_correct_%": 0.3321917808219178,
            "exact_match_all_correct_%": 0.12100456621004566,
            "exact_match_total_correct_%": 0.22298325722983256
      },
      "repub": {
            "total_questions": 2628,
            "f1": 0.3830119929587896,
            "correct_and_dk": 11,
            "atleastone_correct": 636,
            "all_correct": 519,
            "total_correct": 1747,
            "exact_match_atleastone_correct": 286,
            "exact_match_all_correct": 104,
            "exact_match_total_correct": 570,
            "atleastone_DK": 39,
            "all_DK": 8,
            "total_DK": 122,
            "atleastone_correct_%": 0.726027397260274,
            "atleastone_DK_%": 0.04452054794520548,
            "all_correct_%": 0.5924657534246576,
            "all_DK_%": 0.0091324200913242,
            "correct_and_dk_%": 0.012557077625570776,
            "total_correct_%": 0.6647640791476408,
            "total_DK_%": 0.04642313546423135,
            "exact_match_atleastone_correct_%": 0.3264840182648402,
            "exact_match_all_correct_%": 0.1187214611872146,
            "exact_match_total_correct_%": 0.21689497716894976
      }
}