{
      "noprompt": {
            "total_questions": 2628,
            "f1": 1033.2909514905962,
            "correct_and_dk": 7,
            "atleastone_correct": 647,
            "all_correct": 534,
            "total_correct": 1787,
            "exact_match_atleastone_correct": 293,
            "exact_match_all_correct": 108,
            "exact_match_total_correct": 588,
            "atleastone_DK": 25,
            "all_DK": 3,
            "total_DK": 66,
            "atleastone_correct_%": 0.7385844748858448,
            "atleastone_DK_%": 0.028538812785388126,
            "all_correct_%": 0.6095890410958904,
            "all_DK_%": 0.003424657534246575,
            "correct_and_dk_%": 0.007990867579908675,
            "total_correct_%": 0.6799847792998478,
            "total_DK_%": 0.02511415525114155
      },
      "SUM": {
            "total_questions": 876,
            "f1": 323.74163088343613,
            "correct_and_dk": 4,
            "atleastone_correct": 591,
            "all_correct": 591,
            "total_correct": 591,
            "exact_match_atleastone_correct": 174,
            "exact_match_all_correct": 174,
            "exact_match_total_correct": 174,
            "atleastone_DK": 19,
            "all_DK": 19,
            "total_DK": 38,
            "atleastone_correct_%": 0.6746575342465754,
            "atleastone_DK_%": 0.021689497716894976,
            "all_correct_%": 0.6746575342465754,
            "all_DK_%": 0.021689497716894976,
            "correct_and_dk_%": 0.0045662100456621,
            "total_correct_%": 0.6746575342465754,
            "total_DK_%": 0.04337899543378995
      },
      "SUM_noquestion": {
            "total_questions": 876,
            "f1": 324.60871196408203,
            "correct_and_dk": 1,
            "atleastone_correct": 589,
            "all_correct": 589,
            "total_correct": 589,
            "exact_match_atleastone_correct": 174,
            "exact_match_all_correct": 174,
            "exact_match_total_correct": 174,
            "atleastone_DK": 16,
            "all_DK": 16,
            "total_DK": 32,
            "atleastone_correct_%": 0.6723744292237442,
            "atleastone_DK_%": 0.0182648401826484,
            "all_correct_%": 0.6723744292237442,
            "all_DK_%": 0.0182648401826484,
            "correct_and_dk_%": 0.001141552511415525,
            "total_correct_%": 0.6723744292237442,
            "total_DK_%": 0.0365296803652968
      },
      "SUM_tatsu": {
            "total_questions": 776,
            "f1": 292.2780229941559,
            "correct_and_dk": 1,
            "atleastone_correct": 529,
            "all_correct": 529,
            "total_correct": 529,
            "exact_match_atleastone_correct": 162,
            "exact_match_all_correct": 162,
            "exact_match_total_correct": 162,
            "atleastone_DK": 14,
            "all_DK": 14,
            "total_DK": 28,
            "atleastone_correct_%": 0.6817010309278351,
            "atleastone_DK_%": 0.01804123711340206,
            "all_correct_%": 0.6817010309278351,
            "all_DK_%": 0.01804123711340206,
            "correct_and_dk_%": 0.001288659793814433,
            "total_correct_%": 0.6817010309278351,
            "total_DK_%": 0.03608247422680412
      },
      "dem": {
            "total_questions": 2628,
            "f1": 1019.3255354736148,
            "correct_and_dk": 9,
            "atleastone_correct": 640,
            "all_correct": 519,
            "total_correct": 1755,
            "exact_match_atleastone_correct": 292,
            "exact_match_all_correct": 104,
            "exact_match_total_correct": 585,
            "atleastone_DK": 29,
            "all_DK": 7,
            "total_DK": 92,
            "atleastone_correct_%": 0.730593607305936,
            "atleastone_DK_%": 0.033105022831050226,
            "all_correct_%": 0.5924657534246576,
            "all_DK_%": 0.007990867579908675,
            "correct_and_dk_%": 0.010273972602739725,
            "total_correct_%": 0.6678082191780822,
            "total_DK_%": 0.0350076103500761
      },
      "repub": {
            "total_questions": 2628,
            "f1": 993.5455013680358,
            "correct_and_dk": 12,
            "atleastone_correct": 632,
            "all_correct": 512,
            "total_correct": 1731,
            "exact_match_atleastone_correct": 282,
            "exact_match_all_correct": 99,
            "exact_match_total_correct": 556,
            "atleastone_DK": 45,
            "all_DK": 11,
            "total_DK": 152,
            "atleastone_correct_%": 0.7214611872146118,
            "atleastone_DK_%": 0.05136986301369863,
            "all_correct_%": 0.5844748858447488,
            "all_DK_%": 0.012557077625570776,
            "correct_and_dk_%": 0.0136986301369863,
            "total_correct_%": 0.658675799086758,
            "total_DK_%": 0.0578386605783866
      }
}