{
      "noprompt": {
            "total_questions": 2628,
            "f1": 0.3931852935656759,
            "correct_and_dk": 7,
            "atleastone_correct": 647,
            "all_correct": 534,
            "total_correct": 1787,
            "exact_match_atleastone_correct": 293,
            "exact_match_all_correct": 108,
            "exact_match_total_correct": 588,
            "atleastone_DK": 25,
            "all_DK": 3,
            "total_DK": 66,
            "atleastone_correct_%": 0.7385844748858448,
            "atleastone_DK_%": 0.028538812785388126,
            "all_correct_%": 0.6095890410958904,
            "all_DK_%": 0.003424657534246575,
            "correct_and_dk_%": 0.007990867579908675,
            "total_correct_%": 0.6799847792998478,
            "total_DK_%": 0.02511415525114155,
            "exact_match_atleastone_correct_%": 0.3344748858447488,
            "exact_match_all_correct_%": 0.1232876712328767,
            "exact_match_total_correct_%": 0.2237442922374429
      },
      "SUM": {
            "total_questions": 876,
            "f1": 0.38713546808020943,
            "correct_and_dk": 0,
            "atleastone_correct": 593,
            "all_correct": 593,
            "total_correct": 593,
            "exact_match_atleastone_correct": 188,
            "exact_match_all_correct": 188,
            "exact_match_total_correct": 188,
            "atleastone_DK": 12,
            "all_DK": 12,
            "total_DK": 24,
            "atleastone_correct_%": 0.6769406392694064,
            "atleastone_DK_%": 0.0136986301369863,
            "all_correct_%": 0.6769406392694064,
            "all_DK_%": 0.0136986301369863,
            "correct_and_dk_%": 0.0,
            "total_correct_%": 0.6769406392694064,
            "total_DK_%": 0.0273972602739726,
            "exact_match_atleastone_correct_%": 0.2146118721461187,
            "exact_match_all_correct_%": 0.2146118721461187,
            "exact_match_total_correct_%": 0.2146118721461187
      },
      "SUM_noquestion": {
            "total_questions": 876,
            "f1": 0.3872381810596348,
            "correct_and_dk": 0,
            "atleastone_correct": 593,
            "all_correct": 593,
            "total_correct": 593,
            "exact_match_atleastone_correct": 188,
            "exact_match_all_correct": 188,
            "exact_match_total_correct": 188,
            "atleastone_DK": 12,
            "all_DK": 12,
            "total_DK": 24,
            "atleastone_correct_%": 0.6769406392694064,
            "atleastone_DK_%": 0.0136986301369863,
            "all_correct_%": 0.6769406392694064,
            "all_DK_%": 0.0136986301369863,
            "correct_and_dk_%": 0.0,
            "total_correct_%": 0.6769406392694064,
            "total_DK_%": 0.0273972602739726,
            "exact_match_atleastone_correct_%": 0.2146118721461187,
            "exact_match_all_correct_%": 0.2146118721461187,
            "exact_match_total_correct_%": 0.2146118721461187
      },
      "SUM_tatsu": {
            "total_questions": 776,
            "f1": 0.3921031873193524,
            "correct_and_dk": 0,
            "atleastone_correct": 532,
            "all_correct": 532,
            "total_correct": 532,
            "exact_match_atleastone_correct": 175,
            "exact_match_all_correct": 175,
            "exact_match_total_correct": 175,
            "atleastone_DK": 11,
            "all_DK": 11,
            "total_DK": 22,
            "atleastone_correct_%": 0.6855670103092784,
            "atleastone_DK_%": 0.014175257731958763,
            "all_correct_%": 0.6855670103092784,
            "all_DK_%": 0.014175257731958763,
            "correct_and_dk_%": 0.0,
            "total_correct_%": 0.6855670103092784,
            "total_DK_%": 0.028350515463917526,
            "exact_match_atleastone_correct_%": 0.22551546391752578,
            "exact_match_all_correct_%": 0.22551546391752578,
            "exact_match_total_correct_%": 0.22551546391752578
      },
      "dem": {
            "total_questions": 2628,
            "f1": 0.3904783841447801,
            "correct_and_dk": 7,
            "atleastone_correct": 644,
            "all_correct": 530,
            "total_correct": 1776,
            "exact_match_atleastone_correct": 291,
            "exact_match_all_correct": 108,
            "exact_match_total_correct": 586,
            "atleastone_DK": 26,
            "all_DK": 4,
            "total_DK": 72,
            "atleastone_correct_%": 0.7351598173515981,
            "atleastone_DK_%": 0.02968036529680365,
            "all_correct_%": 0.6050228310502282,
            "all_DK_%": 0.0045662100456621,
            "correct_and_dk_%": 0.007990867579908675,
            "total_correct_%": 0.6757990867579908,
            "total_DK_%": 0.0273972602739726,
            "exact_match_atleastone_correct_%": 0.3321917808219178,
            "exact_match_all_correct_%": 0.1232876712328767,
            "exact_match_total_correct_%": 0.22298325722983256
      },
      "repub": {
            "total_questions": 2628,
            "f1": 0.3899950745259012,
            "correct_and_dk": 8,
            "atleastone_correct": 643,
            "all_correct": 531,
            "total_correct": 1776,
            "exact_match_atleastone_correct": 290,
            "exact_match_all_correct": 107,
            "exact_match_total_correct": 582,
            "atleastone_DK": 30,
            "all_DK": 3,
            "total_DK": 78,
            "atleastone_correct_%": 0.7340182648401826,
            "atleastone_DK_%": 0.03424657534246575,
            "all_correct_%": 0.6061643835616438,
            "all_DK_%": 0.003424657534246575,
            "correct_and_dk_%": 0.0091324200913242,
            "total_correct_%": 0.6757990867579908,
            "total_DK_%": 0.02968036529680365,
            "exact_match_atleastone_correct_%": 0.33105022831050224,
            "exact_match_all_correct_%": 0.12214611872146118,
            "exact_match_total_correct_%": 0.22146118721461186
      }
}