{
      "noprompt": {
            "total_questions": 2628,
            "f1": 0.3931852935656759,
            "correct_and_dk": 7,
            "atleastone_correct": 647,
            "all_correct": 534,
            "total_correct": 1787,
            "exact_match_atleastone_correct": 293,
            "exact_match_all_correct": 108,
            "exact_match_total_correct": 588,
            "atleastone_DK": 25,
            "all_DK": 3,
            "total_DK": 66,
            "atleastone_correct_%": 0.7385844748858448,
            "atleastone_DK_%": 0.028538812785388126,
            "all_correct_%": 0.6095890410958904,
            "all_DK_%": 0.003424657534246575,
            "correct_and_dk_%": 0.007990867579908675,
            "total_correct_%": 0.6799847792998478,
            "total_DK_%": 0.02511415525114155,
            "exact_match_atleastone_correct_%": 0.3344748858447488,
            "exact_match_all_correct_%": 0.1232876712328767,
            "exact_match_total_correct_%": 0.2237442922374429
      },
      "SUM": {
            "total_questions": 876,
            "f1": 0.3653535526251205,
            "correct_and_dk": 4,
            "atleastone_correct": 591,
            "all_correct": 591,
            "total_correct": 591,
            "exact_match_atleastone_correct": 172,
            "exact_match_all_correct": 172,
            "exact_match_total_correct": 172,
            "atleastone_DK": 20,
            "all_DK": 20,
            "total_DK": 40,
            "atleastone_correct_%": 0.6746575342465754,
            "atleastone_DK_%": 0.0228310502283105,
            "all_correct_%": 0.6746575342465754,
            "all_DK_%": 0.0228310502283105,
            "correct_and_dk_%": 0.0045662100456621,
            "total_correct_%": 0.6746575342465754,
            "total_DK_%": 0.045662100456621,
            "exact_match_atleastone_correct_%": 0.1963470319634703,
            "exact_match_all_correct_%": 0.1963470319634703,
            "exact_match_total_correct_%": 0.1963470319634703
      },
      "SUM_noquestion": {
            "total_questions": 876,
            "f1": 0.36654789508276553,
            "correct_and_dk": 1,
            "atleastone_correct": 589,
            "all_correct": 589,
            "total_correct": 589,
            "exact_match_atleastone_correct": 172,
            "exact_match_all_correct": 172,
            "exact_match_total_correct": 172,
            "atleastone_DK": 17,
            "all_DK": 17,
            "total_DK": 34,
            "atleastone_correct_%": 0.6723744292237442,
            "atleastone_DK_%": 0.019406392694063926,
            "all_correct_%": 0.6723744292237442,
            "all_DK_%": 0.019406392694063926,
            "correct_and_dk_%": 0.001141552511415525,
            "total_correct_%": 0.6723744292237442,
            "total_DK_%": 0.03881278538812785,
            "exact_match_atleastone_correct_%": 0.1963470319634703,
            "exact_match_all_correct_%": 0.1963470319634703,
            "exact_match_total_correct_%": 0.1963470319634703
      },
      "SUM_tatsu": {
            "total_questions": 776,
            "f1": 0.3730213860462692,
            "correct_and_dk": 1,
            "atleastone_correct": 529,
            "all_correct": 529,
            "total_correct": 529,
            "exact_match_atleastone_correct": 160,
            "exact_match_all_correct": 160,
            "exact_match_total_correct": 160,
            "atleastone_DK": 15,
            "all_DK": 15,
            "total_DK": 30,
            "atleastone_correct_%": 0.6817010309278351,
            "atleastone_DK_%": 0.019329896907216496,
            "all_correct_%": 0.6817010309278351,
            "all_DK_%": 0.019329896907216496,
            "correct_and_dk_%": 0.001288659793814433,
            "total_correct_%": 0.6817010309278351,
            "total_DK_%": 0.03865979381443299,
            "exact_match_atleastone_correct_%": 0.20618556701030927,
            "exact_match_all_correct_%": 0.20618556701030927,
            "exact_match_total_correct_%": 0.20618556701030927
      },
      "dem": {
            "total_questions": 2628,
            "f1": 0.38852222039654555,
            "correct_and_dk": 10,
            "atleastone_correct": 640,
            "all_correct": 517,
            "total_correct": 1752,
            "exact_match_atleastone_correct": 293,
            "exact_match_all_correct": 106,
            "exact_match_total_correct": 590,
            "atleastone_DK": 31,
            "all_DK": 7,
            "total_DK": 96,
            "atleastone_correct_%": 0.730593607305936,
            "atleastone_DK_%": 0.03538812785388128,
            "all_correct_%": 0.5901826484018264,
            "all_DK_%": 0.007990867579908675,
            "correct_and_dk_%": 0.01141552511415525,
            "total_correct_%": 0.6666666666666666,
            "total_DK_%": 0.0365296803652968,
            "exact_match_atleastone_correct_%": 0.3344748858447488,
            "exact_match_all_correct_%": 0.12100456621004566,
            "exact_match_total_correct_%": 0.22450532724505326
      },
      "repub": {
            "total_questions": 2628,
            "f1": 0.3776322192570981,
            "correct_and_dk": 14,
            "atleastone_correct": 633,
            "all_correct": 508,
            "total_correct": 1728,
            "exact_match_atleastone_correct": 283,
            "exact_match_all_correct": 99,
            "exact_match_total_correct": 558,
            "atleastone_DK": 50,
            "all_DK": 11,
            "total_DK": 164,
            "atleastone_correct_%": 0.7226027397260274,
            "atleastone_DK_%": 0.05707762557077625,
            "all_correct_%": 0.5799086757990868,
            "all_DK_%": 0.012557077625570776,
            "correct_and_dk_%": 0.01598173515981735,
            "total_correct_%": 0.6575342465753424,
            "total_DK_%": 0.0624048706240487,
            "exact_match_atleastone_correct_%": 0.3230593607305936,
            "exact_match_all_correct_%": 0.11301369863013698,
            "exact_match_total_correct_%": 0.21232876712328766
      }
}