{
      "noprompt": {
            "total_questions": 2628,
            "f1": 0.3931852935656759,
            "correct_and_dk": 7,
            "atleastone_correct": 647,
            "all_correct": 534,
            "total_correct": 1787,
            "exact_match_atleastone_correct": 293,
            "exact_match_all_correct": 108,
            "exact_match_total_correct": 588,
            "atleastone_DK": 25,
            "all_DK": 3,
            "total_DK": 66,
            "atleastone_correct_%": 0.7385844748858448,
            "atleastone_DK_%": 0.028538812785388126,
            "all_correct_%": 0.6095890410958904,
            "all_DK_%": 0.003424657534246575,
            "correct_and_dk_%": 0.007990867579908675,
            "total_correct_%": 0.6799847792998478,
            "total_DK_%": 0.02511415525114155,
            "exact_match_atleastone_correct_%": 0.3344748858447488,
            "exact_match_all_correct_%": 0.1232876712328767,
            "exact_match_total_correct_%": 0.2237442922374429
      },
      "SUM": {
            "total_questions": 876,
            "f1": 0.3636700000536647,
            "correct_and_dk": 4,
            "atleastone_correct": 591,
            "all_correct": 591,
            "total_correct": 591,
            "exact_match_atleastone_correct": 172,
            "exact_match_all_correct": 172,
            "exact_match_total_correct": 172,
            "atleastone_DK": 20,
            "all_DK": 20,
            "total_DK": 40,
            "atleastone_correct_%": 0.6746575342465754,
            "atleastone_DK_%": 0.0228310502283105,
            "all_correct_%": 0.6746575342465754,
            "all_DK_%": 0.0228310502283105,
            "correct_and_dk_%": 0.0045662100456621,
            "total_correct_%": 0.6746575342465754,
            "total_DK_%": 0.045662100456621,
            "exact_match_atleastone_correct_%": 0.1963470319634703,
            "exact_match_all_correct_%": 0.1963470319634703,
            "exact_match_total_correct_%": 0.1963470319634703
      },
      "SUM_noquestion": {
            "total_questions": 876,
            "f1": 0.3655140164803938,
            "correct_and_dk": 1,
            "atleastone_correct": 589,
            "all_correct": 589,
            "total_correct": 589,
            "exact_match_atleastone_correct": 172,
            "exact_match_all_correct": 172,
            "exact_match_total_correct": 172,
            "atleastone_DK": 17,
            "all_DK": 17,
            "total_DK": 34,
            "atleastone_correct_%": 0.6723744292237442,
            "atleastone_DK_%": 0.019406392694063926,
            "all_correct_%": 0.6723744292237442,
            "all_DK_%": 0.019406392694063926,
            "correct_and_dk_%": 0.001141552511415525,
            "total_correct_%": 0.6723744292237442,
            "total_DK_%": 0.03881278538812785,
            "exact_match_atleastone_correct_%": 0.1963470319634703,
            "exact_match_all_correct_%": 0.1963470319634703,
            "exact_match_total_correct_%": 0.1963470319634703
      },
      "SUM_tatsu": {
            "total_questions": 776,
            "f1": 0.37145419846104033,
            "correct_and_dk": 2,
            "atleastone_correct": 529,
            "all_correct": 529,
            "total_correct": 529,
            "exact_match_atleastone_correct": 160,
            "exact_match_all_correct": 160,
            "exact_match_total_correct": 160,
            "atleastone_DK": 17,
            "all_DK": 17,
            "total_DK": 34,
            "atleastone_correct_%": 0.6817010309278351,
            "atleastone_DK_%": 0.02190721649484536,
            "all_correct_%": 0.6817010309278351,
            "all_DK_%": 0.02190721649484536,
            "correct_and_dk_%": 0.002577319587628866,
            "total_correct_%": 0.6817010309278351,
            "total_DK_%": 0.04381443298969072,
            "exact_match_atleastone_correct_%": 0.20618556701030927,
            "exact_match_all_correct_%": 0.20618556701030927,
            "exact_match_total_correct_%": 0.20618556701030927
      },
      "dem": {
            "total_questions": 2628,
            "f1": 0.3868355614610282,
            "correct_and_dk": 10,
            "atleastone_correct": 639,
            "all_correct": 515,
            "total_correct": 1747,
            "exact_match_atleastone_correct": 292,
            "exact_match_all_correct": 106,
            "exact_match_total_correct": 589,
            "atleastone_DK": 34,
            "all_DK": 8,
            "total_DK": 106,
            "atleastone_correct_%": 0.7294520547945206,
            "atleastone_DK_%": 0.03881278538812785,
            "all_correct_%": 0.5878995433789954,
            "all_DK_%": 0.0091324200913242,
            "correct_and_dk_%": 0.01141552511415525,
            "total_correct_%": 0.6647640791476408,
            "total_DK_%": 0.04033485540334855,
            "exact_match_atleastone_correct_%": 0.3333333333333333,
            "exact_match_all_correct_%": 0.12100456621004566,
            "exact_match_total_correct_%": 0.2241248097412481
      },
      "repub": {
            "total_questions": 2628,
            "f1": 0.377141472476397,
            "correct_and_dk": 14,
            "atleastone_correct": 633,
            "all_correct": 506,
            "total_correct": 1726,
            "exact_match_atleastone_correct": 284,
            "exact_match_all_correct": 99,
            "exact_match_total_correct": 560,
            "atleastone_DK": 52,
            "all_DK": 11,
            "total_DK": 170,
            "atleastone_correct_%": 0.7226027397260274,
            "atleastone_DK_%": 0.0593607305936073,
            "all_correct_%": 0.5776255707762556,
            "all_DK_%": 0.012557077625570776,
            "correct_and_dk_%": 0.01598173515981735,
            "total_correct_%": 0.6567732115677322,
            "total_DK_%": 0.06468797564687975,
            "exact_match_atleastone_correct_%": 0.3242009132420091,
            "exact_match_all_correct_%": 0.11301369863013698,
            "exact_match_total_correct_%": 0.213089802130898
      }
}