{
      "noprompt": {
            "total_questions": 2628,
            "f1": 1033.2909514905962,
            "correct_and_dk": 7,
            "atleastone_correct": 647,
            "all_correct": 534,
            "total_correct": 1787,
            "exact_match_atleastone_correct": 293,
            "exact_match_all_correct": 108,
            "exact_match_total_correct": 588,
            "atleastone_DK": 25,
            "all_DK": 3,
            "total_DK": 66,
            "atleastone_correct_%": 0.7385844748858448,
            "atleastone_DK_%": 0.028538812785388126,
            "all_correct_%": 0.6095890410958904,
            "all_DK_%": 0.003424657534246575,
            "correct_and_dk_%": 0.007990867579908675,
            "total_correct_%": 0.6799847792998478,
            "total_DK_%": 0.02511415525114155
      },
      "SUM": {
            "total_questions": 876,
            "f1": 309.7437371635314,
            "correct_and_dk": 7,
            "atleastone_correct": 591,
            "all_correct": 591,
            "total_correct": 591,
            "exact_match_atleastone_correct": 166,
            "exact_match_all_correct": 166,
            "exact_match_total_correct": 166,
            "atleastone_DK": 23,
            "all_DK": 23,
            "total_DK": 46,
            "atleastone_correct_%": 0.6746575342465754,
            "atleastone_DK_%": 0.026255707762557076,
            "all_correct_%": 0.6746575342465754,
            "all_DK_%": 0.026255707762557076,
            "correct_and_dk_%": 0.007990867579908675,
            "total_correct_%": 0.6746575342465754,
            "total_DK_%": 0.05251141552511415
      },
      "SUM_noquestion": {
            "total_questions": 876,
            "f1": 311.5749995348517,
            "correct_and_dk": 6,
            "atleastone_correct": 588,
            "all_correct": 588,
            "total_correct": 588,
            "exact_match_atleastone_correct": 166,
            "exact_match_all_correct": 166,
            "exact_match_total_correct": 166,
            "atleastone_DK": 20,
            "all_DK": 20,
            "total_DK": 40,
            "atleastone_correct_%": 0.6712328767123288,
            "atleastone_DK_%": 0.0228310502283105,
            "all_correct_%": 0.6712328767123288,
            "all_DK_%": 0.0228310502283105,
            "correct_and_dk_%": 0.00684931506849315,
            "total_correct_%": 0.6712328767123288,
            "total_DK_%": 0.045662100456621
      },
      "SUM_tatsu": {
            "total_questions": 776,
            "f1": 281.64101421441995,
            "correct_and_dk": 4,
            "atleastone_correct": 528,
            "all_correct": 528,
            "total_correct": 528,
            "exact_match_atleastone_correct": 155,
            "exact_match_all_correct": 155,
            "exact_match_total_correct": 155,
            "atleastone_DK": 19,
            "all_DK": 19,
            "total_DK": 38,
            "atleastone_correct_%": 0.6804123711340206,
            "atleastone_DK_%": 0.024484536082474227,
            "all_correct_%": 0.6804123711340206,
            "all_DK_%": 0.024484536082474227,
            "correct_and_dk_%": 0.005154639175257732,
            "total_correct_%": 0.6804123711340206,
            "total_DK_%": 0.04896907216494845
      },
      "dem": {
            "total_questions": 2628,
            "f1": 1009.5787179063225,
            "correct_and_dk": 12,
            "atleastone_correct": 632,
            "all_correct": 510,
            "total_correct": 1728,
            "exact_match_atleastone_correct": 291,
            "exact_match_all_correct": 107,
            "exact_match_total_correct": 589,
            "atleastone_DK": 41,
            "all_DK": 8,
            "total_DK": 124,
            "atleastone_correct_%": 0.7214611872146118,
            "atleastone_DK_%": 0.04680365296803653,
            "all_correct_%": 0.5821917808219178,
            "all_DK_%": 0.0091324200913242,
            "correct_and_dk_%": 0.0136986301369863,
            "total_correct_%": 0.6575342465753424,
            "total_DK_%": 0.0471841704718417
      },
      "repub": {
            "total_questions": 2628,
            "f1": 971.0254162512989,
            "correct_and_dk": 20,
            "atleastone_correct": 625,
            "all_correct": 496,
            "total_correct": 1695,
            "exact_match_atleastone_correct": 278,
            "exact_match_all_correct": 98,
            "exact_match_total_correct": 547,
            "atleastone_DK": 67,
            "all_DK": 13,
            "total_DK": 228,
            "atleastone_correct_%": 0.7134703196347032,
            "atleastone_DK_%": 0.07648401826484018,
            "all_correct_%": 0.5662100456621004,
            "all_DK_%": 0.014840182648401826,
            "correct_and_dk_%": 0.0228310502283105,
            "total_correct_%": 0.6449771689497716,
            "total_DK_%": 0.0867579908675799
      }
}