{
      "noprompt": {
            "total_questions": 2628,
            "f1": 1033.2909514905962,
            "correct_and_dk": 7,
            "atleastone_correct": 647,
            "all_correct": 534,
            "total_correct": 1787,
            "exact_match_atleastone_correct": 293,
            "exact_match_all_correct": 108,
            "exact_match_total_correct": 588,
            "atleastone_DK": 25,
            "all_DK": 3,
            "total_DK": 66,
            "atleastone_correct_%": 0.7385844748858448,
            "atleastone_DK_%": 0.028538812785388126,
            "all_correct_%": 0.6095890410958904,
            "all_DK_%": 0.003424657534246575,
            "correct_and_dk_%": 0.007990867579908675,
            "total_correct_%": 0.6799847792998478,
            "total_DK_%": 0.02511415525114155
      },
      "SUM": {
            "total_questions": 876,
            "f1": 310.28929048608404,
            "correct_and_dk": 7,
            "atleastone_correct": 591,
            "all_correct": 591,
            "total_correct": 591,
            "exact_match_atleastone_correct": 166,
            "exact_match_all_correct": 166,
            "exact_match_total_correct": 166,
            "atleastone_DK": 23,
            "all_DK": 23,
            "total_DK": 46,
            "atleastone_correct_%": 0.6746575342465754,
            "atleastone_DK_%": 0.026255707762557076,
            "all_correct_%": 0.6746575342465754,
            "all_DK_%": 0.026255707762557076,
            "correct_and_dk_%": 0.007990867579908675,
            "total_correct_%": 0.6746575342465754,
            "total_DK_%": 0.05251141552511415
      },
      "SUM_noquestion": {
            "total_questions": 876,
            "f1": 311.92374412359635,
            "correct_and_dk": 6,
            "atleastone_correct": 587,
            "all_correct": 587,
            "total_correct": 587,
            "exact_match_atleastone_correct": 166,
            "exact_match_all_correct": 166,
            "exact_match_total_correct": 166,
            "atleastone_DK": 20,
            "all_DK": 20,
            "total_DK": 40,
            "atleastone_correct_%": 0.6700913242009132,
            "atleastone_DK_%": 0.0228310502283105,
            "all_correct_%": 0.6700913242009132,
            "all_DK_%": 0.0228310502283105,
            "correct_and_dk_%": 0.00684931506849315,
            "total_correct_%": 0.6700913242009132,
            "total_DK_%": 0.045662100456621
      },
      "SUM_tatsu": {
            "total_questions": 776,
            "f1": 281.85145072235645,
            "correct_and_dk": 4,
            "atleastone_correct": 527,
            "all_correct": 527,
            "total_correct": 527,
            "exact_match_atleastone_correct": 155,
            "exact_match_all_correct": 155,
            "exact_match_total_correct": 155,
            "atleastone_DK": 19,
            "all_DK": 19,
            "total_DK": 38,
            "atleastone_correct_%": 0.6791237113402062,
            "atleastone_DK_%": 0.024484536082474227,
            "all_correct_%": 0.6791237113402062,
            "all_DK_%": 0.024484536082474227,
            "correct_and_dk_%": 0.005154639175257732,
            "total_correct_%": 0.6791237113402062,
            "total_DK_%": 0.04896907216494845
      },
      "dem": {
            "total_questions": 2628,
            "f1": 1009.1851387972594,
            "correct_and_dk": 12,
            "atleastone_correct": 633,
            "all_correct": 510,
            "total_correct": 1730,
            "exact_match_atleastone_correct": 290,
            "exact_match_all_correct": 107,
            "exact_match_total_correct": 588,
            "atleastone_DK": 40,
            "all_DK": 8,
            "total_DK": 122,
            "atleastone_correct_%": 0.7226027397260274,
            "atleastone_DK_%": 0.045662100456621,
            "all_correct_%": 0.5821917808219178,
            "all_DK_%": 0.0091324200913242,
            "correct_and_dk_%": 0.0136986301369863,
            "total_correct_%": 0.6582952815829528,
            "total_DK_%": 0.04642313546423135
      },
      "repub": {
            "total_questions": 2628,
            "f1": 974.7040593644582,
            "correct_and_dk": 18,
            "atleastone_correct": 627,
            "all_correct": 498,
            "total_correct": 1701,
            "exact_match_atleastone_correct": 280,
            "exact_match_all_correct": 98,
            "exact_match_total_correct": 551,
            "atleastone_DK": 63,
            "all_DK": 12,
            "total_DK": 210,
            "atleastone_correct_%": 0.7157534246575342,
            "atleastone_DK_%": 0.07191780821917808,
            "all_correct_%": 0.5684931506849314,
            "all_DK_%": 0.0136986301369863,
            "correct_and_dk_%": 0.02054794520547945,
            "total_correct_%": 0.6472602739726028,
            "total_DK_%": 0.07990867579908675
      }
}