{
      "noprompt": {
            "total_questions": 2628,
            "f1": 0.3931852935656759,
            "correct_and_dk": 7,
            "atleastone_correct": 647,
            "all_correct": 534,
            "total_correct": 1787,
            "exact_match_atleastone_correct": 293,
            "exact_match_all_correct": 108,
            "exact_match_total_correct": 588,
            "atleastone_DK": 25,
            "all_DK": 3,
            "total_DK": 66,
            "atleastone_correct_%": 0.7385844748858448,
            "atleastone_DK_%": 0.028538812785388126,
            "all_correct_%": 0.6095890410958904,
            "all_DK_%": 0.003424657534246575,
            "correct_and_dk_%": 0.007990867579908675,
            "total_correct_%": 0.6799847792998478,
            "total_DK_%": 0.02511415525114155,
            "exact_match_atleastone_correct_%": 0.3344748858447488,
            "exact_match_all_correct_%": 0.1232876712328767,
            "exact_match_total_correct_%": 0.2237442922374429
      },
      "SUM": {
            "total_questions": 876,
            "f1": 0.38337993985291674,
            "correct_and_dk": 0,
            "atleastone_correct": 593,
            "all_correct": 593,
            "total_correct": 593,
            "exact_match_atleastone_correct": 185,
            "exact_match_all_correct": 185,
            "exact_match_total_correct": 185,
            "atleastone_DK": 12,
            "all_DK": 12,
            "total_DK": 24,
            "atleastone_correct_%": 0.6769406392694064,
            "atleastone_DK_%": 0.0136986301369863,
            "all_correct_%": 0.6769406392694064,
            "all_DK_%": 0.0136986301369863,
            "correct_and_dk_%": 0.0,
            "total_correct_%": 0.6769406392694064,
            "total_DK_%": 0.0273972602739726,
            "exact_match_atleastone_correct_%": 0.21118721461187215,
            "exact_match_all_correct_%": 0.21118721461187215,
            "exact_match_total_correct_%": 0.21118721461187215
      },
      "SUM_noquestion": {
            "total_questions": 876,
            "f1": 0.3839354777561777,
            "correct_and_dk": 0,
            "atleastone_correct": 593,
            "all_correct": 593,
            "total_correct": 593,
            "exact_match_atleastone_correct": 185,
            "exact_match_all_correct": 185,
            "exact_match_total_correct": 185,
            "atleastone_DK": 13,
            "all_DK": 13,
            "total_DK": 26,
            "atleastone_correct_%": 0.6769406392694064,
            "atleastone_DK_%": 0.014840182648401826,
            "all_correct_%": 0.6769406392694064,
            "all_DK_%": 0.014840182648401826,
            "correct_and_dk_%": 0.0,
            "total_correct_%": 0.6769406392694064,
            "total_DK_%": 0.02968036529680365,
            "exact_match_atleastone_correct_%": 0.21118721461187215,
            "exact_match_all_correct_%": 0.21118721461187215,
            "exact_match_total_correct_%": 0.21118721461187215
      },
      "SUM_tatsu": {
            "total_questions": 776,
            "f1": 0.38884654276116143,
            "correct_and_dk": 0,
            "atleastone_correct": 532,
            "all_correct": 532,
            "total_correct": 532,
            "exact_match_atleastone_correct": 172,
            "exact_match_all_correct": 172,
            "exact_match_total_correct": 172,
            "atleastone_DK": 11,
            "all_DK": 11,
            "total_DK": 22,
            "atleastone_correct_%": 0.6855670103092784,
            "atleastone_DK_%": 0.014175257731958763,
            "all_correct_%": 0.6855670103092784,
            "all_DK_%": 0.014175257731958763,
            "correct_and_dk_%": 0.0,
            "total_correct_%": 0.6855670103092784,
            "total_DK_%": 0.028350515463917526,
            "exact_match_atleastone_correct_%": 0.22164948453608246,
            "exact_match_all_correct_%": 0.22164948453608246,
            "exact_match_total_correct_%": 0.22164948453608246
      },
      "dem": {
            "total_questions": 2628,
            "f1": 0.38912693440192214,
            "correct_and_dk": 7,
            "atleastone_correct": 644,
            "all_correct": 527,
            "total_correct": 1771,
            "exact_match_atleastone_correct": 291,
            "exact_match_all_correct": 106,
            "exact_match_total_correct": 584,
            "atleastone_DK": 26,
            "all_DK": 5,
            "total_DK": 76,
            "atleastone_correct_%": 0.7351598173515981,
            "atleastone_DK_%": 0.02968036529680365,
            "all_correct_%": 0.6015981735159818,
            "all_DK_%": 0.005707762557077625,
            "correct_and_dk_%": 0.007990867579908675,
            "total_correct_%": 0.673896499238965,
            "total_DK_%": 0.0289193302891933,
            "exact_match_atleastone_correct_%": 0.3321917808219178,
            "exact_match_all_correct_%": 0.12100456621004566,
            "exact_match_total_correct_%": 0.2222222222222222
      },
      "repub": {
            "total_questions": 2628,
            "f1": 0.38767037575644175,
            "correct_and_dk": 8,
            "atleastone_correct": 642,
            "all_correct": 526,
            "total_correct": 1768,
            "exact_match_atleastone_correct": 289,
            "exact_match_all_correct": 105,
            "exact_match_total_correct": 577,
            "atleastone_DK": 31,
            "all_DK": 5,
            "total_DK": 88,
            "atleastone_correct_%": 0.732876712328767,
            "atleastone_DK_%": 0.03538812785388128,
            "all_correct_%": 0.6004566210045662,
            "all_DK_%": 0.005707762557077625,
            "correct_and_dk_%": 0.0091324200913242,
            "total_correct_%": 0.6727549467275494,
            "total_DK_%": 0.0334855403348554,
            "exact_match_atleastone_correct_%": 0.3299086757990867,
            "exact_match_all_correct_%": 0.11986301369863013,
            "exact_match_total_correct_%": 0.219558599695586
      }
}