{
      "noprompt": {
            "total_questions": 2628,
            "f1": 1033.2909514905962,
            "correct_and_dk": 7,
            "atleastone_correct": 647,
            "all_correct": 534,
            "total_correct": 1787,
            "exact_match_atleastone_correct": 293,
            "exact_match_all_correct": 108,
            "exact_match_total_correct": 588,
            "atleastone_DK": 25,
            "all_DK": 3,
            "total_DK": 66,
            "atleastone_correct_%": 0.7385844748858448,
            "atleastone_DK_%": 0.028538812785388126,
            "all_correct_%": 0.6095890410958904,
            "all_DK_%": 0.003424657534246575,
            "correct_and_dk_%": 0.007990867579908675,
            "total_correct_%": 0.6799847792998478,
            "total_DK_%": 0.02511415525114155
      },
      "SUM": {
            "total_questions": 876,
            "f1": 284.7678972994734,
            "correct_and_dk": 12,
            "atleastone_correct": 590,
            "all_correct": 590,
            "total_correct": 590,
            "exact_match_atleastone_correct": 145,
            "exact_match_all_correct": 145,
            "exact_match_total_correct": 145,
            "atleastone_DK": 32,
            "all_DK": 32,
            "total_DK": 64,
            "atleastone_correct_%": 0.6735159817351598,
            "atleastone_DK_%": 0.0365296803652968,
            "all_correct_%": 0.6735159817351598,
            "all_DK_%": 0.0365296803652968,
            "correct_and_dk_%": 0.0136986301369863,
            "total_correct_%": 0.6735159817351598,
            "total_DK_%": 0.0730593607305936
      },
      "SUM_noquestion": {
            "total_questions": 876,
            "f1": 288.63086323176134,
            "correct_and_dk": 10,
            "atleastone_correct": 583,
            "all_correct": 583,
            "total_correct": 583,
            "exact_match_atleastone_correct": 145,
            "exact_match_all_correct": 145,
            "exact_match_total_correct": 145,
            "atleastone_DK": 23,
            "all_DK": 23,
            "total_DK": 46,
            "atleastone_correct_%": 0.6655251141552512,
            "atleastone_DK_%": 0.026255707762557076,
            "all_correct_%": 0.6655251141552512,
            "all_DK_%": 0.026255707762557076,
            "correct_and_dk_%": 0.01141552511415525,
            "total_correct_%": 0.6655251141552512,
            "total_DK_%": 0.05251141552511415
      },
      "SUM_tatsu": {
            "total_questions": 776,
            "f1": 263.3385596667434,
            "correct_and_dk": 5,
            "atleastone_correct": 525,
            "all_correct": 525,
            "total_correct": 525,
            "exact_match_atleastone_correct": 135,
            "exact_match_all_correct": 135,
            "exact_match_total_correct": 135,
            "atleastone_DK": 26,
            "all_DK": 26,
            "total_DK": 52,
            "atleastone_correct_%": 0.6765463917525774,
            "atleastone_DK_%": 0.03350515463917526,
            "all_correct_%": 0.6765463917525774,
            "all_DK_%": 0.03350515463917526,
            "correct_and_dk_%": 0.006443298969072165,
            "total_correct_%": 0.6765463917525774,
            "total_DK_%": 0.06701030927835051
      },
      "dem": {
            "total_questions": 2628,
            "f1": 989.7813123763248,
            "correct_and_dk": 17,
            "atleastone_correct": 623,
            "all_correct": 494,
            "total_correct": 1692,
            "exact_match_atleastone_correct": 288,
            "exact_match_all_correct": 104,
            "exact_match_total_correct": 581,
            "atleastone_DK": 59,
            "all_DK": 15,
            "total_DK": 192,
            "atleastone_correct_%": 0.7111872146118722,
            "atleastone_DK_%": 0.06735159817351598,
            "all_correct_%": 0.5639269406392694,
            "all_DK_%": 0.017123287671232876,
            "correct_and_dk_%": 0.019406392694063926,
            "total_correct_%": 0.6438356164383562,
            "total_DK_%": 0.0730593607305936
      },
      "repub": {
            "total_questions": 2628,
            "f1": 944.4757411295125,
            "correct_and_dk": 38,
            "atleastone_correct": 617,
            "all_correct": 468,
            "total_correct": 1639,
            "exact_match_atleastone_correct": 276,
            "exact_match_all_correct": 90,
            "exact_match_total_correct": 535,
            "atleastone_DK": 103,
            "all_DK": 20,
            "total_DK": 358,
            "atleastone_correct_%": 0.704337899543379,
            "atleastone_DK_%": 0.11757990867579908,
            "all_correct_%": 0.5342465753424657,
            "all_DK_%": 0.0228310502283105,
            "correct_and_dk_%": 0.04337899543378995,
            "total_correct_%": 0.6236681887366818,
            "total_DK_%": 0.13622526636225266
      }
}