{
      "noprompt": {
            "total_questions": 2628,
            "f1": 1033.2909514905962,
            "correct_and_dk": 7,
            "atleastone_correct": 647,
            "all_correct": 534,
            "total_correct": 1787,
            "exact_match_atleastone_correct": 293,
            "exact_match_all_correct": 108,
            "exact_match_total_correct": 588,
            "atleastone_DK": 25,
            "all_DK": 3,
            "total_DK": 66,
            "atleastone_correct_%": 0.7385844748858448,
            "atleastone_DK_%": 0.028538812785388126,
            "all_correct_%": 0.6095890410958904,
            "all_DK_%": 0.003424657534246575,
            "correct_and_dk_%": 0.007990867579908675,
            "total_correct_%": 0.6799847792998478,
            "total_DK_%": 0.02511415525114155
      },
      "SUM": {
            "total_questions": 876,
            "f1": 265.784947358788,
            "correct_and_dk": 16,
            "atleastone_correct": 588,
            "all_correct": 588,
            "total_correct": 588,
            "exact_match_atleastone_correct": 130,
            "exact_match_all_correct": 130,
            "exact_match_total_correct": 130,
            "atleastone_DK": 43,
            "all_DK": 43,
            "total_DK": 86,
            "atleastone_correct_%": 0.6712328767123288,
            "atleastone_DK_%": 0.04908675799086758,
            "all_correct_%": 0.6712328767123288,
            "all_DK_%": 0.04908675799086758,
            "correct_and_dk_%": 0.0182648401826484,
            "total_correct_%": 0.6712328767123288,
            "total_DK_%": 0.09817351598173515
      },
      "SUM_noquestion": {
            "total_questions": 876,
            "f1": 271.1449261161934,
            "correct_and_dk": 12,
            "atleastone_correct": 576,
            "all_correct": 576,
            "total_correct": 576,
            "exact_match_atleastone_correct": 130,
            "exact_match_all_correct": 130,
            "exact_match_total_correct": 130,
            "atleastone_DK": 28,
            "all_DK": 28,
            "total_DK": 56,
            "atleastone_correct_%": 0.6575342465753424,
            "atleastone_DK_%": 0.0319634703196347,
            "all_correct_%": 0.6575342465753424,
            "all_DK_%": 0.0319634703196347,
            "correct_and_dk_%": 0.0136986301369863,
            "total_correct_%": 0.6575342465753424,
            "total_DK_%": 0.0639269406392694
      },
      "SUM_tatsu": {
            "total_questions": 776,
            "f1": 248.5132594411948,
            "correct_and_dk": 7,
            "atleastone_correct": 515,
            "all_correct": 515,
            "total_correct": 515,
            "exact_match_atleastone_correct": 121,
            "exact_match_all_correct": 121,
            "exact_match_total_correct": 121,
            "atleastone_DK": 35,
            "all_DK": 35,
            "total_DK": 70,
            "atleastone_correct_%": 0.663659793814433,
            "atleastone_DK_%": 0.045103092783505154,
            "all_correct_%": 0.663659793814433,
            "all_DK_%": 0.045103092783505154,
            "correct_and_dk_%": 0.00902061855670103,
            "total_correct_%": 0.663659793814433,
            "total_DK_%": 0.09020618556701031
      },
      "dem": {
            "total_questions": 2628,
            "f1": 972.4382368991338,
            "correct_and_dk": 25,
            "atleastone_correct": 614,
            "all_correct": 477,
            "total_correct": 1646,
            "exact_match_atleastone_correct": 280,
            "exact_match_all_correct": 107,
            "exact_match_total_correct": 574,
            "atleastone_DK": 84,
            "all_DK": 20,
            "total_DK": 282,
            "atleastone_correct_%": 0.7009132420091324,
            "atleastone_DK_%": 0.0958904109589041,
            "all_correct_%": 0.5445205479452055,
            "all_DK_%": 0.0228310502283105,
            "correct_and_dk_%": 0.028538812785388126,
            "total_correct_%": 0.6263318112633182,
            "total_DK_%": 0.10730593607305935
      },
      "repub": {
            "total_questions": 2628,
            "f1": 919.7524874971432,
            "correct_and_dk": 49,
            "atleastone_correct": 606,
            "all_correct": 448,
            "total_correct": 1587,
            "exact_match_atleastone_correct": 265,
            "exact_match_all_correct": 92,
            "exact_match_total_correct": 521,
            "atleastone_DK": 131,
            "all_DK": 29,
            "total_DK": 468,
            "atleastone_correct_%": 0.6917808219178082,
            "atleastone_DK_%": 0.1495433789954338,
            "all_correct_%": 0.5114155251141552,
            "all_DK_%": 0.033105022831050226,
            "correct_and_dk_%": 0.05593607305936073,
            "total_correct_%": 0.6038812785388128,
            "total_DK_%": 0.1780821917808219
      }
}