{
      "noprompt": {
            "total_questions": 2628,
            "f1": 1033.2909514905962,
            "correct_and_dk": 7,
            "atleastone_correct": 647,
            "all_correct": 534,
            "total_correct": 1787,
            "exact_match_atleastone_correct": 293,
            "exact_match_all_correct": 108,
            "exact_match_total_correct": 588,
            "atleastone_DK": 25,
            "all_DK": 3,
            "total_DK": 66,
            "atleastone_correct_%": 0.7385844748858448,
            "atleastone_DK_%": 0.028538812785388126,
            "all_correct_%": 0.6095890410958904,
            "all_DK_%": 0.003424657534246575,
            "correct_and_dk_%": 0.007990867579908675,
            "total_correct_%": 0.6799847792998478,
            "total_DK_%": 0.02511415525114155
      },
      "SUM": {
            "total_questions": 876,
            "f1": 316.7105639924368,
            "correct_and_dk": 4,
            "atleastone_correct": 593,
            "all_correct": 593,
            "total_correct": 593,
            "exact_match_atleastone_correct": 170,
            "exact_match_all_correct": 170,
            "exact_match_total_correct": 170,
            "atleastone_DK": 20,
            "all_DK": 20,
            "total_DK": 40,
            "atleastone_correct_%": 0.6769406392694064,
            "atleastone_DK_%": 0.0228310502283105,
            "all_correct_%": 0.6769406392694064,
            "all_DK_%": 0.0228310502283105,
            "correct_and_dk_%": 0.0045662100456621,
            "total_correct_%": 0.6769406392694064,
            "total_DK_%": 0.045662100456621
      },
      "SUM_noquestion": {
            "total_questions": 876,
            "f1": 318.19876328530984,
            "correct_and_dk": 3,
            "atleastone_correct": 590,
            "all_correct": 590,
            "total_correct": 590,
            "exact_match_atleastone_correct": 170,
            "exact_match_all_correct": 170,
            "exact_match_total_correct": 170,
            "atleastone_DK": 18,
            "all_DK": 18,
            "total_DK": 36,
            "atleastone_correct_%": 0.6735159817351598,
            "atleastone_DK_%": 0.02054794520547945,
            "all_correct_%": 0.6735159817351598,
            "all_DK_%": 0.02054794520547945,
            "correct_and_dk_%": 0.003424657534246575,
            "total_correct_%": 0.6735159817351598,
            "total_DK_%": 0.0410958904109589
      },
      "SUM_tatsu": {
            "total_questions": 776,
            "f1": 286.524251656561,
            "correct_and_dk": 3,
            "atleastone_correct": 531,
            "all_correct": 531,
            "total_correct": 531,
            "exact_match_atleastone_correct": 158,
            "exact_match_all_correct": 158,
            "exact_match_total_correct": 158,
            "atleastone_DK": 18,
            "all_DK": 18,
            "total_DK": 36,
            "atleastone_correct_%": 0.6842783505154639,
            "atleastone_DK_%": 0.023195876288659795,
            "all_correct_%": 0.6842783505154639,
            "all_DK_%": 0.023195876288659795,
            "correct_and_dk_%": 0.003865979381443299,
            "total_correct_%": 0.6842783505154639,
            "total_DK_%": 0.04639175257731959
      },
      "dem": {
            "total_questions": 2628,
            "f1": 1017.2736967894233,
            "correct_and_dk": 11,
            "atleastone_correct": 638,
            "all_correct": 514,
            "total_correct": 1744,
            "exact_match_atleastone_correct": 293,
            "exact_match_all_correct": 107,
            "exact_match_total_correct": 592,
            "atleastone_DK": 36,
            "all_DK": 9,
            "total_DK": 114,
            "atleastone_correct_%": 0.728310502283105,
            "atleastone_DK_%": 0.0410958904109589,
            "all_correct_%": 0.5867579908675798,
            "all_DK_%": 0.010273972602739725,
            "correct_and_dk_%": 0.012557077625570776,
            "total_correct_%": 0.6636225266362252,
            "total_DK_%": 0.04337899543378995
      },
      "repub": {
            "total_questions": 2628,
            "f1": 987.1726309378125,
            "correct_and_dk": 14,
            "atleastone_correct": 631,
            "all_correct": 505,
            "total_correct": 1720,
            "exact_match_atleastone_correct": 284,
            "exact_match_all_correct": 99,
            "exact_match_total_correct": 558,
            "atleastone_DK": 54,
            "all_DK": 12,
            "total_DK": 180,
            "atleastone_correct_%": 0.7203196347031964,
            "atleastone_DK_%": 0.06164383561643835,
            "all_correct_%": 0.5764840182648402,
            "all_DK_%": 0.0136986301369863,
            "correct_and_dk_%": 0.01598173515981735,
            "total_correct_%": 0.654490106544901,
            "total_DK_%": 0.0684931506849315
      }
}