{
      "noprompt": {
            "total_questions": 2628,
            "f1": 1033.2909514905962,
            "correct_and_dk": 7,
            "atleastone_correct": 647,
            "all_correct": 534,
            "total_correct": 1787,
            "exact_match_atleastone_correct": 293,
            "exact_match_all_correct": 108,
            "exact_match_total_correct": 588,
            "atleastone_DK": 25,
            "all_DK": 3,
            "total_DK": 66,
            "atleastone_correct_%": 0.7385844748858448,
            "atleastone_DK_%": 0.028538812785388126,
            "all_correct_%": 0.6095890410958904,
            "all_DK_%": 0.003424657534246575,
            "correct_and_dk_%": 0.007990867579908675,
            "total_correct_%": 0.6799847792998478,
            "total_DK_%": 0.02511415525114155
      },
      "SUM": {
            "total_questions": 876,
            "f1": 315.57336592480397,
            "correct_and_dk": 4,
            "atleastone_correct": 592,
            "all_correct": 592,
            "total_correct": 592,
            "exact_match_atleastone_correct": 169,
            "exact_match_all_correct": 169,
            "exact_match_total_correct": 169,
            "atleastone_DK": 21,
            "all_DK": 21,
            "total_DK": 42,
            "atleastone_correct_%": 0.6757990867579908,
            "atleastone_DK_%": 0.023972602739726026,
            "all_correct_%": 0.6757990867579908,
            "all_DK_%": 0.023972602739726026,
            "correct_and_dk_%": 0.0045662100456621,
            "total_correct_%": 0.6757990867579908,
            "total_DK_%": 0.04794520547945205
      },
      "SUM_noquestion": {
            "total_questions": 876,
            "f1": 317.21954250608906,
            "correct_and_dk": 3,
            "atleastone_correct": 589,
            "all_correct": 589,
            "total_correct": 589,
            "exact_match_atleastone_correct": 169,
            "exact_match_all_correct": 169,
            "exact_match_total_correct": 169,
            "atleastone_DK": 18,
            "all_DK": 18,
            "total_DK": 36,
            "atleastone_correct_%": 0.6723744292237442,
            "atleastone_DK_%": 0.02054794520547945,
            "all_correct_%": 0.6723744292237442,
            "all_DK_%": 0.02054794520547945,
            "correct_and_dk_%": 0.003424657534246575,
            "total_correct_%": 0.6723744292237442,
            "total_DK_%": 0.0410958904109589
      },
      "SUM_tatsu": {
            "total_questions": 776,
            "f1": 285.2727365050458,
            "correct_and_dk": 3,
            "atleastone_correct": 530,
            "all_correct": 530,
            "total_correct": 530,
            "exact_match_atleastone_correct": 157,
            "exact_match_all_correct": 157,
            "exact_match_total_correct": 157,
            "atleastone_DK": 19,
            "all_DK": 19,
            "total_DK": 38,
            "atleastone_correct_%": 0.6829896907216495,
            "atleastone_DK_%": 0.024484536082474227,
            "all_correct_%": 0.6829896907216495,
            "all_DK_%": 0.024484536082474227,
            "correct_and_dk_%": 0.003865979381443299,
            "total_correct_%": 0.6829896907216495,
            "total_DK_%": 0.04896907216494845
      },
      "dem": {
            "total_questions": 2628,
            "f1": 1016.07235368808,
            "correct_and_dk": 11,
            "atleastone_correct": 637,
            "all_correct": 513,
            "total_correct": 1741,
            "exact_match_atleastone_correct": 293,
            "exact_match_all_correct": 107,
            "exact_match_total_correct": 592,
            "atleastone_DK": 38,
            "all_DK": 9,
            "total_DK": 120,
            "atleastone_correct_%": 0.7271689497716896,
            "atleastone_DK_%": 0.04337899543378995,
            "all_correct_%": 0.5856164383561644,
            "all_DK_%": 0.010273972602739725,
            "correct_and_dk_%": 0.012557077625570776,
            "total_correct_%": 0.6624809741248098,
            "total_DK_%": 0.045662100456621
      },
      "repub": {
            "total_questions": 2628,
            "f1": 985.660176725358,
            "correct_and_dk": 14,
            "atleastone_correct": 630,
            "all_correct": 504,
            "total_correct": 1717,
            "exact_match_atleastone_correct": 283,
            "exact_match_all_correct": 99,
            "exact_match_total_correct": 557,
            "atleastone_DK": 55,
            "all_DK": 13,
            "total_DK": 186,
            "atleastone_correct_%": 0.7191780821917808,
            "atleastone_DK_%": 0.06278538812785388,
            "all_correct_%": 0.5753424657534246,
            "all_DK_%": 0.014840182648401826,
            "correct_and_dk_%": 0.01598173515981735,
            "total_correct_%": 0.6533485540334856,
            "total_DK_%": 0.07077625570776255
      }
}