{
      "noprompt": {
            "total_questions": 2628,
            "f1": 0.3931852935656759,
            "correct_and_dk": 7,
            "atleastone_correct": 647,
            "all_correct": 534,
            "total_correct": 1787,
            "exact_match_atleastone_correct": 293,
            "exact_match_all_correct": 108,
            "exact_match_total_correct": 588,
            "atleastone_DK": 25,
            "all_DK": 3,
            "total_DK": 66,
            "atleastone_correct_%": 0.7385844748858448,
            "atleastone_DK_%": 0.028538812785388126,
            "all_correct_%": 0.6095890410958904,
            "all_DK_%": 0.003424657534246575,
            "correct_and_dk_%": 0.007990867579908675,
            "total_correct_%": 0.6799847792998478,
            "total_DK_%": 0.02511415525114155,
            "exact_match_atleastone_correct_%": 0.3344748858447488,
            "exact_match_all_correct_%": 0.1232876712328767,
            "exact_match_total_correct_%": 0.2237442922374429
      },
      "SUM": {
            "total_questions": 876,
            "f1": 0.38827702059162494,
            "correct_and_dk": 0,
            "atleastone_correct": 594,
            "all_correct": 594,
            "total_correct": 594,
            "exact_match_atleastone_correct": 189,
            "exact_match_all_correct": 189,
            "exact_match_total_correct": 189,
            "atleastone_DK": 12,
            "all_DK": 12,
            "total_DK": 24,
            "atleastone_correct_%": 0.678082191780822,
            "atleastone_DK_%": 0.0136986301369863,
            "all_correct_%": 0.678082191780822,
            "all_DK_%": 0.0136986301369863,
            "correct_and_dk_%": 0.0,
            "total_correct_%": 0.678082191780822,
            "total_DK_%": 0.0273972602739726,
            "exact_match_atleastone_correct_%": 0.21575342465753425,
            "exact_match_all_correct_%": 0.21575342465753425,
            "exact_match_total_correct_%": 0.21575342465753425
      },
      "SUM_noquestion": {
            "total_questions": 876,
            "f1": 0.3883797335710503,
            "correct_and_dk": 0,
            "atleastone_correct": 594,
            "all_correct": 594,
            "total_correct": 594,
            "exact_match_atleastone_correct": 189,
            "exact_match_all_correct": 189,
            "exact_match_total_correct": 189,
            "atleastone_DK": 12,
            "all_DK": 12,
            "total_DK": 24,
            "atleastone_correct_%": 0.678082191780822,
            "atleastone_DK_%": 0.0136986301369863,
            "all_correct_%": 0.678082191780822,
            "all_DK_%": 0.0136986301369863,
            "correct_and_dk_%": 0.0,
            "total_correct_%": 0.678082191780822,
            "total_DK_%": 0.0273972602739726,
            "exact_match_atleastone_correct_%": 0.21575342465753425,
            "exact_match_all_correct_%": 0.21575342465753425,
            "exact_match_total_correct_%": 0.21575342465753425
      },
      "SUM_tatsu": {
            "total_questions": 776,
            "f1": 0.39339184711316677,
            "correct_and_dk": 0,
            "atleastone_correct": 533,
            "all_correct": 533,
            "total_correct": 533,
            "exact_match_atleastone_correct": 176,
            "exact_match_all_correct": 176,
            "exact_match_total_correct": 176,
            "atleastone_DK": 10,
            "all_DK": 10,
            "total_DK": 20,
            "atleastone_correct_%": 0.6868556701030928,
            "atleastone_DK_%": 0.01288659793814433,
            "all_correct_%": 0.6868556701030928,
            "all_DK_%": 0.01288659793814433,
            "correct_and_dk_%": 0.0,
            "total_correct_%": 0.6868556701030928,
            "total_DK_%": 0.02577319587628866,
            "exact_match_atleastone_correct_%": 0.2268041237113402,
            "exact_match_all_correct_%": 0.2268041237113402,
            "exact_match_total_correct_%": 0.2268041237113402
      },
      "dem": {
            "total_questions": 2628,
            "f1": 0.39154383315543456,
            "correct_and_dk": 7,
            "atleastone_correct": 645,
            "all_correct": 530,
            "total_correct": 1778,
            "exact_match_atleastone_correct": 292,
            "exact_match_all_correct": 108,
            "exact_match_total_correct": 588,
            "atleastone_DK": 26,
            "all_DK": 4,
            "total_DK": 72,
            "atleastone_correct_%": 0.7363013698630136,
            "atleastone_DK_%": 0.02968036529680365,
            "all_correct_%": 0.6050228310502282,
            "all_DK_%": 0.0045662100456621,
            "correct_and_dk_%": 0.007990867579908675,
            "total_correct_%": 0.6765601217656012,
            "total_DK_%": 0.0273972602739726,
            "exact_match_atleastone_correct_%": 0.3333333333333333,
            "exact_match_all_correct_%": 0.1232876712328767,
            "exact_match_total_correct_%": 0.2237442922374429
      },
      "repub": {
            "total_questions": 2628,
            "f1": 0.3910605235365558,
            "correct_and_dk": 8,
            "atleastone_correct": 644,
            "all_correct": 531,
            "total_correct": 1778,
            "exact_match_atleastone_correct": 291,
            "exact_match_all_correct": 107,
            "exact_match_total_correct": 584,
            "atleastone_DK": 29,
            "all_DK": 3,
            "total_DK": 76,
            "atleastone_correct_%": 0.7351598173515981,
            "atleastone_DK_%": 0.033105022831050226,
            "all_correct_%": 0.6061643835616438,
            "all_DK_%": 0.003424657534246575,
            "correct_and_dk_%": 0.0091324200913242,
            "total_correct_%": 0.6765601217656012,
            "total_DK_%": 0.0289193302891933,
            "exact_match_atleastone_correct_%": 0.3321917808219178,
            "exact_match_all_correct_%": 0.12214611872146118,
            "exact_match_total_correct_%": 0.2222222222222222
      }
}