{
      "noprompt": {
            "total_questions": 2628,
            "f1": 0.3931852935656759,
            "correct_and_dk": 7,
            "atleastone_correct": 647,
            "all_correct": 534,
            "total_correct": 1787,
            "exact_match_atleastone_correct": 293,
            "exact_match_all_correct": 108,
            "exact_match_total_correct": 588,
            "atleastone_DK": 25,
            "all_DK": 3,
            "total_DK": 66,
            "atleastone_correct_%": 0.7385844748858448,
            "atleastone_DK_%": 0.028538812785388126,
            "all_correct_%": 0.6095890410958904,
            "all_DK_%": 0.003424657534246575,
            "correct_and_dk_%": 0.007990867579908675,
            "total_correct_%": 0.6799847792998478,
            "total_DK_%": 0.02511415525114155,
            "exact_match_atleastone_correct_%": 0.3344748858447488,
            "exact_match_all_correct_%": 0.1232876712328767,
            "exact_match_total_correct_%": 0.2237442922374429
      },
      "SUM": {
            "total_questions": 876,
            "f1": 0.3418658782715336,
            "correct_and_dk": 10,
            "atleastone_correct": 591,
            "all_correct": 591,
            "total_correct": 591,
            "exact_match_atleastone_correct": 157,
            "exact_match_all_correct": 157,
            "exact_match_total_correct": 157,
            "atleastone_DK": 27,
            "all_DK": 27,
            "total_DK": 54,
            "atleastone_correct_%": 0.6746575342465754,
            "atleastone_DK_%": 0.030821917808219176,
            "all_correct_%": 0.6746575342465754,
            "all_DK_%": 0.030821917808219176,
            "correct_and_dk_%": 0.01141552511415525,
            "total_correct_%": 0.6746575342465754,
            "total_DK_%": 0.06164383561643835,
            "exact_match_atleastone_correct_%": 0.17922374429223745,
            "exact_match_all_correct_%": 0.17922374429223745,
            "exact_match_total_correct_%": 0.17922374429223745
      },
      "SUM_noquestion": {
            "total_questions": 876,
            "f1": 0.34544773910467963,
            "correct_and_dk": 9,
            "atleastone_correct": 588,
            "all_correct": 588,
            "total_correct": 588,
            "exact_match_atleastone_correct": 157,
            "exact_match_all_correct": 157,
            "exact_match_total_correct": 157,
            "atleastone_DK": 22,
            "all_DK": 22,
            "total_DK": 44,
            "atleastone_correct_%": 0.6712328767123288,
            "atleastone_DK_%": 0.02511415525114155,
            "all_correct_%": 0.6712328767123288,
            "all_DK_%": 0.02511415525114155,
            "correct_and_dk_%": 0.010273972602739725,
            "total_correct_%": 0.6712328767123288,
            "total_DK_%": 0.0502283105022831,
            "exact_match_atleastone_correct_%": 0.17922374429223745,
            "exact_match_all_correct_%": 0.17922374429223745,
            "exact_match_total_correct_%": 0.17922374429223745
      },
      "SUM_tatsu": {
            "total_questions": 776,
            "f1": 0.3536231349745124,
            "correct_and_dk": 5,
            "atleastone_correct": 527,
            "all_correct": 527,
            "total_correct": 527,
            "exact_match_atleastone_correct": 146,
            "exact_match_all_correct": 146,
            "exact_match_total_correct": 146,
            "atleastone_DK": 22,
            "all_DK": 22,
            "total_DK": 44,
            "atleastone_correct_%": 0.6791237113402062,
            "atleastone_DK_%": 0.028350515463917526,
            "all_correct_%": 0.6791237113402062,
            "all_DK_%": 0.028350515463917526,
            "correct_and_dk_%": 0.006443298969072165,
            "total_correct_%": 0.6791237113402062,
            "total_DK_%": 0.05670103092783505,
            "exact_match_atleastone_correct_%": 0.18814432989690721,
            "exact_match_all_correct_%": 0.18814432989690721,
            "exact_match_total_correct_%": 0.18814432989690721
      },
      "dem": {
            "total_questions": 2628,
            "f1": 0.3819142086802706,
            "correct_and_dk": 13,
            "atleastone_correct": 629,
            "all_correct": 505,
            "total_correct": 1716,
            "exact_match_atleastone_correct": 291,
            "exact_match_all_correct": 105,
            "exact_match_total_correct": 587,
            "atleastone_DK": 48,
            "all_DK": 11,
            "total_DK": 152,
            "atleastone_correct_%": 0.7180365296803652,
            "atleastone_DK_%": 0.0547945205479452,
            "all_correct_%": 0.5764840182648402,
            "all_DK_%": 0.012557077625570776,
            "correct_and_dk_%": 0.014840182648401826,
            "total_correct_%": 0.6529680365296804,
            "total_DK_%": 0.0578386605783866,
            "exact_match_atleastone_correct_%": 0.3321917808219178,
            "exact_match_all_correct_%": 0.11986301369863013,
            "exact_match_total_correct_%": 0.22336377473363775
      },
      "repub": {
            "total_questions": 2628,
            "f1": 0.3655660934978691,
            "correct_and_dk": 28,
            "atleastone_correct": 622,
            "all_correct": 485,
            "total_correct": 1671,
            "exact_match_atleastone_correct": 279,
            "exact_match_all_correct": 94,
            "exact_match_total_correct": 543,
            "atleastone_DK": 86,
            "all_DK": 17,
            "total_DK": 300,
            "atleastone_correct_%": 0.7100456621004566,
            "atleastone_DK_%": 0.09817351598173515,
            "all_correct_%": 0.5536529680365296,
            "all_DK_%": 0.019406392694063926,
            "correct_and_dk_%": 0.0319634703196347,
            "total_correct_%": 0.6358447488584474,
            "total_DK_%": 0.1141552511415525,
            "exact_match_atleastone_correct_%": 0.3184931506849315,
            "exact_match_all_correct_%": 0.10730593607305935,
            "exact_match_total_correct_%": 0.20662100456621005
      }
}