{
      "noprompt": {
            "total_questions": 2628,
            "f1": 0.3931852935656759,
            "correct_and_dk": 7,
            "atleastone_correct": 647,
            "all_correct": 534,
            "total_correct": 1787,
            "exact_match_atleastone_correct": 293,
            "exact_match_all_correct": 108,
            "exact_match_total_correct": 588,
            "atleastone_DK": 25,
            "all_DK": 3,
            "total_DK": 66,
            "atleastone_correct_%": 0.7385844748858448,
            "atleastone_DK_%": 0.028538812785388126,
            "all_correct_%": 0.6095890410958904,
            "all_DK_%": 0.003424657534246575,
            "correct_and_dk_%": 0.007990867579908675,
            "total_correct_%": 0.6799847792998478,
            "total_DK_%": 0.02511415525114155,
            "exact_match_atleastone_correct_%": 0.3344748858447488,
            "exact_match_all_correct_%": 0.1232876712328767,
            "exact_match_total_correct_%": 0.2237442922374429
      },
      "SUM": {
            "total_questions": 876,
            "f1": 0.08994419368172679,
            "correct_and_dk": 38,
            "atleastone_correct": 558,
            "all_correct": 558,
            "total_correct": 558,
            "exact_match_atleastone_correct": 0,
            "exact_match_all_correct": 0,
            "exact_match_total_correct": 0,
            "atleastone_DK": 124,
            "all_DK": 124,
            "total_DK": 248,
            "atleastone_correct_%": 0.636986301369863,
            "atleastone_DK_%": 0.1415525114155251,
            "all_correct_%": 0.636986301369863,
            "all_DK_%": 0.1415525114155251,
            "correct_and_dk_%": 0.04337899543378995,
            "total_correct_%": 0.636986301369863,
            "total_DK_%": 0.2831050228310502,
            "exact_match_atleastone_correct_%": 0.0,
            "exact_match_all_correct_%": 0.0,
            "exact_match_total_correct_%": 0.0
      },
      "SUM_noquestion": {
            "total_questions": 876,
            "f1": 0.12961371712305142,
            "correct_and_dk": 27,
            "atleastone_correct": 517,
            "all_correct": 517,
            "total_correct": 517,
            "exact_match_atleastone_correct": 0,
            "exact_match_all_correct": 0,
            "exact_match_total_correct": 0,
            "atleastone_DK": 66,
            "all_DK": 66,
            "total_DK": 132,
            "atleastone_correct_%": 0.5901826484018264,
            "atleastone_DK_%": 0.07534246575342465,
            "all_correct_%": 0.5901826484018264,
            "all_DK_%": 0.07534246575342465,
            "correct_and_dk_%": 0.030821917808219176,
            "total_correct_%": 0.5901826484018264,
            "total_DK_%": 0.1506849315068493,
            "exact_match_atleastone_correct_%": 0.0,
            "exact_match_all_correct_%": 0.0,
            "exact_match_total_correct_%": 0.0
      },
      "SUM_tatsu": {
            "total_questions": 776,
            "f1": 0.15162249287870389,
            "correct_and_dk": 11,
            "atleastone_correct": 446,
            "all_correct": 446,
            "total_correct": 446,
            "exact_match_atleastone_correct": 6,
            "exact_match_all_correct": 6,
            "exact_match_total_correct": 6,
            "atleastone_DK": 107,
            "all_DK": 107,
            "total_DK": 214,
            "atleastone_correct_%": 0.5747422680412371,
            "atleastone_DK_%": 0.13788659793814434,
            "all_correct_%": 0.5747422680412371,
            "all_DK_%": 0.13788659793814434,
            "correct_and_dk_%": 0.014175257731958763,
            "total_correct_%": 0.5747422680412371,
            "total_DK_%": 0.2757731958762887,
            "exact_match_atleastone_correct_%": 0.007731958762886598,
            "exact_match_all_correct_%": 0.007731958762886598,
            "exact_match_total_correct_%": 0.007731958762886598
      },
      "dem": {
            "total_questions": 2628,
            "f1": 0.3171764007240673,
            "correct_and_dk": 82,
            "atleastone_correct": 528,
            "all_correct": 337,
            "total_correct": 1314,
            "exact_match_atleastone_correct": 251,
            "exact_match_all_correct": 111,
            "exact_match_total_correct": 548,
            "atleastone_DK": 275,
            "all_DK": 71,
            "total_DK": 986,
            "atleastone_correct_%": 0.6027397260273972,
            "atleastone_DK_%": 0.3139269406392694,
            "all_correct_%": 0.384703196347032,
            "all_DK_%": 0.08105022831050228,
            "correct_and_dk_%": 0.09360730593607305,
            "total_correct_%": 0.5,
            "total_DK_%": 0.3751902587519026,
            "exact_match_atleastone_correct_%": 0.2865296803652968,
            "exact_match_all_correct_%": 0.1267123287671233,
            "exact_match_total_correct_%": 0.2085235920852359
      },
      "repub": {
            "total_questions": 2628,
            "f1": 0.29430572632289764,
            "correct_and_dk": 114,
            "atleastone_correct": 513,
            "all_correct": 303,
            "total_correct": 1233,
            "exact_match_atleastone_correct": 236,
            "exact_match_all_correct": 94,
            "exact_match_total_correct": 492,
            "atleastone_DK": 344,
            "all_DK": 81,
            "total_DK": 1242,
            "atleastone_correct_%": 0.5856164383561644,
            "atleastone_DK_%": 0.3926940639269406,
            "all_correct_%": 0.3458904109589041,
            "all_DK_%": 0.09246575342465753,
            "correct_and_dk_%": 0.13013698630136986,
            "total_correct_%": 0.4691780821917808,
            "total_DK_%": 0.4726027397260274,
            "exact_match_atleastone_correct_%": 0.2694063926940639,
            "exact_match_all_correct_%": 0.10730593607305935,
            "exact_match_total_correct_%": 0.1872146118721461
      }
}