{
      "noprompt": {
            "total_questions": 2628,
            "f1": 0.3931852935656759,
            "correct_and_dk": 7,
            "atleastone_correct": 647,
            "all_correct": 534,
            "total_correct": 1787,
            "exact_match_atleastone_correct": 293,
            "exact_match_all_correct": 108,
            "exact_match_total_correct": 588,
            "atleastone_DK": 25,
            "all_DK": 3,
            "total_DK": 66,
            "atleastone_correct_%": 0.7385844748858448,
            "atleastone_DK_%": 0.028538812785388126,
            "all_correct_%": 0.6095890410958904,
            "all_DK_%": 0.003424657534246575,
            "correct_and_dk_%": 0.007990867579908675,
            "total_correct_%": 0.6799847792998478,
            "total_DK_%": 0.02511415525114155,
            "exact_match_atleastone_correct_%": 0.3344748858447488,
            "exact_match_all_correct_%": 0.1232876712328767,
            "exact_match_total_correct_%": 0.2237442922374429
      },
      "SUM": {
            "total_questions": 876,
            "f1": 0.36703439809877414,
            "correct_and_dk": 4,
            "atleastone_correct": 591,
            "all_correct": 591,
            "total_correct": 591,
            "exact_match_atleastone_correct": 173,
            "exact_match_all_correct": 173,
            "exact_match_total_correct": 173,
            "atleastone_DK": 20,
            "all_DK": 20,
            "total_DK": 40,
            "atleastone_correct_%": 0.6746575342465754,
            "atleastone_DK_%": 0.0228310502283105,
            "all_correct_%": 0.6746575342465754,
            "all_DK_%": 0.0228310502283105,
            "correct_and_dk_%": 0.0045662100456621,
            "total_correct_%": 0.6746575342465754,
            "total_DK_%": 0.045662100456621,
            "exact_match_atleastone_correct_%": 0.19748858447488585,
            "exact_match_all_correct_%": 0.19748858447488585,
            "exact_match_total_correct_%": 0.19748858447488585
      },
      "SUM_noquestion": {
            "total_questions": 876,
            "f1": 0.36817861059341656,
            "correct_and_dk": 1,
            "atleastone_correct": 589,
            "all_correct": 589,
            "total_correct": 589,
            "exact_match_atleastone_correct": 173,
            "exact_match_all_correct": 173,
            "exact_match_total_correct": 173,
            "atleastone_DK": 17,
            "all_DK": 17,
            "total_DK": 34,
            "atleastone_correct_%": 0.6723744292237442,
            "atleastone_DK_%": 0.019406392694063926,
            "all_correct_%": 0.6723744292237442,
            "all_DK_%": 0.019406392694063926,
            "correct_and_dk_%": 0.001141552511415525,
            "total_correct_%": 0.6723744292237442,
            "total_DK_%": 0.03881278538812785,
            "exact_match_atleastone_correct_%": 0.19748858447488585,
            "exact_match_all_correct_%": 0.19748858447488585,
            "exact_match_total_correct_%": 0.19748858447488585
      },
      "SUM_tatsu": {
            "total_questions": 776,
            "f1": 0.374448116532278,
            "correct_and_dk": 1,
            "atleastone_correct": 529,
            "all_correct": 529,
            "total_correct": 529,
            "exact_match_atleastone_correct": 161,
            "exact_match_all_correct": 161,
            "exact_match_total_correct": 161,
            "atleastone_DK": 15,
            "all_DK": 15,
            "total_DK": 30,
            "atleastone_correct_%": 0.6817010309278351,
            "atleastone_DK_%": 0.019329896907216496,
            "all_correct_%": 0.6817010309278351,
            "all_DK_%": 0.019329896907216496,
            "correct_and_dk_%": 0.001288659793814433,
            "total_correct_%": 0.6817010309278351,
            "total_DK_%": 0.03865979381443299,
            "exact_match_atleastone_correct_%": 0.20747422680412372,
            "exact_match_all_correct_%": 0.20747422680412372,
            "exact_match_total_correct_%": 0.20747422680412372
      },
      "dem": {
            "total_questions": 2628,
            "f1": 0.3878753406400767,
            "correct_and_dk": 9,
            "atleastone_correct": 640,
            "all_correct": 518,
            "total_correct": 1753,
            "exact_match_atleastone_correct": 292,
            "exact_match_all_correct": 105,
            "exact_match_total_correct": 587,
            "atleastone_DK": 30,
            "all_DK": 7,
            "total_DK": 94,
            "atleastone_correct_%": 0.730593607305936,
            "atleastone_DK_%": 0.03424657534246575,
            "all_correct_%": 0.591324200913242,
            "all_DK_%": 0.007990867579908675,
            "correct_and_dk_%": 0.010273972602739725,
            "total_correct_%": 0.6670471841704718,
            "total_DK_%": 0.03576864535768645,
            "exact_match_atleastone_correct_%": 0.3333333333333333,
            "exact_match_all_correct_%": 0.11986301369863013,
            "exact_match_total_correct_%": 0.22336377473363775
      },
      "repub": {
            "total_questions": 2628,
            "f1": 0.3777400325498429,
            "correct_and_dk": 13,
            "atleastone_correct": 632,
            "all_correct": 509,
            "total_correct": 1728,
            "exact_match_atleastone_correct": 282,
            "exact_match_all_correct": 99,
            "exact_match_total_correct": 557,
            "atleastone_DK": 48,
            "all_DK": 11,
            "total_DK": 158,
            "atleastone_correct_%": 0.7214611872146118,
            "atleastone_DK_%": 0.0547945205479452,
            "all_correct_%": 0.5810502283105023,
            "all_DK_%": 0.012557077625570776,
            "correct_and_dk_%": 0.014840182648401826,
            "total_correct_%": 0.6575342465753424,
            "total_DK_%": 0.06012176560121765,
            "exact_match_atleastone_correct_%": 0.32191780821917804,
            "exact_match_all_correct_%": 0.11301369863013698,
            "exact_match_total_correct_%": 0.2119482496194825
      }
}