{
      "noprompt": {
            "total_questions": 2628,
            "f1": 1033.2909514905962,
            "correct_and_dk": 7,
            "atleastone_correct": 647,
            "all_correct": 534,
            "total_correct": 1787,
            "exact_match_atleastone_correct": 293,
            "exact_match_all_correct": 108,
            "exact_match_total_correct": 588,
            "atleastone_DK": 25,
            "all_DK": 3,
            "total_DK": 66,
            "atleastone_correct_%": 0.7385844748858448,
            "atleastone_DK_%": 0.028538812785388126,
            "all_correct_%": 0.6095890410958904,
            "all_DK_%": 0.003424657534246575,
            "correct_and_dk_%": 0.007990867579908675,
            "total_correct_%": 0.6799847792998478,
            "total_DK_%": 0.02511415525114155
      },
      "SUM": {
            "total_questions": 876,
            "f1": 292.97508347189256,
            "correct_and_dk": 12,
            "atleastone_correct": 590,
            "all_correct": 590,
            "total_correct": 590,
            "exact_match_atleastone_correct": 152,
            "exact_match_all_correct": 152,
            "exact_match_total_correct": 152,
            "atleastone_DK": 30,
            "all_DK": 30,
            "total_DK": 60,
            "atleastone_correct_%": 0.6735159817351598,
            "atleastone_DK_%": 0.03424657534246575,
            "all_correct_%": 0.6735159817351598,
            "all_DK_%": 0.03424657534246575,
            "correct_and_dk_%": 0.0136986301369863,
            "total_correct_%": 0.6735159817351598,
            "total_DK_%": 0.0684931506849315
      },
      "SUM_noquestion": {
            "total_questions": 876,
            "f1": 296.68958977092274,
            "correct_and_dk": 10,
            "atleastone_correct": 587,
            "all_correct": 587,
            "total_correct": 587,
            "exact_match_atleastone_correct": 152,
            "exact_match_all_correct": 152,
            "exact_match_total_correct": 152,
            "atleastone_DK": 22,
            "all_DK": 22,
            "total_DK": 44,
            "atleastone_correct_%": 0.6700913242009132,
            "atleastone_DK_%": 0.02511415525114155,
            "all_correct_%": 0.6700913242009132,
            "all_DK_%": 0.02511415525114155,
            "correct_and_dk_%": 0.01141552511415525,
            "total_correct_%": 0.6700913242009132,
            "total_DK_%": 0.0502283105022831
      },
      "SUM_tatsu": {
            "total_questions": 776,
            "f1": 269.75133983426025,
            "correct_and_dk": 5,
            "atleastone_correct": 527,
            "all_correct": 527,
            "total_correct": 527,
            "exact_match_atleastone_correct": 141,
            "exact_match_all_correct": 141,
            "exact_match_total_correct": 141,
            "atleastone_DK": 23,
            "all_DK": 23,
            "total_DK": 46,
            "atleastone_correct_%": 0.6791237113402062,
            "atleastone_DK_%": 0.029639175257731958,
            "all_correct_%": 0.6791237113402062,
            "all_DK_%": 0.029639175257731958,
            "correct_and_dk_%": 0.006443298969072165,
            "total_correct_%": 0.6791237113402062,
            "total_DK_%": 0.059278350515463915
      },
      "dem": {
            "total_questions": 2628,
            "f1": 997.6867388339255,
            "correct_and_dk": 15,
            "atleastone_correct": 626,
            "all_correct": 500,
            "total_correct": 1705,
            "exact_match_atleastone_correct": 290,
            "exact_match_all_correct": 105,
            "exact_match_total_correct": 585,
            "atleastone_DK": 52,
            "all_DK": 13,
            "total_DK": 170,
            "atleastone_correct_%": 0.7146118721461187,
            "atleastone_DK_%": 0.0593607305936073,
            "all_correct_%": 0.5707762557077625,
            "all_DK_%": 0.014840182648401826,
            "correct_and_dk_%": 0.017123287671232876,
            "total_correct_%": 0.6487823439878234,
            "total_DK_%": 0.06468797564687975
      },
      "repub": {
            "total_questions": 2628,
            "f1": 955.7106542613362,
            "correct_and_dk": 33,
            "atleastone_correct": 621,
            "all_correct": 479,
            "total_correct": 1659,
            "exact_match_atleastone_correct": 279,
            "exact_match_all_correct": 94,
            "exact_match_total_correct": 542,
            "atleastone_DK": 91,
            "all_DK": 18,
            "total_DK": 318,
            "atleastone_correct_%": 0.7089041095890412,
            "atleastone_DK_%": 0.10388127853881278,
            "all_correct_%": 0.5468036529680366,
            "all_DK_%": 0.02054794520547945,
            "correct_and_dk_%": 0.03767123287671233,
            "total_correct_%": 0.6312785388127854,
            "total_DK_%": 0.12100456621004566
      }
}