{
      "noprompt": {
            "total_questions": 2628,
            "f1": 1033.2909514905962,
            "correct_and_dk": 7,
            "atleastone_correct": 647,
            "all_correct": 534,
            "total_correct": 1787,
            "exact_match_atleastone_correct": 293,
            "exact_match_all_correct": 108,
            "exact_match_total_correct": 588,
            "atleastone_DK": 25,
            "all_DK": 3,
            "total_DK": 66,
            "atleastone_correct_%": 0.7385844748858448,
            "atleastone_DK_%": 0.028538812785388126,
            "all_correct_%": 0.6095890410958904,
            "all_DK_%": 0.003424657534246575,
            "correct_and_dk_%": 0.007990867579908675,
            "total_correct_%": 0.6799847792998478,
            "total_DK_%": 0.02511415525114155
      },
      "SUM": {
            "total_questions": 876,
            "f1": 224.5365215558136,
            "correct_and_dk": 21,
            "atleastone_correct": 590,
            "all_correct": 590,
            "total_correct": 590,
            "exact_match_atleastone_correct": 97,
            "exact_match_all_correct": 97,
            "exact_match_total_correct": 97,
            "atleastone_DK": 61,
            "all_DK": 61,
            "total_DK": 122,
            "atleastone_correct_%": 0.6735159817351598,
            "atleastone_DK_%": 0.06963470319634703,
            "all_correct_%": 0.6735159817351598,
            "all_DK_%": 0.06963470319634703,
            "correct_and_dk_%": 0.023972602739726026,
            "total_correct_%": 0.6735159817351598,
            "total_DK_%": 0.13926940639269406
      },
      "SUM_noquestion": {
            "total_questions": 876,
            "f1": 236.094485129489,
            "correct_and_dk": 18,
            "atleastone_correct": 571,
            "all_correct": 571,
            "total_correct": 571,
            "exact_match_atleastone_correct": 97,
            "exact_match_all_correct": 97,
            "exact_match_total_correct": 97,
            "atleastone_DK": 40,
            "all_DK": 40,
            "total_DK": 80,
            "atleastone_correct_%": 0.6518264840182648,
            "atleastone_DK_%": 0.045662100456621,
            "all_correct_%": 0.6518264840182648,
            "all_DK_%": 0.045662100456621,
            "correct_and_dk_%": 0.02054794520547945,
            "total_correct_%": 0.6518264840182648,
            "total_DK_%": 0.091324200913242
      },
      "SUM_tatsu": {
            "total_questions": 776,
            "f1": 219.02223267352718,
            "correct_and_dk": 9,
            "atleastone_correct": 509,
            "all_correct": 509,
            "total_correct": 509,
            "exact_match_atleastone_correct": 91,
            "exact_match_all_correct": 91,
            "exact_match_total_correct": 91,
            "atleastone_DK": 49,
            "all_DK": 49,
            "total_DK": 98,
            "atleastone_correct_%": 0.6559278350515464,
            "atleastone_DK_%": 0.06314432989690721,
            "all_correct_%": 0.6559278350515464,
            "all_DK_%": 0.06314432989690721,
            "correct_and_dk_%": 0.011597938144329897,
            "total_correct_%": 0.6559278350515464,
            "total_DK_%": 0.12628865979381443
      },
      "dem": {
            "total_questions": 2628,
            "f1": 959.6847813016316,
            "correct_and_dk": 38,
            "atleastone_correct": 601,
            "all_correct": 456,
            "total_correct": 1595,
            "exact_match_atleastone_correct": 280,
            "exact_match_all_correct": 112,
            "exact_match_total_correct": 582,
            "atleastone_DK": 121,
            "all_DK": 23,
            "total_DK": 396,
            "atleastone_correct_%": 0.6860730593607306,
            "atleastone_DK_%": 0.13812785388127852,
            "all_correct_%": 0.5205479452054794,
            "all_DK_%": 0.026255707762557076,
            "correct_and_dk_%": 0.04337899543378995,
            "total_correct_%": 0.6069254185692542,
            "total_DK_%": 0.1506849315068493
      },
      "repub": {
            "total_questions": 2628,
            "f1": 887.6193264139478,
            "correct_and_dk": 68,
            "atleastone_correct": 586,
            "all_correct": 422,
            "total_correct": 1518,
            "exact_match_atleastone_correct": 258,
            "exact_match_all_correct": 92,
            "exact_match_total_correct": 512,
            "atleastone_DK": 186,
            "all_DK": 42,
            "total_DK": 664,
            "atleastone_correct_%": 0.6689497716894977,
            "atleastone_DK_%": 0.21232876712328766,
            "all_correct_%": 0.4817351598173516,
            "all_DK_%": 0.04794520547945205,
            "correct_and_dk_%": 0.0776255707762557,
            "total_correct_%": 0.5776255707762558,
            "total_DK_%": 0.2526636225266362
      }
}