{
      "noprompt": {
            "total_questions": 2628,
            "f1": 1033.2909514905962,
            "correct_and_dk": 7,
            "atleastone_correct": 647,
            "all_correct": 534,
            "total_correct": 1787,
            "exact_match_atleastone_correct": 293,
            "exact_match_all_correct": 108,
            "exact_match_total_correct": 588,
            "atleastone_DK": 25,
            "all_DK": 3,
            "total_DK": 66,
            "atleastone_correct_%": 0.7385844748858448,
            "atleastone_DK_%": 0.028538812785388126,
            "all_correct_%": 0.6095890410958904,
            "all_DK_%": 0.003424657534246575,
            "correct_and_dk_%": 0.007990867579908675,
            "total_correct_%": 0.6799847792998478,
            "total_DK_%": 0.02511415525114155
      },
      "SUM": {
            "total_questions": 876,
            "f1": 186.33291618314615,
            "correct_and_dk": 25,
            "atleastone_correct": 584,
            "all_correct": 584,
            "total_correct": 584,
            "exact_match_atleastone_correct": 66,
            "exact_match_all_correct": 66,
            "exact_match_total_correct": 66,
            "atleastone_DK": 78,
            "all_DK": 78,
            "total_DK": 156,
            "atleastone_correct_%": 0.6666666666666666,
            "atleastone_DK_%": 0.08904109589041095,
            "all_correct_%": 0.6666666666666666,
            "all_DK_%": 0.08904109589041095,
            "correct_and_dk_%": 0.028538812785388126,
            "total_correct_%": 0.6666666666666666,
            "total_DK_%": 0.1780821917808219
      },
      "SUM_noquestion": {
            "total_questions": 876,
            "f1": 202.56482570671955,
            "correct_and_dk": 20,
            "atleastone_correct": 559,
            "all_correct": 559,
            "total_correct": 559,
            "exact_match_atleastone_correct": 66,
            "exact_match_all_correct": 66,
            "exact_match_total_correct": 66,
            "atleastone_DK": 49,
            "all_DK": 49,
            "total_DK": 98,
            "atleastone_correct_%": 0.6381278538812786,
            "atleastone_DK_%": 0.05593607305936073,
            "all_correct_%": 0.6381278538812786,
            "all_DK_%": 0.05593607305936073,
            "correct_and_dk_%": 0.0228310502283105,
            "total_correct_%": 0.6381278538812786,
            "total_DK_%": 0.11187214611872145
      },
      "SUM_tatsu": {
            "total_questions": 776,
            "f1": 190.15195779913978,
            "correct_and_dk": 10,
            "atleastone_correct": 499,
            "all_correct": 499,
            "total_correct": 499,
            "exact_match_atleastone_correct": 63,
            "exact_match_all_correct": 63,
            "exact_match_total_correct": 63,
            "atleastone_DK": 63,
            "all_DK": 63,
            "total_DK": 126,
            "atleastone_correct_%": 0.6430412371134021,
            "atleastone_DK_%": 0.08118556701030928,
            "all_correct_%": 0.6430412371134021,
            "all_DK_%": 0.08118556701030928,
            "correct_and_dk_%": 0.01288659793814433,
            "total_correct_%": 0.6430412371134021,
            "total_DK_%": 0.16237113402061856
      },
      "dem": {
            "total_questions": 2628,
            "f1": 916.4687350440569,
            "correct_and_dk": 56,
            "atleastone_correct": 584,
            "all_correct": 426,
            "total_correct": 1530,
            "exact_match_atleastone_correct": 268,
            "exact_match_all_correct": 103,
            "exact_match_total_correct": 554,
            "atleastone_DK": 168,
            "all_DK": 30,
            "total_DK": 542,
            "atleastone_correct_%": 0.6666666666666666,
            "atleastone_DK_%": 0.1917808219178082,
            "all_correct_%": 0.48630136986301364,
            "all_DK_%": 0.03424657534246575,
            "correct_and_dk_%": 0.0639269406392694,
            "total_correct_%": 0.5821917808219178,
            "total_DK_%": 0.20624048706240486
      },
      "repub": {
            "total_questions": 2628,
            "f1": 845.3522740538709,
            "correct_and_dk": 87,
            "atleastone_correct": 569,
            "all_correct": 389,
            "total_correct": 1444,
            "exact_match_atleastone_correct": 246,
            "exact_match_all_correct": 84,
            "exact_match_total_correct": 485,
            "atleastone_DK": 240,
            "all_DK": 52,
            "total_DK": 840,
            "atleastone_correct_%": 0.6495433789954338,
            "atleastone_DK_%": 0.273972602739726,
            "all_correct_%": 0.4440639269406393,
            "all_DK_%": 0.0593607305936073,
            "correct_and_dk_%": 0.09931506849315068,
            "total_correct_%": 0.5494672754946728,
            "total_DK_%": 0.319634703196347
      }
}