{
      "noprompt": {
            "total_questions": 2628,
            "f1": 0.3931852935656759,
            "correct_and_dk": 7,
            "atleastone_correct": 647,
            "all_correct": 534,
            "total_correct": 1787,
            "exact_match_atleastone_correct": 293,
            "exact_match_all_correct": 108,
            "exact_match_total_correct": 588,
            "atleastone_DK": 25,
            "all_DK": 3,
            "total_DK": 66,
            "atleastone_correct_%": 0.7385844748858448,
            "atleastone_DK_%": 0.028538812785388126,
            "all_correct_%": 0.6095890410958904,
            "all_DK_%": 0.003424657534246575,
            "correct_and_dk_%": 0.007990867579908675,
            "total_correct_%": 0.6799847792998478,
            "total_DK_%": 0.02511415525114155,
            "exact_match_atleastone_correct_%": 0.3344748858447488,
            "exact_match_all_correct_%": 0.1232876712328767,
            "exact_match_total_correct_%": 0.2237442922374429
      },
      "SUM": {
            "total_questions": 876,
            "f1": 0.3865086155607831,
            "correct_and_dk": 0,
            "atleastone_correct": 592,
            "all_correct": 592,
            "total_correct": 592,
            "exact_match_atleastone_correct": 188,
            "exact_match_all_correct": 188,
            "exact_match_total_correct": 188,
            "atleastone_DK": 12,
            "all_DK": 12,
            "total_DK": 24,
            "atleastone_correct_%": 0.6757990867579908,
            "atleastone_DK_%": 0.0136986301369863,
            "all_correct_%": 0.6757990867579908,
            "all_DK_%": 0.0136986301369863,
            "correct_and_dk_%": 0.0,
            "total_correct_%": 0.6757990867579908,
            "total_DK_%": 0.0273972602739726,
            "exact_match_atleastone_correct_%": 0.2146118721461187,
            "exact_match_all_correct_%": 0.2146118721461187,
            "exact_match_total_correct_%": 0.2146118721461187
      },
      "SUM_noquestion": {
            "total_questions": 876,
            "f1": 0.38678156005506853,
            "correct_and_dk": 0,
            "atleastone_correct": 592,
            "all_correct": 592,
            "total_correct": 592,
            "exact_match_atleastone_correct": 188,
            "exact_match_all_correct": 188,
            "exact_match_total_correct": 188,
            "atleastone_DK": 13,
            "all_DK": 13,
            "total_DK": 26,
            "atleastone_correct_%": 0.6757990867579908,
            "atleastone_DK_%": 0.014840182648401826,
            "all_correct_%": 0.6757990867579908,
            "all_DK_%": 0.014840182648401826,
            "correct_and_dk_%": 0.0,
            "total_correct_%": 0.6757990867579908,
            "total_DK_%": 0.02968036529680365,
            "exact_match_atleastone_correct_%": 0.2146118721461187,
            "exact_match_all_correct_%": 0.2146118721461187,
            "exact_match_total_correct_%": 0.2146118721461187
      },
      "SUM_tatsu": {
            "total_questions": 776,
            "f1": 0.3921031873193524,
            "correct_and_dk": 0,
            "atleastone_correct": 532,
            "all_correct": 532,
            "total_correct": 532,
            "exact_match_atleastone_correct": 175,
            "exact_match_all_correct": 175,
            "exact_match_total_correct": 175,
            "atleastone_DK": 11,
            "all_DK": 11,
            "total_DK": 22,
            "atleastone_correct_%": 0.6855670103092784,
            "atleastone_DK_%": 0.014175257731958763,
            "all_correct_%": 0.6855670103092784,
            "all_DK_%": 0.014175257731958763,
            "correct_and_dk_%": 0.0,
            "total_correct_%": 0.6855670103092784,
            "total_DK_%": 0.028350515463917526,
            "exact_match_atleastone_correct_%": 0.22551546391752578,
            "exact_match_all_correct_%": 0.22551546391752578,
            "exact_match_total_correct_%": 0.22551546391752578
      },
      "dem": {
            "total_questions": 2628,
            "f1": 0.3906180025973041,
            "correct_and_dk": 7,
            "atleastone_correct": 643,
            "all_correct": 528,
            "total_correct": 1772,
            "exact_match_atleastone_correct": 292,
            "exact_match_all_correct": 108,
            "exact_match_total_correct": 588,
            "atleastone_DK": 27,
            "all_DK": 5,
            "total_DK": 78,
            "atleastone_correct_%": 0.7340182648401826,
            "atleastone_DK_%": 0.030821917808219176,
            "all_correct_%": 0.6027397260273972,
            "all_DK_%": 0.005707762557077625,
            "correct_and_dk_%": 0.007990867579908675,
            "total_correct_%": 0.6742770167427702,
            "total_DK_%": 0.02968036529680365,
            "exact_match_atleastone_correct_%": 0.3333333333333333,
            "exact_match_all_correct_%": 0.1232876712328767,
            "exact_match_total_correct_%": 0.2237442922374429
      },
      "repub": {
            "total_questions": 2628,
            "f1": 0.3893603064794532,
            "correct_and_dk": 8,
            "atleastone_correct": 642,
            "all_correct": 529,
            "total_correct": 1772,
            "exact_match_atleastone_correct": 290,
            "exact_match_all_correct": 107,
            "exact_match_total_correct": 582,
            "atleastone_DK": 31,
            "all_DK": 4,
            "total_DK": 84,
            "atleastone_correct_%": 0.732876712328767,
            "atleastone_DK_%": 0.03538812785388128,
            "all_correct_%": 0.6038812785388128,
            "all_DK_%": 0.0045662100456621,
            "correct_and_dk_%": 0.0091324200913242,
            "total_correct_%": 0.6742770167427702,
            "total_DK_%": 0.0319634703196347,
            "exact_match_atleastone_correct_%": 0.33105022831050224,
            "exact_match_all_correct_%": 0.12214611872146118,
            "exact_match_total_correct_%": 0.22146118721461186
      }
}