{
      "noprompt": {
            "total_questions": 2628,
            "f1": 0.3931852935656759,
            "correct_and_dk": 7,
            "atleastone_correct": 647,
            "all_correct": 534,
            "total_correct": 1787,
            "exact_match_atleastone_correct": 293,
            "exact_match_all_correct": 108,
            "exact_match_total_correct": 588,
            "atleastone_DK": 25,
            "all_DK": 3,
            "total_DK": 66,
            "atleastone_correct_%": 0.7385844748858448,
            "atleastone_DK_%": 0.028538812785388126,
            "all_correct_%": 0.6095890410958904,
            "all_DK_%": 0.003424657534246575,
            "correct_and_dk_%": 0.007990867579908675,
            "total_correct_%": 0.6799847792998478,
            "total_DK_%": 0.02511415525114155,
            "exact_match_atleastone_correct_%": 0.3344748858447488,
            "exact_match_all_correct_%": 0.1232876712328767,
            "exact_match_total_correct_%": 0.2237442922374429
      },
      "SUM": {
            "total_questions": 876,
            "f1": 0.3786418155601393,
            "correct_and_dk": 2,
            "atleastone_correct": 592,
            "all_correct": 592,
            "total_correct": 592,
            "exact_match_atleastone_correct": 182,
            "exact_match_all_correct": 182,
            "exact_match_total_correct": 182,
            "atleastone_DK": 14,
            "all_DK": 14,
            "total_DK": 28,
            "atleastone_correct_%": 0.6757990867579908,
            "atleastone_DK_%": 0.01598173515981735,
            "all_correct_%": 0.6757990867579908,
            "all_DK_%": 0.01598173515981735,
            "correct_and_dk_%": 0.00228310502283105,
            "total_correct_%": 0.6757990867579908,
            "total_DK_%": 0.0319634703196347,
            "exact_match_atleastone_correct_%": 0.20776255707762556,
            "exact_match_all_correct_%": 0.20776255707762556,
            "exact_match_total_correct_%": 0.20776255707762556
      },
      "SUM_noquestion": {
            "total_questions": 876,
            "f1": 0.37954117165768847,
            "correct_and_dk": 1,
            "atleastone_correct": 592,
            "all_correct": 592,
            "total_correct": 592,
            "exact_match_atleastone_correct": 182,
            "exact_match_all_correct": 182,
            "exact_match_total_correct": 182,
            "atleastone_DK": 15,
            "all_DK": 15,
            "total_DK": 30,
            "atleastone_correct_%": 0.6757990867579908,
            "atleastone_DK_%": 0.017123287671232876,
            "all_correct_%": 0.6757990867579908,
            "all_DK_%": 0.017123287671232876,
            "correct_and_dk_%": 0.001141552511415525,
            "total_correct_%": 0.6757990867579908,
            "total_DK_%": 0.03424657534246575,
            "exact_match_atleastone_correct_%": 0.20776255707762556,
            "exact_match_all_correct_%": 0.20776255707762556,
            "exact_match_total_correct_%": 0.20776255707762556
      },
      "SUM_tatsu": {
            "total_questions": 776,
            "f1": 0.3837854547520747,
            "correct_and_dk": 0,
            "atleastone_correct": 530,
            "all_correct": 530,
            "total_correct": 530,
            "exact_match_atleastone_correct": 169,
            "exact_match_all_correct": 169,
            "exact_match_total_correct": 169,
            "atleastone_DK": 13,
            "all_DK": 13,
            "total_DK": 26,
            "atleastone_correct_%": 0.6829896907216495,
            "atleastone_DK_%": 0.01675257731958763,
            "all_correct_%": 0.6829896907216495,
            "all_DK_%": 0.01675257731958763,
            "correct_and_dk_%": 0.0,
            "total_correct_%": 0.6829896907216495,
            "total_DK_%": 0.03350515463917526,
            "exact_match_atleastone_correct_%": 0.21778350515463918,
            "exact_match_all_correct_%": 0.21778350515463918,
            "exact_match_total_correct_%": 0.21778350515463918
      },
      "dem": {
            "total_questions": 2628,
            "f1": 0.38863846702434196,
            "correct_and_dk": 8,
            "atleastone_correct": 642,
            "all_correct": 524,
            "total_correct": 1765,
            "exact_match_atleastone_correct": 291,
            "exact_match_all_correct": 105,
            "exact_match_total_correct": 585,
            "atleastone_DK": 27,
            "all_DK": 6,
            "total_DK": 82,
            "atleastone_correct_%": 0.732876712328767,
            "atleastone_DK_%": 0.030821917808219176,
            "all_correct_%": 0.5981735159817352,
            "all_DK_%": 0.00684931506849315,
            "correct_and_dk_%": 0.0091324200913242,
            "total_correct_%": 0.671613394216134,
            "total_DK_%": 0.03120243531202435,
            "exact_match_atleastone_correct_%": 0.3321917808219178,
            "exact_match_all_correct_%": 0.11986301369863013,
            "exact_match_total_correct_%": 0.2226027397260274
      },
      "repub": {
            "total_questions": 2628,
            "f1": 0.38521733877144143,
            "correct_and_dk": 11,
            "atleastone_correct": 639,
            "all_correct": 522,
            "total_correct": 1757,
            "exact_match_atleastone_correct": 287,
            "exact_match_all_correct": 105,
            "exact_match_total_correct": 574,
            "atleastone_DK": 35,
            "all_DK": 6,
            "total_DK": 104,
            "atleastone_correct_%": 0.7294520547945206,
            "atleastone_DK_%": 0.03995433789954338,
            "all_correct_%": 0.595890410958904,
            "all_DK_%": 0.00684931506849315,
            "correct_and_dk_%": 0.012557077625570776,
            "total_correct_%": 0.6685692541856926,
            "total_DK_%": 0.0395738203957382,
            "exact_match_atleastone_correct_%": 0.3276255707762557,
            "exact_match_all_correct_%": 0.11986301369863013,
            "exact_match_total_correct_%": 0.21841704718417046
      }
}