{
      "noprompt": {
            "total_questions": 2628,
            "f1": 1033.2909514905962,
            "correct_and_dk": 7,
            "atleastone_correct": 647,
            "all_correct": 534,
            "total_correct": 1787,
            "exact_match_atleastone_correct": 293,
            "exact_match_all_correct": 108,
            "exact_match_total_correct": 588,
            "atleastone_DK": 25,
            "all_DK": 3,
            "total_DK": 66,
            "atleastone_correct_%": 0.7385844748858448,
            "atleastone_DK_%": 0.028538812785388126,
            "all_correct_%": 0.6095890410958904,
            "all_DK_%": 0.003424657534246575,
            "correct_and_dk_%": 0.007990867579908675,
            "total_correct_%": 0.6799847792998478,
            "total_DK_%": 0.02511415525114155
      },
      "SUM": {
            "total_questions": 876,
            "f1": 281.8123807729892,
            "correct_and_dk": 13,
            "atleastone_correct": 591,
            "all_correct": 591,
            "total_correct": 591,
            "exact_match_atleastone_correct": 142,
            "exact_match_all_correct": 142,
            "exact_match_total_correct": 142,
            "atleastone_DK": 33,
            "all_DK": 33,
            "total_DK": 66,
            "atleastone_correct_%": 0.6746575342465754,
            "atleastone_DK_%": 0.03767123287671233,
            "all_correct_%": 0.6746575342465754,
            "all_DK_%": 0.03767123287671233,
            "correct_and_dk_%": 0.014840182648401826,
            "total_correct_%": 0.6746575342465754,
            "total_DK_%": 0.07534246575342465
      },
      "SUM_noquestion": {
            "total_questions": 876,
            "f1": 285.93886143239115,
            "correct_and_dk": 11,
            "atleastone_correct": 583,
            "all_correct": 583,
            "total_correct": 583,
            "exact_match_atleastone_correct": 142,
            "exact_match_all_correct": 142,
            "exact_match_total_correct": 142,
            "atleastone_DK": 24,
            "all_DK": 24,
            "total_DK": 48,
            "atleastone_correct_%": 0.6655251141552512,
            "atleastone_DK_%": 0.0273972602739726,
            "all_correct_%": 0.6655251141552512,
            "all_DK_%": 0.0273972602739726,
            "correct_and_dk_%": 0.012557077625570776,
            "total_correct_%": 0.6655251141552512,
            "total_DK_%": 0.0547945205479452
      },
      "SUM_tatsu": {
            "total_questions": 776,
            "f1": 260.80700980711174,
            "correct_and_dk": 5,
            "atleastone_correct": 525,
            "all_correct": 525,
            "total_correct": 525,
            "exact_match_atleastone_correct": 132,
            "exact_match_all_correct": 132,
            "exact_match_total_correct": 132,
            "atleastone_DK": 27,
            "all_DK": 27,
            "total_DK": 54,
            "atleastone_correct_%": 0.6765463917525774,
            "atleastone_DK_%": 0.03479381443298969,
            "all_correct_%": 0.6765463917525774,
            "all_DK_%": 0.03479381443298969,
            "correct_and_dk_%": 0.006443298969072165,
            "total_correct_%": 0.6765463917525774,
            "total_DK_%": 0.06958762886597938
      },
      "dem": {
            "total_questions": 2628,
            "f1": 990.0530656230779,
            "correct_and_dk": 18,
            "atleastone_correct": 623,
            "all_correct": 493,
            "total_correct": 1690,
            "exact_match_atleastone_correct": 286,
            "exact_match_all_correct": 105,
            "exact_match_total_correct": 580,
            "atleastone_DK": 62,
            "all_DK": 15,
            "total_DK": 198,
            "atleastone_correct_%": 0.7111872146118722,
            "atleastone_DK_%": 0.07077625570776255,
            "all_correct_%": 0.562785388127854,
            "all_DK_%": 0.017123287671232876,
            "correct_and_dk_%": 0.02054794520547945,
            "total_correct_%": 0.6430745814307458,
            "total_DK_%": 0.07534246575342465
      },
      "repub": {
            "total_questions": 2628,
            "f1": 941.6752721540435,
            "correct_and_dk": 40,
            "atleastone_correct": 616,
            "all_correct": 466,
            "total_correct": 1634,
            "exact_match_atleastone_correct": 273,
            "exact_match_all_correct": 91,
            "exact_match_total_correct": 531,
            "atleastone_DK": 107,
            "all_DK": 20,
            "total_DK": 368,
            "atleastone_correct_%": 0.7031963470319634,
            "atleastone_DK_%": 0.12214611872146118,
            "all_correct_%": 0.5319634703196346,
            "all_DK_%": 0.0228310502283105,
            "correct_and_dk_%": 0.045662100456621,
            "total_correct_%": 0.621765601217656,
            "total_DK_%": 0.1400304414003044
      }
}