{
      "noprompt": {
            "total_questions": 2628,
            "f1": 1033.2909514905962,
            "correct_and_dk": 7,
            "atleastone_correct": 647,
            "all_correct": 534,
            "total_correct": 1787,
            "exact_match_atleastone_correct": 293,
            "exact_match_all_correct": 108,
            "exact_match_total_correct": 588,
            "atleastone_DK": 25,
            "all_DK": 3,
            "total_DK": 66,
            "atleastone_correct_%": 0.7385844748858448,
            "atleastone_DK_%": 0.028538812785388126,
            "all_correct_%": 0.6095890410958904,
            "all_DK_%": 0.003424657534246575,
            "correct_and_dk_%": 0.007990867579908675,
            "total_correct_%": 0.6799847792998478,
            "total_DK_%": 0.02511415525114155
      },
      "SUM": {
            "total_questions": 876,
            "f1": 275.5360649242842,
            "correct_and_dk": 14,
            "atleastone_correct": 590,
            "all_correct": 590,
            "total_correct": 590,
            "exact_match_atleastone_correct": 138,
            "exact_match_all_correct": 138,
            "exact_match_total_correct": 138,
            "atleastone_DK": 36,
            "all_DK": 36,
            "total_DK": 72,
            "atleastone_correct_%": 0.6735159817351598,
            "atleastone_DK_%": 0.0410958904109589,
            "all_correct_%": 0.6735159817351598,
            "all_DK_%": 0.0410958904109589,
            "correct_and_dk_%": 0.01598173515981735,
            "total_correct_%": 0.6735159817351598,
            "total_DK_%": 0.0821917808219178
      },
      "SUM_noquestion": {
            "total_questions": 876,
            "f1": 280.4784966763743,
            "correct_and_dk": 11,
            "atleastone_correct": 581,
            "all_correct": 581,
            "total_correct": 581,
            "exact_match_atleastone_correct": 138,
            "exact_match_all_correct": 138,
            "exact_match_total_correct": 138,
            "atleastone_DK": 25,
            "all_DK": 25,
            "total_DK": 50,
            "atleastone_correct_%": 0.66324200913242,
            "atleastone_DK_%": 0.028538812785388126,
            "all_correct_%": 0.66324200913242,
            "all_DK_%": 0.028538812785388126,
            "correct_and_dk_%": 0.012557077625570776,
            "total_correct_%": 0.66324200913242,
            "total_DK_%": 0.05707762557077625
      },
      "SUM_tatsu": {
            "total_questions": 776,
            "f1": 256.44441865430326,
            "correct_and_dk": 5,
            "atleastone_correct": 522,
            "all_correct": 522,
            "total_correct": 522,
            "exact_match_atleastone_correct": 128,
            "exact_match_all_correct": 128,
            "exact_match_total_correct": 128,
            "atleastone_DK": 30,
            "all_DK": 30,
            "total_DK": 60,
            "atleastone_correct_%": 0.6726804123711341,
            "atleastone_DK_%": 0.03865979381443299,
            "all_correct_%": 0.6726804123711341,
            "all_DK_%": 0.03865979381443299,
            "correct_and_dk_%": 0.006443298969072165,
            "total_correct_%": 0.6726804123711341,
            "total_DK_%": 0.07731958762886598
      },
      "dem": {
            "total_questions": 2628,
            "f1": 983.5031438214536,
            "correct_and_dk": 20,
            "atleastone_correct": 621,
            "all_correct": 488,
            "total_correct": 1678,
            "exact_match_atleastone_correct": 283,
            "exact_match_all_correct": 106,
            "exact_match_total_correct": 575,
            "atleastone_DK": 67,
            "all_DK": 15,
            "total_DK": 216,
            "atleastone_correct_%": 0.7089041095890412,
            "atleastone_DK_%": 0.07648401826484018,
            "all_correct_%": 0.5570776255707762,
            "all_DK_%": 0.017123287671232876,
            "correct_and_dk_%": 0.0228310502283105,
            "total_correct_%": 0.6385083713850838,
            "total_DK_%": 0.0821917808219178
      },
      "repub": {
            "total_questions": 2628,
            "f1": 932.2922778693465,
            "correct_and_dk": 42,
            "atleastone_correct": 612,
            "all_correct": 460,
            "total_correct": 1619,
            "exact_match_atleastone_correct": 269,
            "exact_match_all_correct": 91,
            "exact_match_total_correct": 523,
            "atleastone_DK": 114,
            "all_DK": 22,
            "total_DK": 396,
            "atleastone_correct_%": 0.6986301369863013,
            "atleastone_DK_%": 0.13013698630136986,
            "all_correct_%": 0.5251141552511416,
            "all_DK_%": 0.02511415525114155,
            "correct_and_dk_%": 0.04794520547945205,
            "total_correct_%": 0.6160578386605784,
            "total_DK_%": 0.1506849315068493
      }
}