{
      "noprompt": {
            "total_questions": 2628,
            "f1": 1033.2909514905962,
            "correct_and_dk": 7,
            "atleastone_correct": 647,
            "all_correct": 534,
            "total_correct": 1787,
            "exact_match_atleastone_correct": 293,
            "exact_match_all_correct": 108,
            "exact_match_total_correct": 588,
            "atleastone_DK": 25,
            "all_DK": 3,
            "total_DK": 66,
            "atleastone_correct_%": 0.7385844748858448,
            "atleastone_DK_%": 0.028538812785388126,
            "all_correct_%": 0.6095890410958904,
            "all_DK_%": 0.003424657534246575,
            "correct_and_dk_%": 0.007990867579908675,
            "total_correct_%": 0.6799847792998478,
            "total_DK_%": 0.02511415525114155
      },
      "SUM": {
            "total_questions": 876,
            "f1": 328.359085378259,
            "correct_and_dk": 3,
            "atleastone_correct": 591,
            "all_correct": 591,
            "total_correct": 591,
            "exact_match_atleastone_correct": 179,
            "exact_match_all_correct": 179,
            "exact_match_total_correct": 179,
            "atleastone_DK": 17,
            "all_DK": 17,
            "total_DK": 34,
            "atleastone_correct_%": 0.6746575342465754,
            "atleastone_DK_%": 0.019406392694063926,
            "all_correct_%": 0.6746575342465754,
            "all_DK_%": 0.019406392694063926,
            "correct_and_dk_%": 0.003424657534246575,
            "total_correct_%": 0.6746575342465754,
            "total_DK_%": 0.03881278538812785
      },
      "SUM_noquestion": {
            "total_questions": 876,
            "f1": 329.0442891207545,
            "correct_and_dk": 1,
            "atleastone_correct": 590,
            "all_correct": 590,
            "total_correct": 590,
            "exact_match_atleastone_correct": 179,
            "exact_match_all_correct": 179,
            "exact_match_total_correct": 179,
            "atleastone_DK": 15,
            "all_DK": 15,
            "total_DK": 30,
            "atleastone_correct_%": 0.6735159817351598,
            "atleastone_DK_%": 0.017123287671232876,
            "all_correct_%": 0.6735159817351598,
            "all_DK_%": 0.017123287671232876,
            "correct_and_dk_%": 0.001141552511415525,
            "total_correct_%": 0.6735159817351598,
            "total_DK_%": 0.03424657534246575
      },
      "SUM_tatsu": {
            "total_questions": 776,
            "f1": 296.3465936108083,
            "correct_and_dk": 0,
            "atleastone_correct": 529,
            "all_correct": 529,
            "total_correct": 529,
            "exact_match_atleastone_correct": 167,
            "exact_match_all_correct": 167,
            "exact_match_total_correct": 167,
            "atleastone_DK": 13,
            "all_DK": 13,
            "total_DK": 26,
            "atleastone_correct_%": 0.6817010309278351,
            "atleastone_DK_%": 0.01675257731958763,
            "all_correct_%": 0.6817010309278351,
            "all_DK_%": 0.01675257731958763,
            "correct_and_dk_%": 0.0,
            "total_correct_%": 0.6817010309278351,
            "total_DK_%": 0.03350515463917526
      },
      "dem": {
            "total_questions": 2628,
            "f1": 1019.9017980998775,
            "correct_and_dk": 8,
            "atleastone_correct": 640,
            "all_correct": 522,
            "total_correct": 1759,
            "exact_match_atleastone_correct": 291,
            "exact_match_all_correct": 105,
            "exact_match_total_correct": 585,
            "atleastone_DK": 28,
            "all_DK": 7,
            "total_DK": 88,
            "atleastone_correct_%": 0.730593607305936,
            "atleastone_DK_%": 0.0319634703196347,
            "all_correct_%": 0.595890410958904,
            "all_DK_%": 0.007990867579908675,
            "correct_and_dk_%": 0.0091324200913242,
            "total_correct_%": 0.6693302891933028,
            "total_DK_%": 0.0334855403348554
      },
      "repub": {
            "total_questions": 2628,
            "f1": 1002.1110730512547,
            "correct_and_dk": 12,
            "atleastone_correct": 635,
            "all_correct": 516,
            "total_correct": 1741,
            "exact_match_atleastone_correct": 285,
            "exact_match_all_correct": 102,
            "exact_match_total_correct": 565,
            "atleastone_DK": 41,
            "all_DK": 9,
            "total_DK": 132,
            "atleastone_correct_%": 0.7248858447488584,
            "atleastone_DK_%": 0.04680365296803653,
            "all_correct_%": 0.5890410958904109,
            "all_DK_%": 0.010273972602739725,
            "correct_and_dk_%": 0.0136986301369863,
            "total_correct_%": 0.6624809741248098,
            "total_DK_%": 0.0502283105022831
      }
}