{
      "noprompt": {
            "total_questions": 2628,
            "f1": 1033.2909514905962,
            "correct_and_dk": 7,
            "atleastone_correct": 647,
            "all_correct": 534,
            "total_correct": 1787,
            "exact_match_atleastone_correct": 293,
            "exact_match_all_correct": 108,
            "exact_match_total_correct": 588,
            "atleastone_DK": 25,
            "all_DK": 3,
            "total_DK": 66,
            "atleastone_correct_%": 0.7385844748858448,
            "atleastone_DK_%": 0.028538812785388126,
            "all_correct_%": 0.6095890410958904,
            "all_DK_%": 0.003424657534246575,
            "correct_and_dk_%": 0.007990867579908675,
            "total_correct_%": 0.6799847792998478,
            "total_DK_%": 0.02511415525114155
      },
      "SUM": {
            "total_questions": 876,
            "f1": 304.60734467501135,
            "correct_and_dk": 10,
            "atleastone_correct": 590,
            "all_correct": 590,
            "total_correct": 590,
            "exact_match_atleastone_correct": 162,
            "exact_match_all_correct": 162,
            "exact_match_total_correct": 162,
            "atleastone_DK": 28,
            "all_DK": 28,
            "total_DK": 56,
            "atleastone_correct_%": 0.6735159817351598,
            "atleastone_DK_%": 0.0319634703196347,
            "all_correct_%": 0.6735159817351598,
            "all_DK_%": 0.0319634703196347,
            "correct_and_dk_%": 0.01141552511415525,
            "total_correct_%": 0.6735159817351598,
            "total_DK_%": 0.0639269406392694
      },
      "SUM_noquestion": {
            "total_questions": 876,
            "f1": 306.81825467905725,
            "correct_and_dk": 8,
            "atleastone_correct": 587,
            "all_correct": 587,
            "total_correct": 587,
            "exact_match_atleastone_correct": 162,
            "exact_match_all_correct": 162,
            "exact_match_total_correct": 162,
            "atleastone_DK": 22,
            "all_DK": 22,
            "total_DK": 44,
            "atleastone_correct_%": 0.6700913242009132,
            "atleastone_DK_%": 0.02511415525114155,
            "all_correct_%": 0.6700913242009132,
            "all_DK_%": 0.02511415525114155,
            "correct_and_dk_%": 0.0091324200913242,
            "total_correct_%": 0.6700913242009132,
            "total_DK_%": 0.0502283105022831
      },
      "SUM_tatsu": {
            "total_questions": 776,
            "f1": 278.7387071647445,
            "correct_and_dk": 4,
            "atleastone_correct": 527,
            "all_correct": 527,
            "total_correct": 527,
            "exact_match_atleastone_correct": 151,
            "exact_match_all_correct": 151,
            "exact_match_total_correct": 151,
            "atleastone_DK": 22,
            "all_DK": 22,
            "total_DK": 44,
            "atleastone_correct_%": 0.6791237113402062,
            "atleastone_DK_%": 0.028350515463917526,
            "all_correct_%": 0.6791237113402062,
            "all_DK_%": 0.028350515463917526,
            "correct_and_dk_%": 0.005154639175257732,
            "total_correct_%": 0.6791237113402062,
            "total_DK_%": 0.05670103092783505
      },
      "dem": {
            "total_questions": 2628,
            "f1": 1006.2571636435916,
            "correct_and_dk": 14,
            "atleastone_correct": 630,
            "all_correct": 506,
            "total_correct": 1719,
            "exact_match_atleastone_correct": 292,
            "exact_match_all_correct": 105,
            "exact_match_total_correct": 589,
            "atleastone_DK": 48,
            "all_DK": 10,
            "total_DK": 148,
            "atleastone_correct_%": 0.7191780821917808,
            "atleastone_DK_%": 0.0547945205479452,
            "all_correct_%": 0.5776255707762556,
            "all_DK_%": 0.01141552511415525,
            "correct_and_dk_%": 0.01598173515981735,
            "total_correct_%": 0.6541095890410958,
            "total_DK_%": 0.0563165905631659
      },
      "repub": {
            "total_questions": 2628,
            "f1": 967.2288925135986,
            "correct_and_dk": 27,
            "atleastone_correct": 624,
            "all_correct": 490,
            "total_correct": 1684,
            "exact_match_atleastone_correct": 280,
            "exact_match_all_correct": 95,
            "exact_match_total_correct": 548,
            "atleastone_DK": 81,
            "all_DK": 15,
            "total_DK": 276,
            "atleastone_correct_%": 0.7123287671232876,
            "atleastone_DK_%": 0.09246575342465753,
            "all_correct_%": 0.5593607305936072,
            "all_DK_%": 0.017123287671232876,
            "correct_and_dk_%": 0.030821917808219176,
            "total_correct_%": 0.6407914764079148,
            "total_DK_%": 0.1050228310502283
      }
}