{
      "noprompt": {
            "total_questions": 2628,
            "f1": 1033.2909514905962,
            "correct_and_dk": 7,
            "atleastone_correct": 647,
            "all_correct": 534,
            "total_correct": 1787,
            "exact_match_atleastone_correct": 293,
            "exact_match_all_correct": 108,
            "exact_match_total_correct": 588,
            "atleastone_DK": 25,
            "all_DK": 3,
            "total_DK": 66,
            "atleastone_correct_%": 0.7385844748858448,
            "atleastone_DK_%": 0.028538812785388126,
            "all_correct_%": 0.6095890410958904,
            "all_DK_%": 0.003424657534246575,
            "correct_and_dk_%": 0.007990867579908675,
            "total_correct_%": 0.6799847792998478,
            "total_DK_%": 0.02511415525114155
      },
      "SUM": {
            "total_questions": 876,
            "f1": 319.4402918097505,
            "correct_and_dk": 4,
            "atleastone_correct": 592,
            "all_correct": 592,
            "total_correct": 592,
            "exact_match_atleastone_correct": 172,
            "exact_match_all_correct": 172,
            "exact_match_total_correct": 172,
            "atleastone_DK": 20,
            "all_DK": 20,
            "total_DK": 40,
            "atleastone_correct_%": 0.6757990867579908,
            "atleastone_DK_%": 0.0228310502283105,
            "all_correct_%": 0.6757990867579908,
            "all_DK_%": 0.0228310502283105,
            "correct_and_dk_%": 0.0045662100456621,
            "total_correct_%": 0.6757990867579908,
            "total_DK_%": 0.045662100456621
      },
      "SUM_noquestion": {
            "total_questions": 876,
            "f1": 321.0864322829788,
            "correct_and_dk": 1,
            "atleastone_correct": 590,
            "all_correct": 590,
            "total_correct": 590,
            "exact_match_atleastone_correct": 172,
            "exact_match_all_correct": 172,
            "exact_match_total_correct": 172,
            "atleastone_DK": 17,
            "all_DK": 17,
            "total_DK": 34,
            "atleastone_correct_%": 0.6735159817351598,
            "atleastone_DK_%": 0.019406392694063926,
            "all_correct_%": 0.6735159817351598,
            "all_DK_%": 0.019406392694063926,
            "correct_and_dk_%": 0.001141552511415525,
            "total_correct_%": 0.6735159817351598,
            "total_DK_%": 0.03881278538812785
      },
      "SUM_tatsu": {
            "total_questions": 776,
            "f1": 289.15030985761916,
            "correct_and_dk": 1,
            "atleastone_correct": 530,
            "all_correct": 530,
            "total_correct": 530,
            "exact_match_atleastone_correct": 160,
            "exact_match_all_correct": 160,
            "exact_match_total_correct": 160,
            "atleastone_DK": 15,
            "all_DK": 15,
            "total_DK": 30,
            "atleastone_correct_%": 0.6829896907216495,
            "atleastone_DK_%": 0.019329896907216496,
            "all_correct_%": 0.6829896907216495,
            "all_DK_%": 0.019329896907216496,
            "correct_and_dk_%": 0.001288659793814433,
            "total_correct_%": 0.6829896907216495,
            "total_DK_%": 0.03865979381443299
      },
      "dem": {
            "total_questions": 2628,
            "f1": 1020.0649666306931,
            "correct_and_dk": 10,
            "atleastone_correct": 641,
            "all_correct": 517,
            "total_correct": 1753,
            "exact_match_atleastone_correct": 293,
            "exact_match_all_correct": 106,
            "exact_match_total_correct": 590,
            "atleastone_DK": 31,
            "all_DK": 7,
            "total_DK": 96,
            "atleastone_correct_%": 0.7317351598173516,
            "atleastone_DK_%": 0.03538812785388128,
            "all_correct_%": 0.5901826484018264,
            "all_DK_%": 0.007990867579908675,
            "correct_and_dk_%": 0.01141552511415525,
            "total_correct_%": 0.6670471841704718,
            "total_DK_%": 0.0365296803652968
      },
      "repub": {
            "total_questions": 2628,
            "f1": 992.4460436362252,
            "correct_and_dk": 14,
            "atleastone_correct": 634,
            "all_correct": 508,
            "total_correct": 1730,
            "exact_match_atleastone_correct": 284,
            "exact_match_all_correct": 99,
            "exact_match_total_correct": 559,
            "atleastone_DK": 50,
            "all_DK": 11,
            "total_DK": 164,
            "atleastone_correct_%": 0.7237442922374429,
            "atleastone_DK_%": 0.05707762557077625,
            "all_correct_%": 0.5799086757990868,
            "all_DK_%": 0.012557077625570776,
            "correct_and_dk_%": 0.01598173515981735,
            "total_correct_%": 0.6582952815829528,
            "total_DK_%": 0.0624048706240487
      }
}