{
      "noprompt": {
            "total_questions": 2628,
            "f1": 1033.2909514905962,
            "correct_and_dk": 7,
            "atleastone_correct": 647,
            "all_correct": 534,
            "total_correct": 1787,
            "exact_match_atleastone_correct": 293,
            "exact_match_all_correct": 108,
            "exact_match_total_correct": 588,
            "atleastone_DK": 25,
            "all_DK": 3,
            "total_DK": 66,
            "atleastone_correct_%": 0.7385844748858448,
            "atleastone_DK_%": 0.028538812785388126,
            "all_correct_%": 0.6095890410958904,
            "all_DK_%": 0.003424657534246575,
            "correct_and_dk_%": 0.007990867579908675,
            "total_correct_%": 0.6799847792998478,
            "total_DK_%": 0.02511415525114155
      },
      "SUM": {
            "total_questions": 876,
            "f1": 158.31160828984704,
            "correct_and_dk": 29,
            "atleastone_correct": 577,
            "all_correct": 577,
            "total_correct": 577,
            "exact_match_atleastone_correct": 47,
            "exact_match_all_correct": 47,
            "exact_match_total_correct": 47,
            "atleastone_DK": 92,
            "all_DK": 92,
            "total_DK": 184,
            "atleastone_correct_%": 0.658675799086758,
            "atleastone_DK_%": 0.1050228310502283,
            "all_correct_%": 0.658675799086758,
            "all_DK_%": 0.1050228310502283,
            "correct_and_dk_%": 0.033105022831050226,
            "total_correct_%": 0.658675799086758,
            "total_DK_%": 0.2100456621004566
      },
      "SUM_noquestion": {
            "total_questions": 876,
            "f1": 177.91477140506163,
            "correct_and_dk": 22,
            "atleastone_correct": 548,
            "all_correct": 548,
            "total_correct": 548,
            "exact_match_atleastone_correct": 47,
            "exact_match_all_correct": 47,
            "exact_match_total_correct": 47,
            "atleastone_DK": 55,
            "all_DK": 55,
            "total_DK": 110,
            "atleastone_correct_%": 0.6255707762557078,
            "atleastone_DK_%": 0.06278538812785388,
            "all_correct_%": 0.6255707762557078,
            "all_DK_%": 0.06278538812785388,
            "correct_and_dk_%": 0.02511415525114155,
            "total_correct_%": 0.6255707762557078,
            "total_DK_%": 0.12557077625570776
      },
      "SUM_tatsu": {
            "total_questions": 776,
            "f1": 171.83641135517715,
            "correct_and_dk": 10,
            "atleastone_correct": 485,
            "all_correct": 485,
            "total_correct": 485,
            "exact_match_atleastone_correct": 47,
            "exact_match_all_correct": 47,
            "exact_match_total_correct": 47,
            "atleastone_DK": 72,
            "all_DK": 72,
            "total_DK": 144,
            "atleastone_correct_%": 0.625,
            "atleastone_DK_%": 0.09278350515463918,
            "all_correct_%": 0.625,
            "all_DK_%": 0.09278350515463918,
            "correct_and_dk_%": 0.01288659793814433,
            "total_correct_%": 0.625,
            "total_DK_%": 0.18556701030927836
      },
      "dem": {
            "total_questions": 2628,
            "f1": 891.5486028631842,
            "correct_and_dk": 63,
            "atleastone_correct": 573,
            "all_correct": 401,
            "total_correct": 1477,
            "exact_match_atleastone_correct": 262,
            "exact_match_all_correct": 102,
            "exact_match_total_correct": 544,
            "atleastone_DK": 196,
            "all_DK": 37,
            "total_DK": 642,
            "atleastone_correct_%": 0.654109589041096,
            "atleastone_DK_%": 0.2237442922374429,
            "all_correct_%": 0.4577625570776256,
            "all_DK_%": 0.04223744292237443,
            "correct_and_dk_%": 0.07191780821917808,
            "total_correct_%": 0.5620243531202436,
            "total_DK_%": 0.24429223744292236
      },
      "repub": {
            "total_questions": 2628,
            "f1": 820.0088890401585,
            "correct_and_dk": 96,
            "atleastone_correct": 554,
            "all_correct": 363,
            "total_correct": 1386,
            "exact_match_atleastone_correct": 243,
            "exact_match_all_correct": 82,
            "exact_match_total_correct": 478,
            "atleastone_DK": 271,
            "all_DK": 58,
            "total_DK": 944,
            "atleastone_correct_%": 0.6324200913242009,
            "atleastone_DK_%": 0.3093607305936073,
            "all_correct_%": 0.4143835616438356,
            "all_DK_%": 0.06621004566210045,
            "correct_and_dk_%": 0.1095890410958904,
            "total_correct_%": 0.5273972602739726,
            "total_DK_%": 0.3592085235920852
      }
}