{
      "noprompt": {
            "total_questions": 2628,
            "f1": 1033.2909514905962,
            "correct_and_dk": 7,
            "atleastone_correct": 647,
            "all_correct": 534,
            "total_correct": 1787,
            "exact_match_atleastone_correct": 293,
            "exact_match_all_correct": 108,
            "exact_match_total_correct": 588,
            "atleastone_DK": 25,
            "all_DK": 3,
            "total_DK": 66,
            "atleastone_correct_%": 0.7385844748858448,
            "atleastone_DK_%": 0.028538812785388126,
            "all_correct_%": 0.6095890410958904,
            "all_DK_%": 0.003424657534246575,
            "correct_and_dk_%": 0.007990867579908675,
            "total_correct_%": 0.6799847792998478,
            "total_DK_%": 0.02511415525114155
      },
      "SUM": {
            "total_questions": 876,
            "f1": 204.3435162746251,
            "correct_and_dk": 23,
            "atleastone_correct": 587,
            "all_correct": 587,
            "total_correct": 587,
            "exact_match_atleastone_correct": 80,
            "exact_match_all_correct": 80,
            "exact_match_total_correct": 80,
            "atleastone_DK": 71,
            "all_DK": 71,
            "total_DK": 142,
            "atleastone_correct_%": 0.6700913242009132,
            "atleastone_DK_%": 0.08105022831050228,
            "all_correct_%": 0.6700913242009132,
            "all_DK_%": 0.08105022831050228,
            "correct_and_dk_%": 0.026255707762557076,
            "total_correct_%": 0.6700913242009132,
            "total_DK_%": 0.16210045662100456
      },
      "SUM_noquestion": {
            "total_questions": 876,
            "f1": 218.48584207920862,
            "correct_and_dk": 18,
            "atleastone_correct": 564,
            "all_correct": 564,
            "total_correct": 564,
            "exact_match_atleastone_correct": 80,
            "exact_match_all_correct": 80,
            "exact_match_total_correct": 80,
            "atleastone_DK": 45,
            "all_DK": 45,
            "total_DK": 90,
            "atleastone_correct_%": 0.6438356164383562,
            "atleastone_DK_%": 0.05136986301369863,
            "all_correct_%": 0.6438356164383562,
            "all_DK_%": 0.05136986301369863,
            "correct_and_dk_%": 0.02054794520547945,
            "total_correct_%": 0.6438356164383562,
            "total_DK_%": 0.10273972602739725
      },
      "SUM_tatsu": {
            "total_questions": 776,
            "f1": 204.36458695876587,
            "correct_and_dk": 9,
            "atleastone_correct": 504,
            "all_correct": 504,
            "total_correct": 504,
            "exact_match_atleastone_correct": 76,
            "exact_match_all_correct": 76,
            "exact_match_total_correct": 76,
            "atleastone_DK": 56,
            "all_DK": 56,
            "total_DK": 112,
            "atleastone_correct_%": 0.6494845360824743,
            "atleastone_DK_%": 0.07216494845360824,
            "all_correct_%": 0.6494845360824743,
            "all_DK_%": 0.07216494845360824,
            "correct_and_dk_%": 0.011597938144329897,
            "total_correct_%": 0.6494845360824743,
            "total_DK_%": 0.14432989690721648
      },
      "dem": {
            "total_questions": 2628,
            "f1": 937.6880512678412,
            "correct_and_dk": 46,
            "atleastone_correct": 590,
            "all_correct": 439,
            "total_correct": 1553,
            "exact_match_atleastone_correct": 273,
            "exact_match_all_correct": 108,
            "exact_match_total_correct": 566,
            "atleastone_DK": 145,
            "all_DK": 28,
            "total_DK": 478,
            "atleastone_correct_%": 0.6735159817351598,
            "atleastone_DK_%": 0.16552511415525112,
            "all_correct_%": 0.5011415525114156,
            "all_DK_%": 0.0319634703196347,
            "correct_and_dk_%": 0.05251141552511415,
            "total_correct_%": 0.5909436834094368,
            "total_DK_%": 0.18188736681887366
      },
      "repub": {
            "total_questions": 2628,
            "f1": 864.3276090926424,
            "correct_and_dk": 80,
            "atleastone_correct": 575,
            "all_correct": 401,
            "total_correct": 1472,
            "exact_match_atleastone_correct": 252,
            "exact_match_all_correct": 86,
            "exact_match_total_correct": 494,
            "atleastone_DK": 218,
            "all_DK": 47,
            "total_DK": 770,
            "atleastone_correct_%": 0.656392694063927,
            "atleastone_DK_%": 0.24885844748858446,
            "all_correct_%": 0.4577625570776256,
            "all_DK_%": 0.05365296803652968,
            "correct_and_dk_%": 0.091324200913242,
            "total_correct_%": 0.5601217656012176,
            "total_DK_%": 0.2929984779299848
      }
}