{
      "noprompt": {
            "total_questions": 2628,
            "f1": 0.3931852935656759,
            "correct_and_dk": 7,
            "atleastone_correct": 647,
            "all_correct": 534,
            "total_correct": 1787,
            "exact_match_atleastone_correct": 293,
            "exact_match_all_correct": 108,
            "exact_match_total_correct": 588,
            "atleastone_DK": 25,
            "all_DK": 3,
            "total_DK": 66,
            "atleastone_correct_%": 0.7385844748858448,
            "atleastone_DK_%": 0.028538812785388126,
            "all_correct_%": 0.6095890410958904,
            "all_DK_%": 0.003424657534246575,
            "correct_and_dk_%": 0.007990867579908675,
            "total_correct_%": 0.6799847792998478,
            "total_DK_%": 0.02511415525114155,
            "exact_match_atleastone_correct_%": 0.3344748858447488,
            "exact_match_all_correct_%": 0.1232876712328767,
            "exact_match_total_correct_%": 0.2237442922374429
      },
      "SUM": {
            "total_questions": 876,
            "f1": 0.130291975670249,
            "correct_and_dk": 32,
            "atleastone_correct": 565,
            "all_correct": 565,
            "total_correct": 565,
            "exact_match_atleastone_correct": 22,
            "exact_match_all_correct": 22,
            "exact_match_total_correct": 22,
            "atleastone_DK": 109,
            "all_DK": 109,
            "total_DK": 218,
            "atleastone_correct_%": 0.6449771689497716,
            "atleastone_DK_%": 0.12442922374429223,
            "all_correct_%": 0.6449771689497716,
            "all_DK_%": 0.12442922374429223,
            "correct_and_dk_%": 0.0365296803652968,
            "total_correct_%": 0.6449771689497716,
            "total_DK_%": 0.24885844748858446,
            "exact_match_atleastone_correct_%": 0.02511415525114155,
            "exact_match_all_correct_%": 0.02511415525114155,
            "exact_match_total_correct_%": 0.02511415525114155
      },
      "SUM_noquestion": {
            "total_questions": 876,
            "f1": 0.1626137347439902,
            "correct_and_dk": 24,
            "atleastone_correct": 527,
            "all_correct": 527,
            "total_correct": 527,
            "exact_match_atleastone_correct": 22,
            "exact_match_all_correct": 22,
            "exact_match_total_correct": 22,
            "atleastone_DK": 63,
            "all_DK": 63,
            "total_DK": 126,
            "atleastone_correct_%": 0.6015981735159818,
            "atleastone_DK_%": 0.07191780821917808,
            "all_correct_%": 0.6015981735159818,
            "all_DK_%": 0.07191780821917808,
            "correct_and_dk_%": 0.0273972602739726,
            "total_correct_%": 0.6015981735159818,
            "total_DK_%": 0.14383561643835616,
            "exact_match_atleastone_correct_%": 0.02511415525114155,
            "exact_match_all_correct_%": 0.02511415525114155,
            "exact_match_total_correct_%": 0.02511415525114155
      },
      "SUM_tatsu": {
            "total_questions": 776,
            "f1": 0.1788660443507714,
            "correct_and_dk": 11,
            "atleastone_correct": 459,
            "all_correct": 459,
            "total_correct": 459,
            "exact_match_atleastone_correct": 23,
            "exact_match_all_correct": 23,
            "exact_match_total_correct": 23,
            "atleastone_DK": 98,
            "all_DK": 98,
            "total_DK": 196,
            "atleastone_correct_%": 0.5914948453608248,
            "atleastone_DK_%": 0.12628865979381443,
            "all_correct_%": 0.5914948453608248,
            "all_DK_%": 0.12628865979381443,
            "correct_and_dk_%": 0.014175257731958763,
            "total_correct_%": 0.5914948453608248,
            "total_DK_%": 0.25257731958762886,
            "exact_match_atleastone_correct_%": 0.029639175257731958,
            "exact_match_all_correct_%": 0.029639175257731958,
            "exact_match_total_correct_%": 0.029639175257731958
      },
      "dem": {
            "total_questions": 2628,
            "f1": 0.3287894041827805,
            "correct_and_dk": 71,
            "atleastone_correct": 546,
            "all_correct": 367,
            "total_correct": 1381,
            "exact_match_atleastone_correct": 257,
            "exact_match_all_correct": 109,
            "exact_match_total_correct": 548,
            "atleastone_DK": 238,
            "all_DK": 58,
            "total_DK": 836,
            "atleastone_correct_%": 0.6232876712328766,
            "atleastone_DK_%": 0.271689497716895,
            "all_correct_%": 0.41894977168949776,
            "all_DK_%": 0.06621004566210045,
            "correct_and_dk_%": 0.08105022831050228,
            "total_correct_%": 0.5254946727549468,
            "total_DK_%": 0.3181126331811263,
            "exact_match_atleastone_correct_%": 0.2933789954337899,
            "exact_match_all_correct_%": 0.12442922374429223,
            "exact_match_total_correct_%": 0.2085235920852359
      },
      "repub": {
            "total_questions": 2628,
            "f1": 0.3001291527816323,
            "correct_and_dk": 109,
            "atleastone_correct": 530,
            "all_correct": 327,
            "total_correct": 1293,
            "exact_match_atleastone_correct": 239,
            "exact_match_all_correct": 85,
            "exact_match_total_correct": 477,
            "atleastone_DK": 317,
            "all_DK": 74,
            "total_DK": 1134,
            "atleastone_correct_%": 0.6050228310502282,
            "atleastone_DK_%": 0.3618721461187214,
            "all_correct_%": 0.3732876712328767,
            "all_DK_%": 0.08447488584474885,
            "correct_and_dk_%": 0.12442922374429223,
            "total_correct_%": 0.4920091324200913,
            "total_DK_%": 0.4315068493150685,
            "exact_match_atleastone_correct_%": 0.2728310502283105,
            "exact_match_all_correct_%": 0.09703196347031963,
            "exact_match_total_correct_%": 0.1815068493150685
      }
}