{
      "noprompt": {
            "total_questions": 2628,
            "f1": 1033.2909514905962,
            "correct_and_dk": 7,
            "atleastone_correct": 647,
            "all_correct": 534,
            "total_correct": 1787,
            "exact_match_atleastone_correct": 293,
            "exact_match_all_correct": 108,
            "exact_match_total_correct": 588,
            "atleastone_DK": 25,
            "all_DK": 3,
            "total_DK": 66,
            "atleastone_correct_%": 0.7385844748858448,
            "atleastone_DK_%": 0.028538812785388126,
            "all_correct_%": 0.6095890410958904,
            "all_DK_%": 0.003424657534246575,
            "correct_and_dk_%": 0.007990867579908675,
            "total_correct_%": 0.6799847792998478,
            "total_DK_%": 0.02511415525114155
      },
      "SUM": {
            "total_questions": 876,
            "f1": 313.3327517592942,
            "correct_and_dk": 5,
            "atleastone_correct": 591,
            "all_correct": 591,
            "total_correct": 591,
            "exact_match_atleastone_correct": 168,
            "exact_match_all_correct": 168,
            "exact_match_total_correct": 168,
            "atleastone_DK": 22,
            "all_DK": 22,
            "total_DK": 44,
            "atleastone_correct_%": 0.6746575342465754,
            "atleastone_DK_%": 0.02511415525114155,
            "all_correct_%": 0.6746575342465754,
            "all_DK_%": 0.02511415525114155,
            "correct_and_dk_%": 0.005707762557077625,
            "total_correct_%": 0.6746575342465754,
            "total_DK_%": 0.0502283105022831
      },
      "SUM_noquestion": {
            "total_questions": 876,
            "f1": 315.09177512640997,
            "correct_and_dk": 4,
            "atleastone_correct": 588,
            "all_correct": 588,
            "total_correct": 588,
            "exact_match_atleastone_correct": 168,
            "exact_match_all_correct": 168,
            "exact_match_total_correct": 168,
            "atleastone_DK": 19,
            "all_DK": 19,
            "total_DK": 38,
            "atleastone_correct_%": 0.6712328767123288,
            "atleastone_DK_%": 0.021689497716894976,
            "all_correct_%": 0.6712328767123288,
            "all_DK_%": 0.021689497716894976,
            "correct_and_dk_%": 0.0045662100456621,
            "total_correct_%": 0.6712328767123288,
            "total_DK_%": 0.04337899543378995
      },
      "SUM_tatsu": {
            "total_questions": 776,
            "f1": 283.689828432726,
            "correct_and_dk": 3,
            "atleastone_correct": 529,
            "all_correct": 529,
            "total_correct": 529,
            "exact_match_atleastone_correct": 156,
            "exact_match_all_correct": 156,
            "exact_match_total_correct": 156,
            "atleastone_DK": 19,
            "all_DK": 19,
            "total_DK": 38,
            "atleastone_correct_%": 0.6817010309278351,
            "atleastone_DK_%": 0.024484536082474227,
            "all_correct_%": 0.6817010309278351,
            "all_DK_%": 0.024484536082474227,
            "correct_and_dk_%": 0.003865979381443299,
            "total_correct_%": 0.6817010309278351,
            "total_DK_%": 0.04896907216494845
      },
      "dem": {
            "total_questions": 2628,
            "f1": 1013.2633227190493,
            "correct_and_dk": 12,
            "atleastone_correct": 636,
            "all_correct": 512,
            "total_correct": 1737,
            "exact_match_atleastone_correct": 292,
            "exact_match_all_correct": 107,
            "exact_match_total_correct": 591,
            "atleastone_DK": 39,
            "all_DK": 9,
            "total_DK": 122,
            "atleastone_correct_%": 0.726027397260274,
            "atleastone_DK_%": 0.04452054794520548,
            "all_correct_%": 0.5844748858447488,
            "all_DK_%": 0.010273972602739725,
            "correct_and_dk_%": 0.0136986301369863,
            "total_correct_%": 0.660958904109589,
            "total_DK_%": 0.04642313546423135
      },
      "repub": {
            "total_questions": 2628,
            "f1": 981.668461773643,
            "correct_and_dk": 16,
            "atleastone_correct": 628,
            "all_correct": 501,
            "total_correct": 1708,
            "exact_match_atleastone_correct": 282,
            "exact_match_all_correct": 99,
            "exact_match_total_correct": 556,
            "atleastone_DK": 60,
            "all_DK": 13,
            "total_DK": 202,
            "atleastone_correct_%": 0.7168949771689497,
            "atleastone_DK_%": 0.0684931506849315,
            "all_correct_%": 0.571917808219178,
            "all_DK_%": 0.014840182648401826,
            "correct_and_dk_%": 0.0182648401826484,
            "total_correct_%": 0.649923896499239,
            "total_DK_%": 0.07686453576864535
      }
}