{
      "noprompt": {
            "total_questions": 2628,
            "f1": 1033.2909514905962,
            "correct_and_dk": 7,
            "atleastone_correct": 647,
            "all_correct": 534,
            "total_correct": 1787,
            "exact_match_atleastone_correct": 293,
            "exact_match_all_correct": 108,
            "exact_match_total_correct": 588,
            "atleastone_DK": 25,
            "all_DK": 3,
            "total_DK": 66,
            "atleastone_correct_%": 0.7385844748858448,
            "atleastone_DK_%": 0.028538812785388126,
            "all_correct_%": 0.6095890410958904,
            "all_DK_%": 0.003424657534246575,
            "correct_and_dk_%": 0.007990867579908675,
            "total_correct_%": 0.6799847792998478,
            "total_DK_%": 0.02511415525114155
      },
      "SUM": {
            "total_questions": 876,
            "f1": 323.1094630512683,
            "correct_and_dk": 4,
            "atleastone_correct": 591,
            "all_correct": 591,
            "total_correct": 591,
            "exact_match_atleastone_correct": 174,
            "exact_match_all_correct": 174,
            "exact_match_total_correct": 174,
            "atleastone_DK": 20,
            "all_DK": 20,
            "total_DK": 40,
            "atleastone_correct_%": 0.6746575342465754,
            "atleastone_DK_%": 0.0228310502283105,
            "all_correct_%": 0.6746575342465754,
            "all_DK_%": 0.0228310502283105,
            "correct_and_dk_%": 0.0045662100456621,
            "total_correct_%": 0.6746575342465754,
            "total_DK_%": 0.045662100456621
      },
      "SUM_noquestion": {
            "total_questions": 876,
            "f1": 324.0706167259868,
            "correct_and_dk": 1,
            "atleastone_correct": 589,
            "all_correct": 589,
            "total_correct": 589,
            "exact_match_atleastone_correct": 174,
            "exact_match_all_correct": 174,
            "exact_match_total_correct": 174,
            "atleastone_DK": 17,
            "all_DK": 17,
            "total_DK": 34,
            "atleastone_correct_%": 0.6723744292237442,
            "atleastone_DK_%": 0.019406392694063926,
            "all_correct_%": 0.6723744292237442,
            "all_DK_%": 0.019406392694063926,
            "correct_and_dk_%": 0.001141552511415525,
            "total_correct_%": 0.6723744292237442,
            "total_DK_%": 0.03881278538812785
      },
      "SUM_tatsu": {
            "total_questions": 776,
            "f1": 292.1002452163781,
            "correct_and_dk": 1,
            "atleastone_correct": 529,
            "all_correct": 529,
            "total_correct": 529,
            "exact_match_atleastone_correct": 162,
            "exact_match_all_correct": 162,
            "exact_match_total_correct": 162,
            "atleastone_DK": 15,
            "all_DK": 15,
            "total_DK": 30,
            "atleastone_correct_%": 0.6817010309278351,
            "atleastone_DK_%": 0.019329896907216496,
            "all_correct_%": 0.6817010309278351,
            "all_DK_%": 0.019329896907216496,
            "correct_and_dk_%": 0.001288659793814433,
            "total_correct_%": 0.6817010309278351,
            "total_DK_%": 0.03865979381443299
      },
      "dem": {
            "total_questions": 2628,
            "f1": 1017.5716893197687,
            "correct_and_dk": 9,
            "atleastone_correct": 640,
            "all_correct": 518,
            "total_correct": 1753,
            "exact_match_atleastone_correct": 292,
            "exact_match_all_correct": 104,
            "exact_match_total_correct": 585,
            "atleastone_DK": 30,
            "all_DK": 7,
            "total_DK": 94,
            "atleastone_correct_%": 0.730593607305936,
            "atleastone_DK_%": 0.03424657534246575,
            "all_correct_%": 0.591324200913242,
            "all_DK_%": 0.007990867579908675,
            "correct_and_dk_%": 0.010273972602739725,
            "total_correct_%": 0.6670471841704718,
            "total_DK_%": 0.03576864535768645
      },
      "repub": {
            "total_questions": 2628,
            "f1": 992.7360996586341,
            "correct_and_dk": 12,
            "atleastone_correct": 632,
            "all_correct": 511,
            "total_correct": 1730,
            "exact_match_atleastone_correct": 282,
            "exact_match_all_correct": 99,
            "exact_match_total_correct": 556,
            "atleastone_DK": 47,
            "all_DK": 11,
            "total_DK": 156,
            "atleastone_correct_%": 0.7214611872146118,
            "atleastone_DK_%": 0.05365296803652968,
            "all_correct_%": 0.5833333333333334,
            "all_DK_%": 0.012557077625570776,
            "correct_and_dk_%": 0.0136986301369863,
            "total_correct_%": 0.6582952815829528,
            "total_DK_%": 0.0593607305936073
      }
}