{
      "noprompt": {
            "total_questions": 2628,
            "f1": 0.3931852935656759,
            "correct_and_dk": 7,
            "atleastone_correct": 647,
            "all_correct": 534,
            "total_correct": 1787,
            "exact_match_atleastone_correct": 293,
            "exact_match_all_correct": 108,
            "exact_match_total_correct": 588,
            "atleastone_DK": 25,
            "all_DK": 3,
            "total_DK": 66,
            "atleastone_correct_%": 0.7385844748858448,
            "atleastone_DK_%": 0.028538812785388126,
            "all_correct_%": 0.6095890410958904,
            "all_DK_%": 0.003424657534246575,
            "correct_and_dk_%": 0.007990867579908675,
            "total_correct_%": 0.6799847792998478,
            "total_DK_%": 0.02511415525114155,
            "exact_match_atleastone_correct_%": 0.3344748858447488,
            "exact_match_all_correct_%": 0.1232876712328767,
            "exact_match_total_correct_%": 0.2237442922374429
      },
      "SUM": {
            "total_questions": 876,
            "f1": 0.3738177494704952,
            "correct_and_dk": 3,
            "atleastone_correct": 591,
            "all_correct": 591,
            "total_correct": 591,
            "exact_match_atleastone_correct": 178,
            "exact_match_all_correct": 178,
            "exact_match_total_correct": 178,
            "atleastone_DK": 17,
            "all_DK": 17,
            "total_DK": 34,
            "atleastone_correct_%": 0.6746575342465754,
            "atleastone_DK_%": 0.019406392694063926,
            "all_correct_%": 0.6746575342465754,
            "all_DK_%": 0.019406392694063926,
            "correct_and_dk_%": 0.003424657534246575,
            "total_correct_%": 0.6746575342465754,
            "total_DK_%": 0.03881278538812785,
            "exact_match_atleastone_correct_%": 0.20319634703196346,
            "exact_match_all_correct_%": 0.20319634703196346,
            "exact_match_total_correct_%": 0.20319634703196346
      },
      "SUM_noquestion": {
            "total_questions": 876,
            "f1": 0.3744797821013179,
            "correct_and_dk": 1,
            "atleastone_correct": 589,
            "all_correct": 589,
            "total_correct": 589,
            "exact_match_atleastone_correct": 178,
            "exact_match_all_correct": 178,
            "exact_match_total_correct": 178,
            "atleastone_DK": 15,
            "all_DK": 15,
            "total_DK": 30,
            "atleastone_correct_%": 0.6723744292237442,
            "atleastone_DK_%": 0.017123287671232876,
            "all_correct_%": 0.6723744292237442,
            "all_DK_%": 0.017123287671232876,
            "correct_and_dk_%": 0.001141552511415525,
            "total_correct_%": 0.6723744292237442,
            "total_DK_%": 0.03424657534246575,
            "exact_match_atleastone_correct_%": 0.20319634703196346,
            "exact_match_all_correct_%": 0.20319634703196346,
            "exact_match_total_correct_%": 0.20319634703196346
      },
      "SUM_tatsu": {
            "total_questions": 776,
            "f1": 0.38083558220699293,
            "correct_and_dk": 0,
            "atleastone_correct": 529,
            "all_correct": 529,
            "total_correct": 529,
            "exact_match_atleastone_correct": 166,
            "exact_match_all_correct": 166,
            "exact_match_total_correct": 166,
            "atleastone_DK": 13,
            "all_DK": 13,
            "total_DK": 26,
            "atleastone_correct_%": 0.6817010309278351,
            "atleastone_DK_%": 0.01675257731958763,
            "all_correct_%": 0.6817010309278351,
            "all_DK_%": 0.01675257731958763,
            "correct_and_dk_%": 0.0,
            "total_correct_%": 0.6817010309278351,
            "total_DK_%": 0.03350515463917526,
            "exact_match_atleastone_correct_%": 0.21391752577319587,
            "exact_match_all_correct_%": 0.21391752577319587,
            "exact_match_total_correct_%": 0.21391752577319587
      },
      "dem": {
            "total_questions": 2628,
            "f1": 0.387057653114761,
            "correct_and_dk": 9,
            "atleastone_correct": 640,
            "all_correct": 521,
            "total_correct": 1757,
            "exact_match_atleastone_correct": 290,
            "exact_match_all_correct": 104,
            "exact_match_total_correct": 582,
            "atleastone_DK": 29,
            "all_DK": 7,
            "total_DK": 92,
            "atleastone_correct_%": 0.730593607305936,
            "atleastone_DK_%": 0.033105022831050226,
            "all_correct_%": 0.5947488584474886,
            "all_DK_%": 0.007990867579908675,
            "correct_and_dk_%": 0.010273972602739725,
            "total_correct_%": 0.6685692541856926,
            "total_DK_%": 0.0350076103500761,
            "exact_match_atleastone_correct_%": 0.33105022831050224,
            "exact_match_all_correct_%": 0.1187214611872146,
            "exact_match_total_correct_%": 0.22146118721461186
      },
      "repub": {
            "total_questions": 2628,
            "f1": 0.38017925154157334,
            "correct_and_dk": 12,
            "atleastone_correct": 634,
            "all_correct": 515,
            "total_correct": 1738,
            "exact_match_atleastone_correct": 284,
            "exact_match_all_correct": 101,
            "exact_match_total_correct": 562,
            "atleastone_DK": 42,
            "all_DK": 10,
            "total_DK": 138,
            "atleastone_correct_%": 0.7237442922374429,
            "atleastone_DK_%": 0.04794520547945205,
            "all_correct_%": 0.5878995433789954,
            "all_DK_%": 0.01141552511415525,
            "correct_and_dk_%": 0.0136986301369863,
            "total_correct_%": 0.6613394216133942,
            "total_DK_%": 0.05251141552511415,
            "exact_match_atleastone_correct_%": 0.3242009132420091,
            "exact_match_all_correct_%": 0.11529680365296803,
            "exact_match_total_correct_%": 0.21385083713850836
      }
}