{
      "noprompt": {
            "total_questions": 2628,
            "f1": 1033.2909514905962,
            "correct_and_dk": 7,
            "atleastone_correct": 647,
            "all_correct": 534,
            "total_correct": 1787,
            "exact_match_atleastone_correct": 293,
            "exact_match_all_correct": 108,
            "exact_match_total_correct": 588,
            "atleastone_DK": 25,
            "all_DK": 3,
            "total_DK": 66,
            "atleastone_correct_%": 0.7385844748858448,
            "atleastone_DK_%": 0.028538812785388126,
            "all_correct_%": 0.6095890410958904,
            "all_DK_%": 0.003424657534246575,
            "correct_and_dk_%": 0.007990867579908675,
            "total_correct_%": 0.6799847792998478,
            "total_DK_%": 0.02511415525114155
      },
      "SUM": {
            "total_questions": 876,
            "f1": 326.52387234567755,
            "correct_and_dk": 3,
            "atleastone_correct": 591,
            "all_correct": 591,
            "total_correct": 591,
            "exact_match_atleastone_correct": 177,
            "exact_match_all_correct": 177,
            "exact_match_total_correct": 177,
            "atleastone_DK": 17,
            "all_DK": 17,
            "total_DK": 34,
            "atleastone_correct_%": 0.6746575342465754,
            "atleastone_DK_%": 0.019406392694063926,
            "all_correct_%": 0.6746575342465754,
            "all_DK_%": 0.019406392694063926,
            "correct_and_dk_%": 0.003424657534246575,
            "total_correct_%": 0.6746575342465754,
            "total_DK_%": 0.03881278538812785
      },
      "SUM_noquestion": {
            "total_questions": 876,
            "f1": 327.1395272159926,
            "correct_and_dk": 1,
            "atleastone_correct": 589,
            "all_correct": 589,
            "total_correct": 589,
            "exact_match_atleastone_correct": 177,
            "exact_match_all_correct": 177,
            "exact_match_total_correct": 177,
            "atleastone_DK": 15,
            "all_DK": 15,
            "total_DK": 30,
            "atleastone_correct_%": 0.6723744292237442,
            "atleastone_DK_%": 0.017123287671232876,
            "all_correct_%": 0.6723744292237442,
            "all_DK_%": 0.017123287671232876,
            "correct_and_dk_%": 0.001141552511415525,
            "total_correct_%": 0.6723744292237442,
            "total_DK_%": 0.03424657534246575
      },
      "SUM_tatsu": {
            "total_questions": 776,
            "f1": 294.75063401484874,
            "correct_and_dk": 0,
            "atleastone_correct": 529,
            "all_correct": 529,
            "total_correct": 529,
            "exact_match_atleastone_correct": 165,
            "exact_match_all_correct": 165,
            "exact_match_total_correct": 165,
            "atleastone_DK": 13,
            "all_DK": 13,
            "total_DK": 26,
            "atleastone_correct_%": 0.6817010309278351,
            "atleastone_DK_%": 0.01675257731958763,
            "all_correct_%": 0.6817010309278351,
            "all_DK_%": 0.01675257731958763,
            "correct_and_dk_%": 0.0,
            "total_correct_%": 0.6817010309278351,
            "total_DK_%": 0.03350515463917526
      },
      "dem": {
            "total_questions": 2628,
            "f1": 1018.0597346078139,
            "correct_and_dk": 9,
            "atleastone_correct": 640,
            "all_correct": 521,
            "total_correct": 1757,
            "exact_match_atleastone_correct": 291,
            "exact_match_all_correct": 104,
            "exact_match_total_correct": 583,
            "atleastone_DK": 29,
            "all_DK": 7,
            "total_DK": 92,
            "atleastone_correct_%": 0.730593607305936,
            "atleastone_DK_%": 0.033105022831050226,
            "all_correct_%": 0.5947488584474886,
            "all_DK_%": 0.007990867579908675,
            "correct_and_dk_%": 0.010273972602739725,
            "total_correct_%": 0.6685692541856926,
            "total_DK_%": 0.0350076103500761
      },
      "repub": {
            "total_questions": 2628,
            "f1": 998.6110730512547,
            "correct_and_dk": 12,
            "atleastone_correct": 634,
            "all_correct": 515,
            "total_correct": 1738,
            "exact_match_atleastone_correct": 284,
            "exact_match_all_correct": 100,
            "exact_match_total_correct": 561,
            "atleastone_DK": 42,
            "all_DK": 10,
            "total_DK": 138,
            "atleastone_correct_%": 0.7237442922374429,
            "atleastone_DK_%": 0.04794520547945205,
            "all_correct_%": 0.5878995433789954,
            "all_DK_%": 0.01141552511415525,
            "correct_and_dk_%": 0.0136986301369863,
            "total_correct_%": 0.6613394216133942,
            "total_DK_%": 0.05251141552511415
      }
}