{
      "noprompt": {
            "total_questions": 2628,
            "f1": 1033.2909514905962,
            "correct_and_dk": 7,
            "atleastone_correct": 647,
            "all_correct": 534,
            "total_correct": 1787,
            "exact_match_atleastone_correct": 293,
            "exact_match_all_correct": 108,
            "exact_match_total_correct": 588,
            "atleastone_DK": 25,
            "all_DK": 3,
            "total_DK": 66,
            "atleastone_correct_%": 0.7385844748858448,
            "atleastone_DK_%": 0.028538812785388126,
            "all_correct_%": 0.6095890410958904,
            "all_DK_%": 0.003424657534246575,
            "correct_and_dk_%": 0.007990867579908675,
            "total_correct_%": 0.6799847792998478,
            "total_DK_%": 0.02511415525114155
      },
      "SUM": {
            "total_questions": 876,
            "f1": 291.6631364848597,
            "correct_and_dk": 12,
            "atleastone_correct": 590,
            "all_correct": 590,
            "total_correct": 590,
            "exact_match_atleastone_correct": 151,
            "exact_match_all_correct": 151,
            "exact_match_total_correct": 151,
            "atleastone_DK": 30,
            "all_DK": 30,
            "total_DK": 60,
            "atleastone_correct_%": 0.6735159817351598,
            "atleastone_DK_%": 0.03424657534246575,
            "all_correct_%": 0.6735159817351598,
            "all_DK_%": 0.03424657534246575,
            "correct_and_dk_%": 0.0136986301369863,
            "total_correct_%": 0.6735159817351598,
            "total_DK_%": 0.0684931506849315
      },
      "SUM_noquestion": {
            "total_questions": 876,
            "f1": 295.3729231042561,
            "correct_and_dk": 10,
            "atleastone_correct": 586,
            "all_correct": 586,
            "total_correct": 586,
            "exact_match_atleastone_correct": 151,
            "exact_match_all_correct": 151,
            "exact_match_total_correct": 151,
            "atleastone_DK": 23,
            "all_DK": 23,
            "total_DK": 46,
            "atleastone_correct_%": 0.6689497716894978,
            "atleastone_DK_%": 0.026255707762557076,
            "all_correct_%": 0.6689497716894978,
            "all_DK_%": 0.026255707762557076,
            "correct_and_dk_%": 0.01141552511415525,
            "total_correct_%": 0.6689497716894978,
            "total_DK_%": 0.05251141552511415
      },
      "SUM_tatsu": {
            "total_questions": 776,
            "f1": 268.79519948338304,
            "correct_and_dk": 5,
            "atleastone_correct": 527,
            "all_correct": 527,
            "total_correct": 527,
            "exact_match_atleastone_correct": 140,
            "exact_match_all_correct": 140,
            "exact_match_total_correct": 140,
            "atleastone_DK": 24,
            "all_DK": 24,
            "total_DK": 48,
            "atleastone_correct_%": 0.6791237113402062,
            "atleastone_DK_%": 0.030927835051546393,
            "all_correct_%": 0.6791237113402062,
            "all_DK_%": 0.030927835051546393,
            "correct_and_dk_%": 0.006443298969072165,
            "total_correct_%": 0.6791237113402062,
            "total_DK_%": 0.061855670103092786
      },
      "dem": {
            "total_questions": 2628,
            "f1": 999.2256277228142,
            "correct_and_dk": 15,
            "atleastone_correct": 624,
            "all_correct": 499,
            "total_correct": 1701,
            "exact_match_atleastone_correct": 291,
            "exact_match_all_correct": 106,
            "exact_match_total_correct": 589,
            "atleastone_DK": 54,
            "all_DK": 14,
            "total_DK": 176,
            "atleastone_correct_%": 0.7123287671232876,
            "atleastone_DK_%": 0.06164383561643835,
            "all_correct_%": 0.569634703196347,
            "all_DK_%": 0.01598173515981735,
            "correct_and_dk_%": 0.017123287671232876,
            "total_correct_%": 0.6472602739726028,
            "total_DK_%": 0.0669710806697108
      },
      "repub": {
            "total_questions": 2628,
            "f1": 955.0146946653767,
            "correct_and_dk": 35,
            "atleastone_correct": 619,
            "all_correct": 476,
            "total_correct": 1652,
            "exact_match_atleastone_correct": 280,
            "exact_match_all_correct": 94,
            "exact_match_total_correct": 544,
            "atleastone_DK": 96,
            "all_DK": 20,
            "total_DK": 338,
            "atleastone_correct_%": 0.70662100456621,
            "atleastone_DK_%": 0.1095890410958904,
            "all_correct_%": 0.54337899543379,
            "all_DK_%": 0.0228310502283105,
            "correct_and_dk_%": 0.03995433789954338,
            "total_correct_%": 0.6286149162861492,
            "total_DK_%": 0.12861491628614916
      }
}