{
      "noprompt": {
            "total_questions": 2628,
            "f1": 1033.2909514905962,
            "correct_and_dk": 7,
            "atleastone_correct": 647,
            "all_correct": 534,
            "total_correct": 1787,
            "exact_match_atleastone_correct": 293,
            "exact_match_all_correct": 108,
            "exact_match_total_correct": 588,
            "atleastone_DK": 25,
            "all_DK": 3,
            "total_DK": 66,
            "atleastone_correct_%": 0.7385844748858448,
            "atleastone_DK_%": 0.028538812785388126,
            "all_correct_%": 0.6095890410958904,
            "all_DK_%": 0.003424657534246575,
            "correct_and_dk_%": 0.007990867579908675,
            "total_correct_%": 0.6799847792998478,
            "total_DK_%": 0.02511415525114155
      },
      "SUM": {
            "total_questions": 876,
            "f1": 332.54208228253384,
            "correct_and_dk": 1,
            "atleastone_correct": 592,
            "all_correct": 592,
            "total_correct": 592,
            "exact_match_atleastone_correct": 183,
            "exact_match_all_correct": 183,
            "exact_match_total_correct": 183,
            "atleastone_DK": 13,
            "all_DK": 13,
            "total_DK": 26,
            "atleastone_correct_%": 0.6757990867579908,
            "atleastone_DK_%": 0.014840182648401826,
            "all_correct_%": 0.6757990867579908,
            "all_DK_%": 0.014840182648401826,
            "correct_and_dk_%": 0.001141552511415525,
            "total_correct_%": 0.6757990867579908,
            "total_DK_%": 0.02968036529680365
      },
      "SUM_noquestion": {
            "total_questions": 876,
            "f1": 333.2780663721351,
            "correct_and_dk": 1,
            "atleastone_correct": 592,
            "all_correct": 592,
            "total_correct": 592,
            "exact_match_atleastone_correct": 183,
            "exact_match_all_correct": 183,
            "exact_match_total_correct": 183,
            "atleastone_DK": 15,
            "all_DK": 15,
            "total_DK": 30,
            "atleastone_correct_%": 0.6757990867579908,
            "atleastone_DK_%": 0.017123287671232876,
            "all_correct_%": 0.6757990867579908,
            "all_DK_%": 0.017123287671232876,
            "correct_and_dk_%": 0.001141552511415525,
            "total_correct_%": 0.6757990867579908,
            "total_DK_%": 0.03424657534246575
      },
      "SUM_tatsu": {
            "total_questions": 776,
            "f1": 298.4841795542766,
            "correct_and_dk": 0,
            "atleastone_correct": 530,
            "all_correct": 530,
            "total_correct": 530,
            "exact_match_atleastone_correct": 170,
            "exact_match_all_correct": 170,
            "exact_match_total_correct": 170,
            "atleastone_DK": 13,
            "all_DK": 13,
            "total_DK": 26,
            "atleastone_correct_%": 0.6829896907216495,
            "atleastone_DK_%": 0.01675257731958763,
            "all_correct_%": 0.6829896907216495,
            "all_DK_%": 0.01675257731958763,
            "correct_and_dk_%": 0.0,
            "total_correct_%": 0.6829896907216495,
            "total_DK_%": 0.03350515463917526
      },
      "dem": {
            "total_questions": 2628,
            "f1": 1022.0085580066374,
            "correct_and_dk": 8,
            "atleastone_correct": 642,
            "all_correct": 524,
            "total_correct": 1765,
            "exact_match_atleastone_correct": 291,
            "exact_match_all_correct": 106,
            "exact_match_total_correct": 586,
            "atleastone_DK": 27,
            "all_DK": 6,
            "total_DK": 82,
            "atleastone_correct_%": 0.732876712328767,
            "atleastone_DK_%": 0.030821917808219176,
            "all_correct_%": 0.5981735159817352,
            "all_DK_%": 0.00684931506849315,
            "correct_and_dk_%": 0.0091324200913242,
            "total_correct_%": 0.671613394216134,
            "total_DK_%": 0.03120243531202435
      },
      "repub": {
            "total_questions": 2628,
            "f1": 1015.3511662913479,
            "correct_and_dk": 11,
            "atleastone_correct": 640,
            "all_correct": 523,
            "total_correct": 1760,
            "exact_match_atleastone_correct": 288,
            "exact_match_all_correct": 106,
            "exact_match_total_correct": 577,
            "atleastone_DK": 34,
            "all_DK": 5,
            "total_DK": 98,
            "atleastone_correct_%": 0.730593607305936,
            "atleastone_DK_%": 0.03881278538812785,
            "all_correct_%": 0.5970319634703196,
            "all_DK_%": 0.005707762557077625,
            "correct_and_dk_%": 0.012557077625570776,
            "total_correct_%": 0.669710806697108,
            "total_DK_%": 0.03729071537290715
      }
}