{
      "noprompt": {
            "total_questions": 2628,
            "f1": 1033.2909514905962,
            "correct_and_dk": 7,
            "atleastone_correct": 647,
            "all_correct": 534,
            "total_correct": 1787,
            "exact_match_atleastone_correct": 293,
            "exact_match_all_correct": 108,
            "exact_match_total_correct": 588,
            "atleastone_DK": 25,
            "all_DK": 3,
            "total_DK": 66,
            "atleastone_correct_%": 0.7385844748858448,
            "atleastone_DK_%": 0.028538812785388126,
            "all_correct_%": 0.6095890410958904,
            "all_DK_%": 0.003424657534246575,
            "correct_and_dk_%": 0.007990867579908675,
            "total_correct_%": 0.6799847792998478,
            "total_DK_%": 0.02511415525114155
      },
      "SUM": {
            "total_questions": 876,
            "f1": 305.2201651878318,
            "correct_and_dk": 10,
            "atleastone_correct": 590,
            "all_correct": 590,
            "total_correct": 590,
            "exact_match_atleastone_correct": 162,
            "exact_match_all_correct": 162,
            "exact_match_total_correct": 162,
            "atleastone_DK": 27,
            "all_DK": 27,
            "total_DK": 54,
            "atleastone_correct_%": 0.6735159817351598,
            "atleastone_DK_%": 0.030821917808219176,
            "all_correct_%": 0.6735159817351598,
            "all_DK_%": 0.030821917808219176,
            "correct_and_dk_%": 0.01141552511415525,
            "total_correct_%": 0.6735159817351598,
            "total_DK_%": 0.06164383561643835
      },
      "SUM_noquestion": {
            "total_questions": 876,
            "f1": 307.42158801239054,
            "correct_and_dk": 8,
            "atleastone_correct": 587,
            "all_correct": 587,
            "total_correct": 587,
            "exact_match_atleastone_correct": 162,
            "exact_match_all_correct": 162,
            "exact_match_total_correct": 162,
            "atleastone_DK": 22,
            "all_DK": 22,
            "total_DK": 44,
            "atleastone_correct_%": 0.6700913242009132,
            "atleastone_DK_%": 0.02511415525114155,
            "all_correct_%": 0.6700913242009132,
            "all_DK_%": 0.02511415525114155,
            "correct_and_dk_%": 0.0091324200913242,
            "total_correct_%": 0.6700913242009132,
            "total_DK_%": 0.0502283105022831
      },
      "SUM_tatsu": {
            "total_questions": 776,
            "f1": 278.7334440068497,
            "correct_and_dk": 4,
            "atleastone_correct": 527,
            "all_correct": 527,
            "total_correct": 527,
            "exact_match_atleastone_correct": 151,
            "exact_match_all_correct": 151,
            "exact_match_total_correct": 151,
            "atleastone_DK": 22,
            "all_DK": 22,
            "total_DK": 44,
            "atleastone_correct_%": 0.6791237113402062,
            "atleastone_DK_%": 0.028350515463917526,
            "all_correct_%": 0.6791237113402062,
            "all_DK_%": 0.028350515463917526,
            "correct_and_dk_%": 0.005154639175257732,
            "total_correct_%": 0.6791237113402062,
            "total_DK_%": 0.05670103092783505
      },
      "dem": {
            "total_questions": 2628,
            "f1": 1006.1486202262247,
            "correct_and_dk": 13,
            "atleastone_correct": 630,
            "all_correct": 507,
            "total_correct": 1720,
            "exact_match_atleastone_correct": 291,
            "exact_match_all_correct": 105,
            "exact_match_total_correct": 588,
            "atleastone_DK": 46,
            "all_DK": 10,
            "total_DK": 144,
            "atleastone_correct_%": 0.7191780821917808,
            "atleastone_DK_%": 0.05251141552511415,
            "all_correct_%": 0.5787671232876712,
            "all_DK_%": 0.01141552511415525,
            "correct_and_dk_%": 0.014840182648401826,
            "total_correct_%": 0.654490106544901,
            "total_DK_%": 0.0547945205479452
      },
      "repub": {
            "total_questions": 2628,
            "f1": 967.6203490962316,
            "correct_and_dk": 26,
            "atleastone_correct": 624,
            "all_correct": 491,
            "total_correct": 1685,
            "exact_match_atleastone_correct": 279,
            "exact_match_all_correct": 95,
            "exact_match_total_correct": 547,
            "atleastone_DK": 77,
            "all_DK": 14,
            "total_DK": 262,
            "atleastone_correct_%": 0.7123287671232876,
            "atleastone_DK_%": 0.08789954337899543,
            "all_correct_%": 0.5605022831050228,
            "all_DK_%": 0.01598173515981735,
            "correct_and_dk_%": 0.02968036529680365,
            "total_correct_%": 0.64117199391172,
            "total_DK_%": 0.09969558599695585
      }
}