{
      "noprompt": {
            "total_questions": 2628,
            "f1": 1033.2909514905962,
            "correct_and_dk": 7,
            "atleastone_correct": 647,
            "all_correct": 534,
            "total_correct": 1787,
            "exact_match_atleastone_correct": 293,
            "exact_match_all_correct": 108,
            "exact_match_total_correct": 588,
            "atleastone_DK": 25,
            "all_DK": 3,
            "total_DK": 66,
            "atleastone_correct_%": 0.7385844748858448,
            "atleastone_DK_%": 0.028538812785388126,
            "all_correct_%": 0.6095890410958904,
            "all_DK_%": 0.003424657534246575,
            "correct_and_dk_%": 0.007990867579908675,
            "total_correct_%": 0.6799847792998478,
            "total_DK_%": 0.02511415525114155
      },
      "SUM": {
            "total_questions": 876,
            "f1": 296.08873383119504,
            "correct_and_dk": 11,
            "atleastone_correct": 590,
            "all_correct": 590,
            "total_correct": 590,
            "exact_match_atleastone_correct": 155,
            "exact_match_all_correct": 155,
            "exact_match_total_correct": 155,
            "atleastone_DK": 28,
            "all_DK": 28,
            "total_DK": 56,
            "atleastone_correct_%": 0.6735159817351598,
            "atleastone_DK_%": 0.0319634703196347,
            "all_correct_%": 0.6735159817351598,
            "all_DK_%": 0.0319634703196347,
            "correct_and_dk_%": 0.012557077625570776,
            "total_correct_%": 0.6735159817351598,
            "total_DK_%": 0.0639269406392694
      },
      "SUM_noquestion": {
            "total_questions": 876,
            "f1": 299.75554342511157,
            "correct_and_dk": 10,
            "atleastone_correct": 588,
            "all_correct": 588,
            "total_correct": 588,
            "exact_match_atleastone_correct": 155,
            "exact_match_all_correct": 155,
            "exact_match_total_correct": 155,
            "atleastone_DK": 23,
            "all_DK": 23,
            "total_DK": 46,
            "atleastone_correct_%": 0.6712328767123288,
            "atleastone_DK_%": 0.026255707762557076,
            "all_correct_%": 0.6712328767123288,
            "all_DK_%": 0.026255707762557076,
            "correct_and_dk_%": 0.01141552511415525,
            "total_correct_%": 0.6712328767123288,
            "total_DK_%": 0.05251141552511415
      },
      "SUM_tatsu": {
            "total_questions": 776,
            "f1": 272.3796731675936,
            "correct_and_dk": 5,
            "atleastone_correct": 527,
            "all_correct": 527,
            "total_correct": 527,
            "exact_match_atleastone_correct": 144,
            "exact_match_all_correct": 144,
            "exact_match_total_correct": 144,
            "atleastone_DK": 22,
            "all_DK": 22,
            "total_DK": 44,
            "atleastone_correct_%": 0.6791237113402062,
            "atleastone_DK_%": 0.028350515463917526,
            "all_correct_%": 0.6791237113402062,
            "all_DK_%": 0.028350515463917526,
            "correct_and_dk_%": 0.006443298969072165,
            "total_correct_%": 0.6791237113402062,
            "total_DK_%": 0.05670103092783505
      },
      "dem": {
            "total_questions": 2628,
            "f1": 1002.7101187873053,
            "correct_and_dk": 15,
            "atleastone_correct": 628,
            "all_correct": 503,
            "total_correct": 1712,
            "exact_match_atleastone_correct": 291,
            "exact_match_all_correct": 106,
            "exact_match_total_correct": 589,
            "atleastone_DK": 50,
            "all_DK": 11,
            "total_DK": 158,
            "atleastone_correct_%": 0.7168949771689497,
            "atleastone_DK_%": 0.05707762557077625,
            "all_correct_%": 0.5742009132420092,
            "all_DK_%": 0.012557077625570776,
            "correct_and_dk_%": 0.017123287671232876,
            "total_correct_%": 0.6514459665144596,
            "total_DK_%": 0.06012176560121765
      },
      "repub": {
            "total_questions": 2628,
            "f1": 960.3783465690286,
            "correct_and_dk": 31,
            "atleastone_correct": 621,
            "all_correct": 482,
            "total_correct": 1664,
            "exact_match_atleastone_correct": 280,
            "exact_match_all_correct": 95,
            "exact_match_total_correct": 546,
            "atleastone_DK": 90,
            "all_DK": 17,
            "total_DK": 310,
            "atleastone_correct_%": 0.7089041095890412,
            "atleastone_DK_%": 0.10273972602739725,
            "all_correct_%": 0.550228310502283,
            "all_DK_%": 0.019406392694063926,
            "correct_and_dk_%": 0.03538812785388128,
            "total_correct_%": 0.6331811263318112,
            "total_DK_%": 0.11796042617960426
      }
}