{
      "noprompt": {
            "total_questions": 2628,
            "f1": 1033.2909514905962,
            "correct_and_dk": 7,
            "atleastone_correct": 647,
            "all_correct": 534,
            "total_correct": 1787,
            "exact_match_atleastone_correct": 293,
            "exact_match_all_correct": 108,
            "exact_match_total_correct": 588,
            "atleastone_DK": 25,
            "all_DK": 3,
            "total_DK": 66,
            "atleastone_correct_%": 0.7385844748858448,
            "atleastone_DK_%": 0.028538812785388126,
            "all_correct_%": 0.6095890410958904,
            "all_DK_%": 0.003424657534246575,
            "correct_and_dk_%": 0.007990867579908675,
            "total_correct_%": 0.6799847792998478,
            "total_DK_%": 0.02511415525114155
      },
      "SUM": {
            "total_questions": 876,
            "f1": 295.9978247402859,
            "correct_and_dk": 11,
            "atleastone_correct": 590,
            "all_correct": 590,
            "total_correct": 590,
            "exact_match_atleastone_correct": 155,
            "exact_match_all_correct": 155,
            "exact_match_total_correct": 155,
            "atleastone_DK": 28,
            "all_DK": 28,
            "total_DK": 56,
            "atleastone_correct_%": 0.6735159817351598,
            "atleastone_DK_%": 0.0319634703196347,
            "all_correct_%": 0.6735159817351598,
            "all_DK_%": 0.0319634703196347,
            "correct_and_dk_%": 0.012557077625570776,
            "total_correct_%": 0.6735159817351598,
            "total_DK_%": 0.0639269406392694
      },
      "SUM_noquestion": {
            "total_questions": 876,
            "f1": 299.63254877270515,
            "correct_and_dk": 10,
            "atleastone_correct": 588,
            "all_correct": 588,
            "total_correct": 588,
            "exact_match_atleastone_correct": 155,
            "exact_match_all_correct": 155,
            "exact_match_total_correct": 155,
            "atleastone_DK": 23,
            "all_DK": 23,
            "total_DK": 46,
            "atleastone_correct_%": 0.6712328767123288,
            "atleastone_DK_%": 0.026255707762557076,
            "all_correct_%": 0.6712328767123288,
            "all_DK_%": 0.026255707762557076,
            "correct_and_dk_%": 0.01141552511415525,
            "total_correct_%": 0.6712328767123288,
            "total_DK_%": 0.05251141552511415
      },
      "SUM_tatsu": {
            "total_questions": 776,
            "f1": 272.3796731675936,
            "correct_and_dk": 5,
            "atleastone_correct": 527,
            "all_correct": 527,
            "total_correct": 527,
            "exact_match_atleastone_correct": 144,
            "exact_match_all_correct": 144,
            "exact_match_total_correct": 144,
            "atleastone_DK": 22,
            "all_DK": 22,
            "total_DK": 44,
            "atleastone_correct_%": 0.6791237113402062,
            "atleastone_DK_%": 0.028350515463917526,
            "all_correct_%": 0.6791237113402062,
            "all_DK_%": 0.028350515463917526,
            "correct_and_dk_%": 0.006443298969072165,
            "total_correct_%": 0.6791237113402062,
            "total_DK_%": 0.05670103092783505
      },
      "dem": {
            "total_questions": 2628,
            "f1": 1002.5434521206387,
            "correct_and_dk": 15,
            "atleastone_correct": 628,
            "all_correct": 502,
            "total_correct": 1711,
            "exact_match_atleastone_correct": 291,
            "exact_match_all_correct": 106,
            "exact_match_total_correct": 589,
            "atleastone_DK": 50,
            "all_DK": 11,
            "total_DK": 158,
            "atleastone_correct_%": 0.7168949771689497,
            "atleastone_DK_%": 0.05707762557077625,
            "all_correct_%": 0.5730593607305936,
            "all_DK_%": 0.012557077625570776,
            "correct_and_dk_%": 0.017123287671232876,
            "total_correct_%": 0.6510654490106544,
            "total_DK_%": 0.06012176560121765
      },
      "repub": {
            "total_questions": 2628,
            "f1": 960.211679902362,
            "correct_and_dk": 32,
            "atleastone_correct": 621,
            "all_correct": 481,
            "total_correct": 1663,
            "exact_match_atleastone_correct": 280,
            "exact_match_all_correct": 95,
            "exact_match_total_correct": 546,
            "atleastone_DK": 91,
            "all_DK": 17,
            "total_DK": 312,
            "atleastone_correct_%": 0.7089041095890412,
            "atleastone_DK_%": 0.10388127853881278,
            "all_correct_%": 0.5490867579908676,
            "all_DK_%": 0.019406392694063926,
            "correct_and_dk_%": 0.0365296803652968,
            "total_correct_%": 0.632800608828006,
            "total_DK_%": 0.1187214611872146
      }
}