{
      "noprompt": {
            "total_questions": 2628,
            "f1": 1033.2909514905962,
            "correct_and_dk": 7,
            "atleastone_correct": 647,
            "all_correct": 534,
            "total_correct": 1787,
            "exact_match_atleastone_correct": 293,
            "exact_match_all_correct": 108,
            "exact_match_total_correct": 588,
            "atleastone_DK": 25,
            "all_DK": 3,
            "total_DK": 66,
            "atleastone_correct_%": 0.7385844748858448,
            "atleastone_DK_%": 0.028538812785388126,
            "all_correct_%": 0.6095890410958904,
            "all_DK_%": 0.003424657534246575,
            "correct_and_dk_%": 0.007990867579908675,
            "total_correct_%": 0.6799847792998478,
            "total_DK_%": 0.02511415525114155
      },
      "SUM": {
            "total_questions": 876,
            "f1": 316.55671783859066,
            "correct_and_dk": 4,
            "atleastone_correct": 592,
            "all_correct": 592,
            "total_correct": 592,
            "exact_match_atleastone_correct": 170,
            "exact_match_all_correct": 170,
            "exact_match_total_correct": 170,
            "atleastone_DK": 20,
            "all_DK": 20,
            "total_DK": 40,
            "atleastone_correct_%": 0.6757990867579908,
            "atleastone_DK_%": 0.0228310502283105,
            "all_correct_%": 0.6757990867579908,
            "all_DK_%": 0.0228310502283105,
            "correct_and_dk_%": 0.0045662100456621,
            "total_correct_%": 0.6757990867579908,
            "total_DK_%": 0.045662100456621
      },
      "SUM_noquestion": {
            "total_questions": 876,
            "f1": 318.0387632853098,
            "correct_and_dk": 2,
            "atleastone_correct": 589,
            "all_correct": 589,
            "total_correct": 589,
            "exact_match_atleastone_correct": 170,
            "exact_match_all_correct": 170,
            "exact_match_total_correct": 170,
            "atleastone_DK": 17,
            "all_DK": 17,
            "total_DK": 34,
            "atleastone_correct_%": 0.6723744292237442,
            "atleastone_DK_%": 0.019406392694063926,
            "all_correct_%": 0.6723744292237442,
            "all_DK_%": 0.019406392694063926,
            "correct_and_dk_%": 0.00228310502283105,
            "total_correct_%": 0.6723744292237442,
            "total_DK_%": 0.03881278538812785
      },
      "SUM_tatsu": {
            "total_questions": 776,
            "f1": 286.3813945137038,
            "correct_and_dk": 3,
            "atleastone_correct": 530,
            "all_correct": 530,
            "total_correct": 530,
            "exact_match_atleastone_correct": 158,
            "exact_match_all_correct": 158,
            "exact_match_total_correct": 158,
            "atleastone_DK": 18,
            "all_DK": 18,
            "total_DK": 36,
            "atleastone_correct_%": 0.6829896907216495,
            "atleastone_DK_%": 0.023195876288659795,
            "all_correct_%": 0.6829896907216495,
            "all_DK_%": 0.023195876288659795,
            "correct_and_dk_%": 0.003865979381443299,
            "total_correct_%": 0.6829896907216495,
            "total_DK_%": 0.04639175257731959
      },
      "dem": {
            "total_questions": 2628,
            "f1": 1019.2736967894233,
            "correct_and_dk": 11,
            "atleastone_correct": 639,
            "all_correct": 514,
            "total_correct": 1746,
            "exact_match_atleastone_correct": 294,
            "exact_match_all_correct": 107,
            "exact_match_total_correct": 594,
            "atleastone_DK": 36,
            "all_DK": 9,
            "total_DK": 114,
            "atleastone_correct_%": 0.7294520547945206,
            "atleastone_DK_%": 0.0410958904109589,
            "all_correct_%": 0.5867579908675798,
            "all_DK_%": 0.010273972602739725,
            "correct_and_dk_%": 0.012557077625570776,
            "total_correct_%": 0.6643835616438356,
            "total_DK_%": 0.04337899543378995
      },
      "repub": {
            "total_questions": 2628,
            "f1": 988.1726309378125,
            "correct_and_dk": 13,
            "atleastone_correct": 631,
            "all_correct": 505,
            "total_correct": 1721,
            "exact_match_atleastone_correct": 284,
            "exact_match_all_correct": 99,
            "exact_match_total_correct": 559,
            "atleastone_DK": 53,
            "all_DK": 12,
            "total_DK": 178,
            "atleastone_correct_%": 0.7203196347031964,
            "atleastone_DK_%": 0.06050228310502283,
            "all_correct_%": 0.5764840182648402,
            "all_DK_%": 0.0136986301369863,
            "correct_and_dk_%": 0.014840182648401826,
            "total_correct_%": 0.6548706240487062,
            "total_DK_%": 0.06773211567732115
      }
}