{
      "noprompt": {
            "total_questions": 2628,
            "f1": 0.3931852935656759,
            "correct_and_dk": 7,
            "atleastone_correct": 647,
            "all_correct": 534,
            "total_correct": 1787,
            "exact_match_atleastone_correct": 293,
            "exact_match_all_correct": 108,
            "exact_match_total_correct": 588,
            "atleastone_DK": 25,
            "all_DK": 3,
            "total_DK": 66,
            "atleastone_correct_%": 0.7385844748858448,
            "atleastone_DK_%": 0.028538812785388126,
            "all_correct_%": 0.6095890410958904,
            "all_DK_%": 0.003424657534246575,
            "correct_and_dk_%": 0.007990867579908675,
            "total_correct_%": 0.6799847792998478,
            "total_DK_%": 0.02511415525114155,
            "exact_match_atleastone_correct_%": 0.3344748858447488,
            "exact_match_all_correct_%": 0.1232876712328767,
            "exact_match_total_correct_%": 0.2237442922374429
      },
      "SUM": {
            "total_questions": 876,
            "f1": 0.37177171289249517,
            "correct_and_dk": 4,
            "atleastone_correct": 591,
            "all_correct": 591,
            "total_correct": 591,
            "exact_match_atleastone_correct": 176,
            "exact_match_all_correct": 176,
            "exact_match_total_correct": 176,
            "atleastone_DK": 18,
            "all_DK": 18,
            "total_DK": 36,
            "atleastone_correct_%": 0.6746575342465754,
            "atleastone_DK_%": 0.02054794520547945,
            "all_correct_%": 0.6746575342465754,
            "all_DK_%": 0.02054794520547945,
            "correct_and_dk_%": 0.0045662100456621,
            "total_correct_%": 0.6746575342465754,
            "total_DK_%": 0.0410958904109589,
            "exact_match_atleastone_correct_%": 0.2009132420091324,
            "exact_match_all_correct_%": 0.2009132420091324,
            "exact_match_total_correct_%": 0.2009132420091324
      },
      "SUM_noquestion": {
            "total_questions": 876,
            "f1": 0.37246285188410433,
            "correct_and_dk": 1,
            "atleastone_correct": 589,
            "all_correct": 589,
            "total_correct": 589,
            "exact_match_atleastone_correct": 176,
            "exact_match_all_correct": 176,
            "exact_match_total_correct": 176,
            "atleastone_DK": 15,
            "all_DK": 15,
            "total_DK": 30,
            "atleastone_correct_%": 0.6723744292237442,
            "atleastone_DK_%": 0.017123287671232876,
            "all_correct_%": 0.6723744292237442,
            "all_DK_%": 0.017123287671232876,
            "correct_and_dk_%": 0.001141552511415525,
            "total_correct_%": 0.6723744292237442,
            "total_DK_%": 0.03424657534246575,
            "exact_match_atleastone_correct_%": 0.2009132420091324,
            "exact_match_all_correct_%": 0.2009132420091324,
            "exact_match_total_correct_%": 0.2009132420091324
      },
      "SUM_tatsu": {
            "total_questions": 776,
            "f1": 0.37876874620918427,
            "correct_and_dk": 1,
            "atleastone_correct": 529,
            "all_correct": 529,
            "total_correct": 529,
            "exact_match_atleastone_correct": 164,
            "exact_match_all_correct": 164,
            "exact_match_total_correct": 164,
            "atleastone_DK": 14,
            "all_DK": 14,
            "total_DK": 28,
            "atleastone_correct_%": 0.6817010309278351,
            "atleastone_DK_%": 0.01804123711340206,
            "all_correct_%": 0.6817010309278351,
            "all_DK_%": 0.01804123711340206,
            "correct_and_dk_%": 0.001288659793814433,
            "total_correct_%": 0.6817010309278351,
            "total_DK_%": 0.03608247422680412,
            "exact_match_atleastone_correct_%": 0.211340206185567,
            "exact_match_all_correct_%": 0.211340206185567,
            "exact_match_total_correct_%": 0.211340206185567
      },
      "dem": {
            "total_questions": 2628,
            "f1": 0.3872808296507228,
            "correct_and_dk": 9,
            "atleastone_correct": 640,
            "all_correct": 520,
            "total_correct": 1756,
            "exact_match_atleastone_correct": 291,
            "exact_match_all_correct": 104,
            "exact_match_total_correct": 583,
            "atleastone_DK": 29,
            "all_DK": 7,
            "total_DK": 92,
            "atleastone_correct_%": 0.730593607305936,
            "atleastone_DK_%": 0.033105022831050226,
            "all_correct_%": 0.593607305936073,
            "all_DK_%": 0.007990867579908675,
            "correct_and_dk_%": 0.010273972602739725,
            "total_correct_%": 0.6681887366818874,
            "total_DK_%": 0.0350076103500761,
            "exact_match_atleastone_correct_%": 0.3321917808219178,
            "exact_match_all_correct_%": 0.1187214611872146,
            "exact_match_total_correct_%": 0.22184170471841705
      },
      "repub": {
            "total_questions": 2628,
            "f1": 0.3791192384952589,
            "correct_and_dk": 12,
            "atleastone_correct": 633,
            "all_correct": 514,
            "total_correct": 1735,
            "exact_match_atleastone_correct": 283,
            "exact_match_all_correct": 100,
            "exact_match_total_correct": 559,
            "atleastone_DK": 43,
            "all_DK": 10,
            "total_DK": 142,
            "atleastone_correct_%": 0.7226027397260274,
            "atleastone_DK_%": 0.04908675799086758,
            "all_correct_%": 0.5867579908675798,
            "all_DK_%": 0.01141552511415525,
            "correct_and_dk_%": 0.0136986301369863,
            "total_correct_%": 0.6601978691019786,
            "total_DK_%": 0.05403348554033485,
            "exact_match_atleastone_correct_%": 0.3230593607305936,
            "exact_match_all_correct_%": 0.1141552511415525,
            "exact_match_total_correct_%": 0.21270928462709285
      }
}